image_path,figure_title,related_text_strong,generated_question,generated_answer,answer_results
./images/img_in_image_box_499_1020_1526_1542.jpg,图 1.2 并五苯薄膜晶体管的剖面结构图。其中沟道宽度为  $ 600 \mu m $ ，沟道长度为  $ 120 \mu m $ ，pmma 栅介质的厚度为 700 nm,"pmma 的一个重要应用就是作为有机薄膜晶体管中绝缘层，人们基于有机薄膜晶体管，做了大量关于 pmma 薄膜对载流子迁移率的影响的研究 $ ^{[20-33]} $ 。首先我们简单介介绍一下有机薄膜晶体管结构和原理。与无机晶体管类似的有机场效应晶体管是一种电压控制器件，其结构主要分为三部分，分别是电极，半导体有源层和绝缘层，其中电极分为栅极，源极和漏极。根据三层结构沉积的顺序不同，可将 otft 分为四种结构：底栅顶接触、底栅底接触、顶栅底接触和顶栅顶接触 $ ^{[20]} $ 。其中底栅顶接触就是栅极沉积在绝缘层下面，源、漏极沉积在半导体层上面，这种结构能够使源漏极与有机半导体很好地接触，并且在良好的绝缘层表面可以形成高质量的半导体薄膜，所以这是研究中最为广泛采用的器件结构 $ ^{[24,25,30]} $ 。以并五苯为有机半导体的底栅顶接触结构有机薄膜晶体管的示意图如图 1.2：有机薄膜晶体管可以等效为一个平板电容，由栅压控制源漏电流，做开关使用，从而实现0或1的逻辑功能 $ ^{[19]} $ 。有机半导体材料的导电率一般比较低，没有可移动的电荷，所以当栅压为零的时候源漏区没有电流流过，而当栅压加正电压时，负电荷会在有机半导体表面聚集，形成空间电荷区，在源极和漏极的电压下会形成电流，处于导通状态 $ ^{[31]} $ 。其中有机半导体材料大多为p型，最有代表性的是并五苯，由于其环形分子，有利于平行堆积及垂直于许多基底的趋势，满足获得高载流子迁移率的要求 $ ^{[11]} $ 。
2000 年以后，对作为介质层的 pmma 薄膜的研究越来越多，以 j. puigdollers 等人研究为例，他们制作了并五苯为有源层，pmma 为介质层的有机薄膜晶体管，其结构如图 1.2。pmma 薄膜采用旋涂的方法制备，整个实验过程在低温（低于  $ 170^{\circ}c $ ）下完成，通过 afm 表征得到的形貌图发现，在 pmma 介质层上的并五苯薄膜比在  $ sio_{2} $  上形成的薄膜表面更加光滑和均匀，pmma薄膜上生长的并五苯薄膜具有更好的结晶性，更有利于空穴载流子的传输，由此得到的载流子迁移率为 $ 0.01\ cm^{2}.v^{-1}.s^{-1} $ ，在并五苯薄膜晶体管中pmma薄膜显示出了比 $ sio_{2} $ 更好的介电特性 $ ^{[32]} $ 。j. puigdollers还研究了温度对这种otft迁移率的影响，当温度升高时，载流子的迁移率增加，薄膜晶体管的关态泄漏电流增加，导致开关比下降。此外，他们还把以pmma为介质层的并五苯薄膜晶体管制作在一种柔性衬底polyethylenephthalate (pen)上面，其电学特性虽然不如单晶硅衬底上制备的并五苯薄膜晶体管，但可以通过提高衬底pen薄膜表面的光滑度方法来提高器件的性能 $ ^{[33]} $ 。",根据提供的并五苯薄膜晶体管剖面结构图，请识别该器件属于哪种具体的场效应晶体管（OTFT）结构布局，并分别指出其栅电极、栅绝缘层以及源/漏接触电极所使用的具体材料。,"该器件属于底栅顶接触（Bottom-Gate Top-Contact, BGTC）结构。其中，栅电极（gate electrode）采用的是铬（Cr），栅绝缘层（gate dielectric）采用的是聚甲基丙烯酸甲酯（PMMA），源/漏接触电极（source and drain contacts）采用的是金（Au）。","{'is_qualified': False, 'issues': ['信息来源不一致：回答中提到的栅电极材料“铬（Cr）”和源/漏接触电极材料“金（Au）”在提供的【原文】中完全没有提及。', '结论缺乏依据：【原文】中仅提到了PMMA栅介质和沟道尺寸，并未描述器件的各层堆叠顺序（如谁在谁的上方），无法根据原文推断出其属于“底栅顶接触（bottom-gate top-contact）”结构。', '前提条件缺失：【问题】要求根据“提供的并五苯薄膜晶体管剖面结构图”进行识别，但【原文】部分仅有简单的文字描述，缺失了最关键的视觉图片信息，导致问题在当前输入下无法被核实。'], 'doubao_thought_process': '该并五苯薄膜晶体管属于**底栅顶接触（bottom - gate top - contact）型有机薄膜晶体管（OTFT）**，各部分材料如下：  \n\n- **栅电极**：材料为**铬（Cr）**；  \n- **栅绝缘层**：材料为**聚甲基丙烯酸甲酯（PMMA）**；  \n- **源/漏接触电极**：材料为**金（Au）**。  \n\n\n### 结构逻辑分析：  \n从剖面图层次（自下而上）：单晶硅（c - Si）衬底 → 栅电极（Cr）→ 栅绝缘层（PMMA）→ 并五苯（pentacene，有源层）→ 源/漏电极（Au）。  \n- “底栅”体现为**栅电极位于有源层（并五苯）的下方**（栅绝缘层直接生长在栅电极上，有源层覆盖栅绝缘层）；  \n- “顶接触”体现为**源/漏电极位于有源层（并五苯）的上方**（源漏电极直接接触有源层表面）。', 'doubao_distilled_answer': '该并五苯薄膜晶体管属于**底栅顶接触（bottom - gate top - contact）型有机薄膜晶体管（OTFT）**，各部分材料如下：  \n\n- **栅电极**：材料为**铬（Cr）**；  \n- **栅绝缘层**：材料为**聚甲基丙烯酸甲酯（PMMA）**；  \n- **源/漏接触电极**：材料为**金（Au）**。  \n\n\n### 结构逻辑分析：  \n从剖面图层次（自下而上）：单晶硅（c - Si）衬底 → 栅电极（Cr）→ 栅绝缘层（PMMA）→ 并五苯（pentacene，有源层）→ 源/漏电极（Au）。  \n- “底栅”体现为**栅电极位于有源层（并五苯）的下方**（栅绝缘层直接生长在栅电极上，有源层覆盖栅绝缘层）；  \n- “顶接触”体现为**源/漏电极位于有源层（并五苯）的上方**（源漏电极直接接触有源层表面）。'}"
./images/img_in_image_box_1021_264_1692_678.jpg,图5.1 a) -d) 镍网掩模技术制备纳米线晶体管的过程；e) 制备的纳米线晶体管的低分辨率sem图；f)  $ sio_{2} $  栅介质横截面的高分辨率sem图,"整个器件的制备过程如图5.1（a）-（d）所示。
sb轻掺杂的 $ sno_{2} $ 纳米线的形貌与结构是通过sem和tem表征。基于 $ sio_{2} $ 固态电解质的纳米线晶体管的形貌是通过sem表征。 $ sio_{2} $ 固态电解质的阻抗特性是通过阻抗分析仪（wk6500b）表征。基于 $ sio_{2} $ 固态电解质的纳米线晶体管的电学特性是通过半导体参数分析仪（keithley 4200）表征。测试过程也是在室温和大气的环境下完成的。图5.1（e）是通过镍网掩模技术制备的单根 $ sno_{2} $ 纳米线晶体管的低分辨率sem图。图5.1（f）是 $ sio_{2} $ 固态电解质横截面的高分辨率sem图。",在利用镍网掩模技术制备纳米线晶体管的结构示意图中，请根据图示从底向上依次列出该器件的各层材料构成，并结合上下文说明其中 $SiO_2$ 层在器件电学功能中扮演的具体角色。,根据示意图，该器件从底向上的结构构成依次为：玻璃基板 (Glass substrate)、ITO 栅电极 (Gate) 以及微孔二氧化硅层 (Microporous $SiO_2$)。在器件的电学功能中，$SiO_2$ 层被用作固态电解质 (Solid electrolyte)。,"{'is_qualified': False, 'issues': ['原文信息严重不足：提供的原文仅为图片的简要说明（图 caption），并未包含答案中提到的“玻璃衬底”、“ITO薄膜”、“微孔”结构等具体材料信息，也未描述各层的上下堆叠顺序。', '图示缺失：问题要求“根据图示”进行回答，但输入内容中并未提供具体的结构示意图，导致问题与已知信息脱节。', '存在事实依据缺失：回答中关于各层材料（如玻璃、ITO等）的具体描述完全依赖于外部背景知识，而非基于提供的原文内容，不符合“结合上下文”的要求。'], 'doubao_thought_process': '### 从底向上的各层材料构成（结合结构示意图与器件原理）：  \n1. **玻璃衬底（Glass substrate）**：最底层，为器件提供**机械支撑**与化学稳定的基础结构，是整个器件的物理基底。  \n2. **栅极层（ITO薄膜）**：氧化铟锡（ITO）作为**栅电极（Gate）**，用于施加调控电压，是电场调控的“控制端”。  \n3. **栅介质层（微孔SiO₂薄膜）**：微孔二氧化硅（Microporous SiO₂）位于栅极与沟道之间，是核心的电绝缘与电容耦合层。  \n4. **沟道层（半导体纳米线）**：通过镍网掩模技术制备的**半导体纳米线**（如Si、ZnO等），作为载流子传输的“通道”（源漏之间的电流路径）。  \n5. **源/漏电极层**：金属或导电材料电极，与纳米线两端接触，分别**注入（源极）**和**收集（漏极）**载流子，是电流的“输入/输出端”。  \n\n\n### SiO₂层（栅介质）的电学角色：  \n作为**栅介质**，其核心电学功能是：  \n1. **电绝缘隔离**：物理隔离栅极（ITO）与沟道（纳米线），防止两者直接导通，**抑制栅极与沟道间的漏电流**，保证器件的电学可靠性。  \n2. **电容耦合调控沟道**：利用介电材料的**电容效应**，栅极电压通过SiO₂层的电容耦合，在沟道表面**感应出与栅极电荷相反的载流子**（如栅极加正电压时，n型沟道感应电子、p型沟道感应空穴），从而**改变沟道的载流子浓度（电导率）**，最终控制源漏之间的电流大小，实现晶体管的**开关（或放大）功能**。  \n\n\n（注：微孔结构可能优化介电性能或引入掺杂位点，但核心电学功能围绕“栅介质的**电容调控**”展开，通过电场耦合实现对沟道载流子的精准控制。）', 'doubao_distilled_answer': '### 从底向上的各层材料构成（结合结构示意图与器件原理）：  \n1. **玻璃衬底（Glass substrate）**：最底层，为器件提供**机械支撑**与化学稳定的基础结构，是整个器件的物理基底。  \n2. **栅极层（ITO薄膜）**：氧化铟锡（ITO）作为**栅电极（Gate）**，用于施加调控电压，是电场调控的“控制端”。  \n3. **栅介质层（微孔SiO₂薄膜）**：微孔二氧化硅（Microporous SiO₂）位于栅极与沟道之间，是核心的电绝缘与电容耦合层。  \n4. **沟道层（半导体纳米线）**：通过镍网掩模技术制备的**半导体纳米线**（如Si、ZnO等），作为载流子传输的“通道”（源漏之间的电流路径）。  \n5. **源/漏电极层**：金属或导电材料电极，与纳米线两端接触，分别**注入（源极）**和**收集（漏极）**载流子，是电流的“输入/输出端”。  \n\n\n### SiO₂层（栅介质）的电学角色：  \n作为**栅介质**，其核心电学功能是：  \n1. **电绝缘隔离**：物理隔离栅极（ITO）与沟道（纳米线），防止两者直接导通，**抑制栅极与沟道间的漏电流**，保证器件的电学可靠性。  \n2. **电容耦合调控沟道**：利用介电材料的**电容效应**，栅极电压通过SiO₂层的电容耦合，在沟道表面**感应出与栅极电荷相反的载流子**（如栅极加正电压时，n型沟道感应电子、p型沟道感应空穴），从而**改变沟道的载流子浓度（电导率）**，最终控制源漏之间的电流大小，实现晶体管的**开关（或放大）功能**。  \n\n\n（注：微孔结构可能优化介电性能或引入掺杂位点，但核心电学功能围绕“栅介质的**电容调控**”展开，通过电场耦合实现对沟道载流子的精准控制。）'}"
./images/img_in_chart_box_475_594_1752_1120.jpg,图 1-4 蓝-红光分布式反馈激光器,有机激光可以产生可见光范围内的更多振动波长的光，这也是无机激光器所不具备的，因此有机固体激光器一直是 ofet 的热点应用之一。光微纳刻蚀技术（photo-nil）在制作有机分布式反馈激光器时明显的优势就是不需要干燥的刻蚀处理以及严格的光栅制作过程。yamashita 等人报道了用 photo-nil 制作的多层结构的有机激光器。如图 1-4。他们用不掺杂的 uv 树脂将 b-dfb(蓝光分布式反馈)层覆盖，即在 pmma 基板上沉积 uv 树脂层，防止损坏 dfb 光栅。用同样的方法制作 r-dfb（红光分布式反馈）层。这样就形成了具有两个 dfb 谐振腔活跃层的有机激光器，能够同时发射蓝光和红光 $ ^{[23]} $ 。,在如图所示的蓝-红光有机分布式反馈（DFB）激光器多层结构中，位于B-DFB活跃层与PMMA层之间的UV树脂层主要起到了什么作用？其结构设计目的是什么？,该UV树脂层的主要作用是保护层。其结构设计目的是为了覆盖B-DFB（蓝光分布式反馈）层，防止在后续制备（如在PMMA基板上沉积或加工）过程中对已形成的DFB光栅结构造成物理或化学损伤，从而确保谐振腔的完整性。,"{'is_qualified': True, 'issues': [], 'doubao_thought_process': '要理解**B-DFB活跃层与PMMA层之间的UV树脂层**的作用及结构设计目的，需结合有机分布式反馈（DFB）激光器的工作原理、多层结构的光学/机械特性分析：\n\n\n### 一、UV树脂层的核心作用  \n#### 1. **光学调控：折射率匹配与波导优化**  \nDFB激光器的光场分布由**波导层的有效折射率**和**光栅周期**共同决定（布拉格条件：\\(\\boldsymbol{\\lambda = 2n_{\\text{eff}}\\Lambda}\\)，\\(n_{\\text{eff}}\\)为有效折射率，\\(\\Lambda\\)为光栅周期）。UV树脂层的折射率介于**B-DFB活跃层**（有机半导体，折射率较高）和**PMMA层**（聚合物，折射率较低）之间，可实现：  \n- **减少光损耗**：降低B-DFB与PMMA界面的反射损耗，提升光在活跃层的传输效率；  \n- **优化光场限制**：通过调整层间折射率分布，将光场更多地限制在B-DFB活跃层内（或R-DFB层），增强受激辐射效率，减少光泄漏到PMMA或衬底。  \n\n\n#### 2. **机械缓冲：应力释放与结构稳定**  \nB-DFB层（有机半导体）、PMMA（聚合物）、硅衬底（无机材料）的**热膨胀系数差异大**，易导致层间应力集中（如薄膜开裂、剥离）。UV树脂层的柔性特性可：  \n- 缓解层间热应力，防止薄膜失效；  \n- 提升多层结构的机械稳定性，适配不同材料的力学特性（如有机层的柔韧性、无机衬底的刚性）。  \n\n\n#### 3. **制备辅助：光栅结构复制（关键作用）**  \nDFB激光器的反馈依赖**高精度光栅结构**（B-DFB的下光栅、R-DFB的上光栅）。UV树脂具有**UV固化成膜性好、图案复制精度高**的特点，可：  \n- 在制备过程中（如纳米压印、光刻）准确复制B-DFB的下光栅结构，保证光栅周期\\(\\Lambda\\)的精度；  \n- 确保DFB的布拉格反馈条件（\\(\\lambda = 2n_{\\text{eff}}\\Lambda\\)）精准满足，从而保证激光波长的准确性。  \n\n\n### 二、结构设计目的（针对蓝-红光双波长DFB激光）  \n#### 1. **双波长激光的反馈调控**  \n蓝-红光激光的波长差异（\\(\\lambda_{\\text{蓝}} < \\lambda_{\\text{红}}\\)）要求**不同的有效折射率\\(n_{\\text{eff}}\\)或光栅周期\\(\\Lambda\\)**。UV树脂层通过调整：  \n- **B-DFB层的有效折射率**（结合光栅周期\\(\\Lambda_{\\text{蓝}}\\)），满足蓝光的布拉格条件（\\(\\lambda_{\\text{蓝}} = 2n_{\\text{eff-蓝}} \\cdot \\Lambda_{\\text{蓝}}\\)）；  \n- **R-DFB层的有效折射率**（结合光栅周期\\(\\Lambda_{\\text{红}}\\)），满足红光的布拉格条件（\\(\\lambda_{\\text{红}} = 2n_{\\text{eff-红}} \\cdot \\Lambda_{\\text{红}}\\)）；  \n最终实现**蓝-红光双波长激光输出**。  \n\n\n#### 2. **光学性能优化**  \n通过UV树脂层的折射率调控，优化多层结构的**光场分布**（如限制光场在活跃层、减少界面损耗），提升激光的输出功率、效率及光谱纯度。  \n\n\n#### 3. **多材料兼容性适配**  \n有机半导体（B/R-DFB）、聚合物（PMMA）、无机衬底（硅）的材料特性差异大，UV树脂层作为“桥梁”，可：  \n- 适配有机层的成膜要求（如溶液旋涂、柔性加工）；  \n- 兼容无机衬底的刚性支撑，保证器件整体的可制备性与稳定性。  \n\n\n### 总结  \nUV树脂层是蓝-红光DFB激光器多层结构的**“光学调控层+机械缓冲层+制备辅助层”**：  \n- 光学上，优化光场限制与折射率匹配，支持双波长激光的反馈条件；  \n- 机械上，缓解层间应力，保证结构稳定；  \n- 制备上，精准复制光栅结构，确保DFB的反馈精度。  \n\n其设计核心是**平衡光学性能（双波长激光输出）、机械稳定性与制备可行性**，最终实现高效、稳定的蓝-红光双波长有机DFB激光发射。', 'doubao_distilled_answer': '要理解**B-DFB活跃层与PMMA层之间的UV树脂层**的作用及结构设计目的，需结合有机分布式反馈（DFB）激光器的工作原理、多层结构的光学/机械特性分析：\n\n\n### 一、UV树脂层的核心作用  \n#### 1. **光学调控：折射率匹配与波导优化**  \nDFB激光器的光场分布由**波导层的有效折射率**和**光栅周期**共同决定（布拉格条件：\\(\\boldsymbol{\\lambda = 2n_{\\text{eff}}\\Lambda}\\)，\\(n_{\\text{eff}}\\)为有效折射率，\\(\\Lambda\\)为光栅周期）。UV树脂层的折射率介于**B-DFB活跃层**（有机半导体，折射率较高）和**PMMA层**（聚合物，折射率较低）之间，可实现：  \n- **减少光损耗**：降低B-DFB与PMMA界面的反射损耗，提升光在活跃层的传输效率；  \n- **优化光场限制**：通过调整层间折射率分布，将光场更多地限制在B-DFB活跃层内（或R-DFB层），增强受激辐射效率，减少光泄漏到PMMA或衬底。  \n\n\n#### 2. **机械缓冲：应力释放与结构稳定**  \nB-DFB层（有机半导体）、PMMA（聚合物）、硅衬底（无机材料）的**热膨胀系数差异大**，易导致层间应力集中（如薄膜开裂、剥离）。UV树脂层的柔性特性可：  \n- 缓解层间热应力，防止薄膜失效；  \n- 提升多层结构的机械稳定性，适配不同材料的力学特性（如有机层的柔韧性、无机衬底的刚性）。  \n\n\n#### 3. **制备辅助：光栅结构复制（关键作用）**  \nDFB激光器的反馈依赖**高精度光栅结构**（B-DFB的下光栅、R-DFB的上光栅）。UV树脂具有**UV固化成膜性好、图案复制精度高**的特点，可：  \n- 在制备过程中（如纳米压印、光刻）准确复制B-DFB的下光栅结构，保证光栅周期\\(\\Lambda\\)的精度；  \n- 确保DFB的布拉格反馈条件（\\(\\lambda = 2n_{\\text{eff}}\\Lambda\\)）精准满足，从而保证激光波长的准确性。  \n\n\n### 二、结构设计目的（针对蓝-红光双波长DFB激光）  \n#### 1. **双波长激光的反馈调控**  \n蓝-红光激光的波长差异（\\(\\lambda_{\\text{蓝}} < \\lambda_{\\text{红}}\\)）要求**不同的有效折射率\\(n_{\\text{eff}}\\)或光栅周期\\(\\Lambda\\)**。UV树脂层通过调整：  \n- **B-DFB层的有效折射率**（结合光栅周期\\(\\Lambda_{\\text{蓝}}\\)），满足蓝光的布拉格条件（\\(\\lambda_{\\text{蓝}} = 2n_{\\text{eff-蓝}} \\cdot \\Lambda_{\\text{蓝}}\\)）；  \n- **R-DFB层的有效折射率**（结合光栅周期\\(\\Lambda_{\\text{红}}\\)），满足红光的布拉格条件（\\(\\lambda_{\\text{红}} = 2n_{\\text{eff-红}} \\cdot \\Lambda_{\\text{红}}\\)）；  \n最终实现**蓝-红光双波长激光输出**。  \n\n\n#### 2. **光学性能优化**  \n通过UV树脂层的折射率调控，优化多层结构的**光场分布**（如限制光场在活跃层、减少界面损耗），提升激光的输出功率、效率及光谱纯度。  \n\n\n#### 3. **多材料兼容性适配**  \n有机半导体（B/R-DFB）、聚合物（PMMA）、无机衬底（硅）的材料特性差异大，UV树脂层作为“桥梁”，可：  \n- 适配有机层的成膜要求（如溶液旋涂、柔性加工）；  \n- 兼容无机衬底的刚性支撑，保证器件整体的可制备性与稳定性。  \n\n\n### 总结  \nUV树脂层是蓝-红光DFB激光器多层结构的**“光学调控层+机械缓冲层+制备辅助层”**：  \n- 光学上，优化光场限制与折射率匹配，支持双波长激光的反馈条件；  \n- 机械上，缓解层间应力，保证结构稳定；  \n- 制备上，精准复制光栅结构，确保DFB的反馈精度。  \n\n其设计核心是**平衡光学性能（双波长激光输出）、机械稳定性与制备可行性**，最终实现高效、稳定的蓝-红光双波长有机DFB激光发射。'}"
./images/img_in_image_box_799_575_1670_1152.jpg,图4-11 晶体管ii的基本结构图,本实验使用的实验数据来自feng-yu yang等人2010年发表的文章 $ ^{[103]} $ 。晶体管ⅱ基本结构如图4-11。晶体管ⅱ参数提取结果如表4-4所示。,根据图4-11中展示的晶体管ii基本结构图，请分析该器件的栅极配置类型（顶栅或底栅），并指出用于形成源漏电极（Source/Drain）和栅极（Gate）的具体金属材料是什么？,该晶体管属于顶栅（Top-gate）结构。其中，源漏电极采用的金属材料是铂（Pt），而栅极采用的金属材料是金（Au）。,"{'is_qualified': False, 'issues': ['原文信息严重缺失：提供的【原文】仅包含“晶体管ii的基本结构图”这一标题，未包含图中具体的层级结构、金属材料种类（如Pt、Au）以及有机材料名称（如P3HT、PMMA、PVP等）。', '回答内容无法溯源：【解答过程】和【回答】中提到的所有具体材料和物理结构分析在【原文】中均无依据，属于脱离给定文本的回答。', '无法验证准确性：由于缺乏包含具体信息的图表说明或原文描述，作为专家无法判断回答中关于材料分配和结构的描述是否真实准确。'], 'doubao_thought_process': '要分析该晶体管的栅极配置类型及电极材料，需结合结构图的层级关系和电极位置分析：  \n\n\n### 1. 栅极配置类型（顶栅/底栅）  \n晶体管的**顶栅（Top - gate）**结构特征是：**栅极位于有源层（此处为P3HT）和源漏电极的上方**。  \n从图中结构层级（从下到上）：  \n- 最底层：硅片（衬底）；  \n- 中间层：PMMA（绝缘层）、源漏电极（Pt）、有源层（P3HT）；  \n- 上层：栅介质（Low - k PVP或TiO₂纳米复合材料）、**栅极（Au）**。  \n\n栅极（Au）位于有源层（P3HT）和源漏电极（Pt）的**上方**，因此栅极配置类型为**顶栅（Top - gate）**。  \n\n\n### 2. 源漏电极（Source/Drain）的金属材料  \n图中源漏电极的结构为左右两个“Pt”块（浅绿色区域），夹着有源层（P3HT），因此**源漏电极的金属材料为铂（Pt）**。  \n\n\n### 3. 栅极（Gate）的金属材料  \n图中最上层的电极（浅蓝色区域）标注为“Au”，位于栅介质（Low - k PVP或TiO₂纳米复合材料）上方，因此**栅极的金属材料为金（Au）**。  \n\n\n综上：  \n- 栅极配置类型：**顶栅（Top - gate）**；  \n- 源漏电极（Source/Drain）金属材料：**铂（Pt）**；  \n- 栅极（Gate）金属材料：**金（Au）**。', 'doubao_distilled_answer': '要分析该晶体管的栅极配置类型及电极材料，需结合结构图的层级关系和电极位置分析：  \n\n\n### 1. 栅极配置类型（顶栅/底栅）  \n晶体管的**顶栅（Top - gate）**结构特征是：**栅极位于有源层（此处为P3HT）和源漏电极的上方**。  \n从图中结构层级（从下到上）：  \n- 最底层：硅片（衬底）；  \n- 中间层：PMMA（绝缘层）、源漏电极（Pt）、有源层（P3HT）；  \n- 上层：栅介质（Low - k PVP或TiO₂纳米复合材料）、**栅极（Au）**。  \n\n栅极（Au）位于有源层（P3HT）和源漏电极（Pt）的**上方**，因此栅极配置类型为**顶栅（Top - gate）**。  \n\n\n### 2. 源漏电极（Source/Drain）的金属材料  \n图中源漏电极的结构为左右两个“Pt”块（浅绿色区域），夹着有源层（P3HT），因此**源漏电极的金属材料为铂（Pt）**。  \n\n\n### 3. 栅极（Gate）的金属材料  \n图中最上层的电极（浅蓝色区域）标注为“Au”，位于栅介质（Low - k PVP或TiO₂纳米复合材料）上方，因此**栅极的金属材料为金（Au）**。  \n\n\n综上：  \n- 栅极配置类型：**顶栅（Top - gate）**；  \n- 源漏电极（Source/Drain）金属材料：**铂（Pt）**；  \n- 栅极（Gate）金属材料：**金（Au）**。'}"
./images/img_in_image_box_467_915_2009_1664.jpg,图 2-5 开口率的计算,另外，black matrix 部分为信号走线和存储电容区域，是不透光的，即存在开口率的问题，如图 2-5 所示。开口率的计算公式为：$$  开口率 = \frac{ 有效透光区域面积 }{ 全部面积 } \times 100\%  $$综合上述因素，这一层的透过率仅为 30% 左右。,在薄膜晶体管（TFT）像素设计结构中，哪些具体组件会导致开口率（Aperture Ratio）降低？请结合其物理定义说明开口率的计算方式。,导致开口率降低的主要非透光组件包括信号走线（源极电极 Source electrode 和栅极电极 Gate electrode）、用于控制开关的薄膜晶体管（TFT）以及存储电容区域。开口率的计算方式为：有效透光区域面积（即显示电极 Display electrode 中未被上述不透光组件遮挡的部分）占像素全部面积的百分比，公式为：开口率 = (有效透光区域面积 / 全部面积) × 100%。,"{'is_qualified': False, 'issues': ['回答中多次引用了并不存在的图片信息（如“如图”、“图中左侧”、“黑色”、“绿色/红色”、“青色部分”等），这会导致用户在没有图示的情况下无法理解具体的描述，属于回答质量不合格。', '原文内容仅有“开口率的计算”五个字，而问题和回答中包含了大量的专业技术细节（如TFT具体电极材料Mo/Al、存储电容结构等）。虽然这些知识在物理意义上是正确的，但作为基于原文的质量检查，回答内容的来源与原文严重脱节。'], 'doubao_thought_process': '### 一、开口率的物理定义与计算方式  \n开口率（**Aperture Ratio**）的核心定义是：**像素的有效透光区域面积**与**像素总面积**的比值（通常以百分比表示），反映像素中“可用于显示的透光区域”占比。公式为：  \n\n\\[\n\\text{开口率} = \\frac{\\text{有效透光区域面积}}{\\text{像素总面积}} \\times 100\\%\n\\]  \n\n- **像素总面积**：由显示面板的像素阵列密度决定（即单个像素在阵列中的“占用面积”，通常为像素的宽度×高度，或由行、列间距推导）。  \n- **有效透光区域面积**：像素中能让光线通过（用于驱动显示层，如液晶、OLED）的区域面积，需**扣除所有非透光组件占用的面积**。  \n\n\n### 二、导致开口率降低的组件（非透光区域的来源）  \n像素内的**非透光组件**会占用面积、遮挡光线，从而减少有效透光区域，降低开口率。结合TFT像素结构（如图），核心遮挡组件包括：  \n\n\n#### 1. 薄膜晶体管（TFT）本身  \nTFT的**电极（栅极、源极、漏极）**（金属或导电层）和**半导体沟道层**（如非晶硅a - Si、低温多晶硅LTPS等）会占据像素面积。由于金属电极（如Mo、Al）和半导体层（如a - Si）**本身不透明**，会遮挡光线，属于“非透光区域”。  \n\n\n#### 2. 驱动布线（电极线）  \n- **栅极线（Gate Line）**：沿“行方向”贯穿多个像素，每个像素内的栅极线部分会占用面积。金属栅极线（如Mo、Al）不透光，属于非透光区域。  \n- **源极线（Source Line）**：沿“列方向”贯穿多个像素，像素内的源极线部分同样占用面积且不透光。  \n\n\n#### 3. 存储电容（Storage Capacitor）  \n为维持像素电压稳定性，存储电容的**电极结构**（如与栅极线/公共电极形成的电容）会占用像素面积。电容的金属/导电电极层（如ITO + 金属复合层）不透光，进一步压缩有效透光区域。  \n\n\n#### 4. 其他非透光结构  \n如像素间的**绝缘层**、电极的**边缘覆盖区域**（防止短路的钝化层）等，但核心遮挡源为TFT、布线、存储电容。  \n\n\n### 三、示例与直观理解（结合图）  \n图中左侧为单个像素结构：TFT（黑色）、栅/源极线（绿色/红色）、存储电容（黄色）会“占用”像素面积；右侧虚线框是**像素总面积**（100%区域），青色部分为**有效透光区域**（扣除TFT、布线、电容后的透光区）。  \n\n若TFT尺寸增大、布线变宽或存储电容面积增加，“非透光区域”会扩大，有效透光区域缩小，最终导致开口率降低（如从80%降至60%）。  \n\n\n总结：开口率的本质是“透光区/像素总面积”，TFT、布线、存储电容等**非透光组件的面积占比**直接决定开口率高低——组件面积越大，开口率越低。', 'doubao_distilled_answer': '### 一、开口率的物理定义与计算方式  \n开口率（**Aperture Ratio**）的核心定义是：**像素的有效透光区域面积**与**像素总面积**的比值（通常以百分比表示），反映像素中“可用于显示的透光区域”占比。公式为：  \n\n\\[\n\\text{开口率} = \\frac{\\text{有效透光区域面积}}{\\text{像素总面积}} \\times 100\\%\n\\]  \n\n- **像素总面积**：由显示面板的像素阵列密度决定（即单个像素在阵列中的“占用面积”，通常为像素的宽度×高度，或由行、列间距推导）。  \n- **有效透光区域面积**：像素中能让光线通过（用于驱动显示层，如液晶、OLED）的区域面积，需**扣除所有非透光组件占用的面积**。  \n\n\n### 二、导致开口率降低的组件（非透光区域的来源）  \n像素内的**非透光组件**会占用面积、遮挡光线，从而减少有效透光区域，降低开口率。结合TFT像素结构（如图），核心遮挡组件包括：  \n\n\n#### 1. 薄膜晶体管（TFT）本身  \nTFT的**电极（栅极、源极、漏极）**（金属或导电层）和**半导体沟道层**（如非晶硅a - Si、低温多晶硅LTPS等）会占据像素面积。由于金属电极（如Mo、Al）和半导体层（如a - Si）**本身不透明**，会遮挡光线，属于“非透光区域”。  \n\n\n#### 2. 驱动布线（电极线）  \n- **栅极线（Gate Line）**：沿“行方向”贯穿多个像素，每个像素内的栅极线部分会占用面积。金属栅极线（如Mo、Al）不透光，属于非透光区域。  \n- **源极线（Source Line）**：沿“列方向”贯穿多个像素，像素内的源极线部分同样占用面积且不透光。  \n\n\n#### 3. 存储电容（Storage Capacitor）  \n为维持像素电压稳定性，存储电容的**电极结构**（如与栅极线/公共电极形成的电容）会占用像素面积。电容的金属/导电电极层（如ITO + 金属复合层）不透光，进一步压缩有效透光区域。  \n\n\n#### 4. 其他非透光结构  \n如像素间的**绝缘层**、电极的**边缘覆盖区域**（防止短路的钝化层）等，但核心遮挡源为TFT、布线、存储电容。  \n\n\n### 三、示例与直观理解（结合图）  \n图中左侧为单个像素结构：TFT（黑色）、栅/源极线（绿色/红色）、存储电容（黄色）会“占用”像素面积；右侧虚线框是**像素总面积**（100%区域），青色部分为**有效透光区域**（扣除TFT、布线、电容后的透光区）。  \n\n若TFT尺寸增大、布线变宽或存储电容面积增加，“非透光区域”会扩大，有效透光区域缩小，最终导致开口率降低（如从80%降至60%）。  \n\n\n总结：开口率的本质是“透光区/像素总面积”，TFT、布线、存储电容等**非透光组件的面积占比**直接决定开口率高低——组件面积越大，开口率越低。'}"
./images/img_in_image_box_665_1771_1827_2167.jpg,图 4-2 液晶玻璃表面微颗粒清除的运动模式,吸附在液晶玻璃表面的微颗粒受到几种力的共同作用而产生的吸附现象，如图 4-1 所示。从液晶玻璃表面把微颗粒清除时有三种运动模式，分别为：拉升模式、滑动模式和滚动模式 $ ^{[20]} $ ，如图 4-2 所示。,在液晶显示器基板的清洁工艺中，根据微颗粒清除的动力学模型，请简述“滚动模式（Rolling Mode）”与“滑动模式（Sliding Mode）”在受力示意与运动表现上的主要区别。,在滑动模式下，微颗粒受到平行于固体表面的作用力 $F_{	au}$，其运动表现为沿表面的线性平移；而在滚动模式下，微颗粒在受到平行于表面的作用力 $F_{	au}$ 的同时，还伴随着一个旋转力矩的作用（图中以圆弧箭头表示），使其运动表现为绕接触点的旋转并伴随位移。,"{'is_qualified': True, 'issues': [], 'doubao_thought_process': '要理解液晶玻璃表面微颗粒清除中**滚动模式（Rolling Mode）**与**滑动模式（Sliding Mode）**的区别，需结合受力示意（力的作用方式、力矩）和运动表现（颗粒运动形式）分析，参考示意图如下：  \n\n\n### 一、**受力示意（力的作用方式与力矩）**  \n#### 1. 滑动模式（Sliding Mode）  \n- **外力作用**：水平方向的驱动力\\( F_r \\)（如清洁力）作用于微颗粒（质心处），使颗粒沿基板表面**平动**。  \n- **摩擦类型**：微颗粒与基板表面的接触区域存在**滑动摩擦**（接触点与基板有相对滑动）。  \n- **力矩特征**：无明显绕自身质心的转动力矩（颗粒整体平移，无自身转动）。  \n\n\n#### 2. 滚动模式（Rolling Mode）  \n- **外力作用**：水平驱动力\\( F_r \\)作用的同时，微颗粒受**转动力矩**（图中顺时针箭头示意），绕自身质心转动。  \n- **摩擦类型**：微颗粒与基板表面的接触点**瞬时静止**（纯滚动时），接触区域为**静摩擦**（无相对滑动）。  \n- **力矩特征**：水平力\\( F_r \\)与静摩擦力共同作用，产生**转动力矩**（使颗粒绕质心转动）。  \n\n\n### 二、**运动表现（颗粒的运动形式）**  \n#### 1. 滑动模式（Sliding Mode）  \n- **运动形式**：微颗粒做**纯平动**（无自身转动）。颗粒上各点（除接触点）的运动轨迹为**平行于基板的直线**，接触点与基板间存在**相对滑动**（滑动摩擦主导阻力）。  \n- **直观特征**：颗粒像“被拖着走”，无自身旋转，接触点会留下滑动摩擦的痕迹（如划痕、磨损）。  \n\n\n#### 2. 滚动模式（Rolling Mode）  \n- **运动形式**：微颗粒做**“平动+转动”的合成运动**（滚动）。整体向前平动的同时，**绕自身质心转动**（图中顺时针）。  \n- **直观特征**：颗粒像“轮子滚动”，接触点**瞬时静止**（纯滚动时无相对滑动），运动轨迹为**摆线**（平动位移与转动弧长相等），接触点不断更新，无滑动摩擦的磨损。  \n\n\n### 核心区别总结  \n| 对比维度       | 滑动模式（Sliding Mode）               | 滚动模式（Rolling Mode）               |  \n|----------------|----------------------------------------|----------------------------------------|  \n| **受力核心**   | 水平力驱动**纯平动**，滑动摩擦主导       | 水平力驱动**平动+转动**，静摩擦+力矩主导 |  \n| **接触点运动** | 接触点与基板**相对滑动**（滑动摩擦）     | 接触点与基板**瞬时静止**（静摩擦，纯滚动时） |  \n| **颗粒转动**   | 无自身转动（纯平动）                   | 绕自身质心转动（平动+转动合成）         |  \n| **阻力类型**   | 滑动摩擦力（阻力较大）                 | 滚动摩擦力（阻力远小于滑动摩擦）         |  \n\n\n简言之，滑动模式是“拖动物体平移”，滚动模式是“推动物体滚动”。滚动模式因接触点无相对滑动（静摩擦），阻力更小，清洁时更易减少基板磨损。', 'doubao_distilled_answer': '要理解液晶玻璃表面微颗粒清除中**滚动模式（Rolling Mode）**与**滑动模式（Sliding Mode）**的区别，需结合受力示意（力的作用方式、力矩）和运动表现（颗粒运动形式）分析，参考示意图如下：  \n\n\n### 一、**受力示意（力的作用方式与力矩）**  \n#### 1. 滑动模式（Sliding Mode）  \n- **外力作用**：水平方向的驱动力\\( F_r \\)（如清洁力）作用于微颗粒（质心处），使颗粒沿基板表面**平动**。  \n- **摩擦类型**：微颗粒与基板表面的接触区域存在**滑动摩擦**（接触点与基板有相对滑动）。  \n- **力矩特征**：无明显绕自身质心的转动力矩（颗粒整体平移，无自身转动）。  \n\n\n#### 2. 滚动模式（Rolling Mode）  \n- **外力作用**：水平驱动力\\( F_r \\)作用的同时，微颗粒受**转动力矩**（图中顺时针箭头示意），绕自身质心转动。  \n- **摩擦类型**：微颗粒与基板表面的接触点**瞬时静止**（纯滚动时），接触区域为**静摩擦**（无相对滑动）。  \n- **力矩特征**：水平力\\( F_r \\)与静摩擦力共同作用，产生**转动力矩**（使颗粒绕质心转动）。  \n\n\n### 二、**运动表现（颗粒的运动形式）**  \n#### 1. 滑动模式（Sliding Mode）  \n- **运动形式**：微颗粒做**纯平动**（无自身转动）。颗粒上各点（除接触点）的运动轨迹为**平行于基板的直线**，接触点与基板间存在**相对滑动**（滑动摩擦主导阻力）。  \n- **直观特征**：颗粒像“被拖着走”，无自身旋转，接触点会留下滑动摩擦的痕迹（如划痕、磨损）。  \n\n\n#### 2. 滚动模式（Rolling Mode）  \n- **运动形式**：微颗粒做**“平动+转动”的合成运动**（滚动）。整体向前平动的同时，**绕自身质心转动**（图中顺时针）。  \n- **直观特征**：颗粒像“轮子滚动”，接触点**瞬时静止**（纯滚动时无相对滑动），运动轨迹为**摆线**（平动位移与转动弧长相等），接触点不断更新，无滑动摩擦的磨损。  \n\n\n### 核心区别总结  \n| 对比维度       | 滑动模式（Sliding Mode）               | 滚动模式（Rolling Mode）               |  \n|----------------|----------------------------------------|----------------------------------------|  \n| **受力核心**   | 水平力驱动**纯平动**，滑动摩擦主导       | 水平力驱动**平动+转动**，静摩擦+力矩主导 |  \n| **接触点运动** | 接触点与基板**相对滑动**（滑动摩擦）     | 接触点与基板**瞬时静止**（静摩擦，纯滚动时） |  \n| **颗粒转动**   | 无自身转动（纯平动）                   | 绕自身质心转动（平动+转动合成）         |  \n| **阻力类型**   | 滑动摩擦力（阻力较大）                 | 滚动摩擦力（阻力远小于滑动摩擦）         |  \n\n\n简言之，滑动模式是“拖动物体平移”，滚动模式是“推动物体滚动”。滚动模式因接触点无相对滑动（静摩擦），阻力更小，清洁时更易减少基板磨损。'}"
./images/img_in_image_box_478_862_970_1253.jpg,图 3-2 双层有机发光器件,前面讲过，直到 1987 年美国柯达公司的 tang 博士 $ ^{[9]} $  发明了三明治结构的有机机电致发光器件，才使有机电致发光技术具有实用价值。邓博士等人引入了具有高空穴传输性能的一种芳香族二胺 tpd 作空穴传输层（htl），用 8-羟基喹啉铝  $ \left(\mathrm{alq}_{3}\right) $  兼做电子传输层（etl）和发光层（eml），用 ito 玻璃作为阳极，用 mg:ag 合金作为阴极，制成了新一代双层 oled $ ^{[1]} $ ，如图 3-2 所示。,在图 3-2 所示的双层有机发光器件（OLED）结构中，请根据图示及相关技术描述，指出空穴传输层（HTL）所使用的具体材料，并说明 $Alq_3$ 层在该特定结构中承担哪两项功能？,在该双层 OLED 结构中，空穴传输层（HTL）使用的材料是芳香族二胺 TPD。$Alq_3$（8-羟基喹啉铝）层承担着双重功能：它既作为电子传输层（ETL），又作为器件的发光层（EML）。,"{'is_qualified': False, 'issues': ['原文内容过于简略：提供的原文仅有“双层有机发光器件”六个字，未包含问题中提到的“图 3-2”及其相关的技术细节。', '信息不一致/依据不足：问题和解答中涉及的具体材料（TPD、Alq₃）以及器件的层级结构在原文中完全没有体现，属于脱离原文内容的解答。', '无法通过原文验证：作为质量检查，由于原文缺失了支撑问题和答案的所有核心信息，无法判断该问答是否符合原文的逻辑和事实。'], 'doubao_thought_process': ""要解决该问题，需结合双层OLED的结构（图中从下到上为：玻璃衬底→**ITO（阳极）**→**TPD（空穴传输层）**→**Alq₃层**→**Mg:Ag（阴极）**），分析各层的功能：  \n\n\n### 1. 空穴传输层（HTL）的材料  \n空穴从阳极（ITO）注入后，需通过“空穴传输层”向发光/电子传输层（Alq₃）传输。图中ITO上方的层为**TPD**（N,N'-二苯基-N,N'-二(3-甲基苯基)-1,1'-联苯-4,4'-二胺，或简化标注为TPD），因此**空穴传输层（HTL）的材料是TPD**。  \n\n\n### 2. Alq₃层的两项功能  \n在该双层OLED结构中，Alq₃层同时承担两项核心功能：  \n- **功能1：电子传输层（ETL）**：负责传输从阴极（Mg:Ag）注入的电子，将电子输运至与空穴的复合区域（Alq₃内部）。  \n- **功能2：发光层（EML）**：作为**发光区域**，从空穴传输层（TPD）传输来的空穴与从电子传输层（Alq₃自身）传输来的电子，在此区域复合并通过“电致发光”产生光辐射（即空穴-电子复合时的能量以光的形式释放）。  \n\n\n总结：  \n- 空穴传输层（HTL）材料：$\\boldsymbol{\\text{TPD}}$（图中标注为TPD）。  \n- Alq₃层的两项功能：①**电子传输层**（传输电子）；②**发光层**（空穴-电子复合发光）。"", 'doubao_distilled_answer': ""要解决该问题，需结合双层OLED的结构（图中从下到上为：玻璃衬底→**ITO（阳极）**→**TPD（空穴传输层）**→**Alq₃层**→**Mg:Ag（阴极）**），分析各层的功能：  \n\n\n### 1. 空穴传输层（HTL）的材料  \n空穴从阳极（ITO）注入后，需通过“空穴传输层”向发光/电子传输层（Alq₃）传输。图中ITO上方的层为**TPD**（N,N'-二苯基-N,N'-二(3-甲基苯基)-1,1'-联苯-4,4'-二胺，或简化标注为TPD），因此**空穴传输层（HTL）的材料是TPD**。  \n\n\n### 2. Alq₃层的两项功能  \n在该双层OLED结构中，Alq₃层同时承担两项核心功能：  \n- **功能1：电子传输层（ETL）**：负责传输从阴极（Mg:Ag）注入的电子，将电子输运至与空穴的复合区域（Alq₃内部）。  \n- **功能2：发光层（EML）**：作为**发光区域**，从空穴传输层（TPD）传输来的空穴与从电子传输层（Alq₃自身）传输来的电子，在此区域复合并通过“电致发光”产生光辐射（即空穴-电子复合时的能量以光的形式释放）。  \n\n\n总结：  \n- 空穴传输层（HTL）材料：$\\boldsymbol{\\text{TPD}}$（图中标注为TPD）。  \n- Alq₃层的两项功能：①**电子传输层**（传输电子）；②**发光层**（空穴-电子复合发光）。""}"
./images/img_in_image_box_404_447_1128_933.jpg,图 1 基于 mini-led 和量子点膜的直下式背光 lcd 结构示意图,"常见的背光结构主要有侧入式及直下式两种,而应用mini-led的背光往往属于直下式背光,其与量子点色彩增强膜相结合的具体结构如图1所示。背光模组中的mini-led灯板位于结构的最下方,其上放置光学功能膜片,包括扩散板、量子点膜及棱镜膜等。工作时,mini-led发出的蓝光经过扩散板的匀化及量子点膜的色彩转换后,形成均匀的白光面光源,再经由液晶模组的处理形成可视图像。lcd 使用背光模组为液晶模块供光,通过调节液晶层的光线透过率来控制最终显示画面的明暗。为达到更好的显示效果,背光模组需满足高亮度、高均匀性、广色域、可局部调光等要求。
量子点扩散板属于粒子散射型扩散板,具备散射光线的特性。通常量子点扩散板以pmma及ps等聚合物作为基体,通过熔融挤出工艺制备,量子点均匀地分散其中。与量子点膜相比,量子点扩散板省去了昂贵的阻隔膜,聚合物基体有助于减少量子点团聚现象,进一步提升量子点的稳定性。量子点扩散板背光结构如图9所示,从上至下包括棱镜膜、量子点扩散板、蓝光mini-led阵列等。对比图1与图9可知,量子点扩散板产生亮度均匀白光的基本工作原理与量子点膜类似 $ ^{[78]} $ ,都具有优秀的色彩表现力。量子点扩散板将量子点膜与扩散板合二为一,兼具色转换及散射特性，简化了背光结构。因此，在大中型尺寸电视的制造中，量子点扩散板相较于量子点膜结构更具优势。当前用于扩散板中的量子点多为ii-vi族半导体量子点，近来钙钛矿量子点由于合成简单、宽色域、光谱可调等优点，在显示领域的研究受到追捧 $ ^{[89,91]} $ 。但其稳定性同样是限制它应用的难题之一。目前，已证明通过配体修饰 $ ^{[92-94]} $ 、离子掺杂 $ ^{[95-96]} $ 、包覆 $ ^{[97-100]} $ 等手段可有效改善其稳定性。其中，包覆的方案可以很好地解决稳定性的问题。由于玻璃和聚合物的结构致密，常将钙钛矿量子点嵌入其中使之与环境隔离，提高量子点稳定性，并且由于聚合物具有良好透光性，对量子点光学性能影响较小。2022年，zhou 等人通过乙烯-醋酸乙烯酯(ethylene vinyl acetate, eva)薄膜涂覆策略制备了 $ cspbx_{3} $ 复合膜，改善了量子点的水氧稳定性并具有优良的背光性能 $ ^{[101]} $ 。chen 等人选用具有较好热稳定性的mn基钙钛矿量子点，并将其封装在ps中制成薄膜来提高量子点对环境因素的耐受性 $ ^{[102]} $ 。lin 的课题组通过控制成核/生长过程，在硼硅酸盐玻璃中沉淀了 $ cspbbr_{3} $ 量子点，制备了 $ cspbbr_{3}@glass@pdms $ 薄膜，得益于玻璃与聚合物的双重保护，复合膜经受高温高湿的老化实验后，仍具有优异的背光色彩表现 $ ^{[103-104]} $ 。chen 等人采用原位超声喷涂法制备了 $ cspbbr_{3}@pmma $ 复合膜，该膜具有宽色域、高色准度及稳定的环境存储性能，可应用于lcd背光显示 $ ^{[87]} $ 。另外，yang 等人在 $ cspbbr_{3} $ 钙钛矿量子点玻璃中掺入mgo，制备了高色域的背光转换膜。通过控制mgo的含量，可实现在522~533 nm的窄范围波长可调。mgo的加入增强了钙钛矿量子点的光学特性与稳定性 $ ^{[105]} $ 。总之，针对钙钛矿水氧稳定性弱的问题，已开展了大量研究。在不断的性能优化下，钙钛矿量子点在背光显示中展现出巨大应用前景。与聚合物结合后，钙钛矿量子点在扩散板中的应用值得被进一步探索。",在如图 1 所示的基于 Mini-LED 和量子点膜的直下式背光 LCD 结构中，请简述从最底层的光源出发，光线依次经过哪些主要光学功能膜层，并说明在这些膜层中光线的物理状态或颜色是如何发生变化的？,"光线从最底层的 Mini-LED 阵列发出后，依次经过以下膜层及变化：
1. **扩散板**：Mini-LED 发出的初始蓝光进入扩散板，利用其粒子散射特性将点光源发出的不均匀光线进行匀化，消除“热点”现象。
2. **量子点膜**：匀化后的蓝光进入量子点膜，通过色彩转换作用，激发出红光和绿光，并与剩余的蓝光混合形成均匀的白光面光源。
3. **棱镜膜**：形成的白光经过棱镜膜进行聚光和光线角度处理，最后进入液晶模组（LCM）用于图像显示。","{'is_qualified': True, 'issues': [], 'doubao_thought_process': '要分析基于 Mini - LED 和量子点膜的直下式背光 LCD 结构中光线的传播及变化，需结合膜层功能和光学原理，从最底层光源（Mini - LED）开始，依次分析各膜层的作用：\n\n\n### 1. **Mini - LED（光源层）**  \nMini - LED 作为背光源，**发射蓝光**（量子点背光的典型设计：利用蓝光激发量子点）。光线初始状态为**点光源发散光**，亮度分布不均（存在 LED 光斑），方向以向上发散为主。  \n\n\n### 2. **扩散板**  \n光线穿过扩散板时，扩散板的**散射作用**使光线均匀化：  \n- 物理状态变化：点光源的“集中发散光”转变为**均匀的面光源光**，光线方向更分散但整体亮度分布均匀，消除了 LED 光斑。  \n- 颜色暂未改变（仍为蓝光），但亮度均匀性显著提升。  \n\n\n### 3. **量子点膜**  \n均匀化的蓝光进入量子点膜，量子点（如红色、绿色量子点）被蓝光激发：  \n- 颜色变化：红色量子点吸收蓝光后**发射红光**，绿色量子点吸收蓝光后**发射绿光**；未被吸收的蓝光（或部分蓝光）直接透过。三种颜色的光混合，形成**包含红、绿、蓝的多色光（白光）**，光谱从单一蓝光转变为多色混合光，为 LCD 提供高色域（或全色）背光。  \n- 物理状态：光线颜色丰富度提升，亮度和颜色分布更均匀。  \n\n\n### 4. **棱镜膜（增亮膜）**  \n经过量子点膜的多色光（白光）进入棱镜膜，棱镜膜的**微结构（如三角形棱镜阵列）**将**大角度（斜向）的光线折射到垂直屏幕的方向**：  \n- 物理状态变化：减少光线的侧向损失，提高出光效率，使光线更集中于屏幕正面，**亮度显著提升**。  \n- 颜色保持多色混合的白光（或 RGB 光），方向更集中于屏幕法线方向。  \n\n\n### 最终进入液晶模组  \n光线进入液晶模组（包含偏光片、液晶层、彩色滤光片等），液晶层通过电场控制分子排列，调制光线的偏振和通断，结合量子点提供的多色光（或彩色滤光片），最终显示出不同颜色和亮度的图像。  \n\n\n**核心变化总结**：  \n- 扩散板：**匀光**（点→面，亮度均匀）。  \n- 量子点膜：**颜色转换**（蓝光→红、绿、蓝光混合，光谱丰富化）。  \n- 棱镜膜：**增亮**（方向集中，亮度提升）。  \n\n通过这三层膜的作用，背光从“点光源、单一蓝光、亮度不均”转变为“面光源、多色混合（白光）、亮度均匀且集中”，为 LCD 提供高色域、高亮度的背光基础。', 'doubao_distilled_answer': '要分析基于 Mini - LED 和量子点膜的直下式背光 LCD 结构中光线的传播及变化，需结合膜层功能和光学原理，从最底层光源（Mini - LED）开始，依次分析各膜层的作用：\n\n\n### 1. **Mini - LED（光源层）**  \nMini - LED 作为背光源，**发射蓝光**（量子点背光的典型设计：利用蓝光激发量子点）。光线初始状态为**点光源发散光**，亮度分布不均（存在 LED 光斑），方向以向上发散为主。  \n\n\n### 2. **扩散板**  \n光线穿过扩散板时，扩散板的**散射作用**使光线均匀化：  \n- 物理状态变化：点光源的“集中发散光”转变为**均匀的面光源光**，光线方向更分散但整体亮度分布均匀，消除了 LED 光斑。  \n- 颜色暂未改变（仍为蓝光），但亮度均匀性显著提升。  \n\n\n### 3. **量子点膜**  \n均匀化的蓝光进入量子点膜，量子点（如红色、绿色量子点）被蓝光激发：  \n- 颜色变化：红色量子点吸收蓝光后**发射红光**，绿色量子点吸收蓝光后**发射绿光**；未被吸收的蓝光（或部分蓝光）直接透过。三种颜色的光混合，形成**包含红、绿、蓝的多色光（白光）**，光谱从单一蓝光转变为多色混合光，为 LCD 提供高色域（或全色）背光。  \n- 物理状态：光线颜色丰富度提升，亮度和颜色分布更均匀。  \n\n\n### 4. **棱镜膜（增亮膜）**  \n经过量子点膜的多色光（白光）进入棱镜膜，棱镜膜的**微结构（如三角形棱镜阵列）**将**大角度（斜向）的光线折射到垂直屏幕的方向**：  \n- 物理状态变化：减少光线的侧向损失，提高出光效率，使光线更集中于屏幕正面，**亮度显著提升**。  \n- 颜色保持多色混合的白光（或 RGB 光），方向更集中于屏幕法线方向。  \n\n\n### 最终进入液晶模组  \n光线进入液晶模组（包含偏光片、液晶层、彩色滤光片等），液晶层通过电场控制分子排列，调制光线的偏振和通断，结合量子点提供的多色光（或彩色滤光片），最终显示出不同颜色和亮度的图像。  \n\n\n**核心变化总结**：  \n- 扩散板：**匀光**（点→面，亮度均匀）。  \n- 量子点膜：**颜色转换**（蓝光→红、绿、蓝光混合，光谱丰富化）。  \n- 棱镜膜：**增亮**（方向集中，亮度提升）。  \n\n通过这三层膜的作用，背光从“点光源、单一蓝光、亮度不均”转变为“面光源、多色混合（白光）、亮度均匀且集中”，为 LCD 提供高色域、高亮度的背光基础。'}"
./images/img_in_image_box_504_737_1880_1834.jpg,图 1.1.2.1 c.w.tang 等 1987 年制备的第一个高效 oled 结构,直到 1987 年，美国柯达公司的 c.w.tang $ ^{[5]} $  等取的了具有里程碑意义的突破。他们制得的发光二级管器件(见图 1.1.2.1)是由合金 mg/ag 做为阴极，铟-锡氧化物的透明薄膜作为阳极，其中夹有两层有机分子芳香二胺衍生物 (tpd) 和八羟基喹啉铝(alq3)，首次引入tpd为空穴传输层，并使用alq3为发光层，在10 v驱动电压下得到了亮度为 $ 1000\ cd/m^{2} $ 的绿光器件，发光效率为1.5 lm/w，寿命在100小时以上。这使得有机电致发光的研究取得了实质性的突破，并且成为世界范围内的一个研究热点，掀起了有机电致发光应用研究的热潮。同时也提供了oled开发者以后努力的方向即，有效的使电子和空穴复合，具有划时代的科学意义。,在1987年C.W. Tang制备的首个高效有机发光二极管（OLED）结构中，分别采用了哪两种具体的有机材料作为空穴传输层和发光层？此外，该器件在10 V驱动电压下的亮度和发光效率达到了多少？,在该OLED结构中，采用芳香二胺衍生物（TPD）作为空穴传输层，采用八羟基喹啉铝（Alq3）作为发光层。该器件在10 V驱动电压下得到了1000 cd/m²的亮度和1.5 lm/W的发光效率。,"{'is_qualified': True, 'issues': [], 'doubao_thought_process': '在1987年C.W. Tang制备的首个高效有机发光二极管（OLED）结构中：  \n\n\n### 1. 有机材料选择  \n- **空穴传输层（HTL）**：采用**芳香二胺**类有机材料（如芳香二胺衍生物，图片中标注为“芳香二胺”），负责从阳极（ITO）向发光层传输空穴。  \n- **发光层（EML）**：采用**8-羟基喹啉铝**（化学名称为*三（8-羟基喹啉）铝*，化学式为$\\boldsymbol{\\text{Alq}_3}$，图片中标注为“8-羟基喹啉铝”），通过电致发光过程产生光子。  \n\n\n### 2. 10 V驱动下的性能指标  \n- **亮度**：约 $\\boldsymbol{1000\\ \\text{cd/m}^2}$（或更准确的实验值为1000 cd/m²左右）。  \n- **发光效率**：功率效率约 $\\boldsymbol{1.5\\ \\text{lm/W}}$（或电流效率约1 cd/A，具体以Tang的1987年论文数据为准，实验显示该器件在10 V驱动下亮度与效率的综合表现为亮度1000 cd/m²、效率约1.5 lm/W）。  \n\n\n（注：Tang的1987年论文中，该OLED结构为“ITO/芳香二胺（HTL）/Alq₃（EML）/Mg:Ag（阴极）”，通过双层有机膜的电荷限制效应实现了高效发光，为现代OLED技术奠定了基础。）', 'doubao_distilled_answer': '在1987年C.W. Tang制备的首个高效有机发光二极管（OLED）结构中：  \n\n\n### 1. 有机材料选择  \n- **空穴传输层（HTL）**：采用**芳香二胺**类有机材料（如芳香二胺衍生物，图片中标注为“芳香二胺”），负责从阳极（ITO）向发光层传输空穴。  \n- **发光层（EML）**：采用**8-羟基喹啉铝**（化学名称为*三（8-羟基喹啉）铝*，化学式为$\\boldsymbol{\\text{Alq}_3}$，图片中标注为“8-羟基喹啉铝”），通过电致发光过程产生光子。  \n\n\n### 2. 10 V驱动下的性能指标  \n- **亮度**：约 $\\boldsymbol{1000\\ \\text{cd/m}^2}$（或更准确的实验值为1000 cd/m²左右）。  \n- **发光效率**：功率效率约 $\\boldsymbol{1.5\\ \\text{lm/W}}$（或电流效率约1 cd/A，具体以Tang的1987年论文数据为准，实验显示该器件在10 V驱动下亮度与效率的综合表现为亮度1000 cd/m²、效率约1.5 lm/W）。  \n\n\n（注：Tang的1987年论文中，该OLED结构为“ITO/芳香二胺（HTL）/Alq₃（EML）/Mg:Ag（阴极）”，通过双层有机膜的电荷限制效应实现了高效发光，为现代OLED技术奠定了基础。）'}"
./images/img_in_image_box_701_234_1677_900.jpg,图 3.1 多层电极的结构图,如图 3.1 所示，是薄膜电极的结构示意图。,在显示技术的研究中，多层电极结构常用于优化器件的光电性能。请根据提供的多层电极结构示意图，详细描述该电极从基底（Substrate）向上各功能层的堆叠顺序及其对应的化学成分。,该薄膜电极采用的是典型的介质/金属/介质（DMD）三层堆叠结构。从基底（Substrate）开始向上，各功能层的顺序及化学组成依次为：1. 紧贴基底的第一层为五氧化二铌（Nb2O5）电介质层；2. 中间层为金属银（Ag）导电层；3. 最顶层为第二层五氧化二铌（Nb2O5）电介质层。,"{'is_qualified': False, 'issues': ['原文（Original Text）内容过于简略，仅包含“多层电极的结构图”字样，未提供具体的示意图内容或任何关于化学成分（如五氧化二铌 Nb2O5、银 Ag）的文字描述。', '由于原文中缺乏核心信息，导致问题中要求的“根据提供的示意图”无法落实，且回答中具体的化学成分和堆叠顺序在原文中无据可依，无法验证其准确性。', '作为一个高质量的问答对，原文、问题和答案应具有逻辑支撑关系。本例中由于原文关键信息的缺失，导致该问答对在数据完整性上不合格。'], 'doubao_thought_process': '从基底（Substrate）向上，该多层电极的功能层堆叠顺序及对应化学成分如下：  \n\n1. **基底（Substrate）**：作为整个电极结构的支撑基底（具体基底材质图中未标注，通常可根据应用场景选用玻璃、柔性聚合物等）。  \n2. **第一层（紧邻基底）**：**五氧化二铌（$\\boldsymbol{\\ce{Nb2O5}}$）** 层，位于基底上方，是电极结构的底层功能层。  \n3. **第二层**：**银（$\\boldsymbol{\\ce{Ag}}$）** 层，位于 $\\ce{Nb2O5}$ 层上方，呈黄色，通常可作为导电层（银具有优异的导电性，可优化电极的电学传输性能）。  \n4. **第三层（最上层）**：**五氧化二铌（$\\boldsymbol{\\ce{Nb2O5}}$）** 层，位于 $\\ce{Ag}$ 层上方，与底层 $\\ce{Nb2O5}$ 配合，形成对中间 $\\ce{Ag}$ 层的“夹芯”结构（$\\ce{Nb2O5}$ 常作为透明氧化物层，兼具光学调控、界面修饰或保护导电层的作用）。  \n\n\n整体结构为“基底 $\\boldsymbol{\\to \\ce{Nb2O5} \\to \\ce{Ag} \\to \\ce{Nb2O5}}$”的三明治（夹芯）式多层堆叠，通过 $\\ce{Nb2O5}$（透明功能层）与 $\\ce{Ag}$（导电功能层）的复合，可兼顾光学透过性与电学导电性，优化显示器件的光电性能。', 'doubao_distilled_answer': '从基底（Substrate）向上，该多层电极的功能层堆叠顺序及对应化学成分如下：  \n\n1. **基底（Substrate）**：作为整个电极结构的支撑基底（具体基底材质图中未标注，通常可根据应用场景选用玻璃、柔性聚合物等）。  \n2. **第一层（紧邻基底）**：**五氧化二铌（$\\boldsymbol{\\ce{Nb2O5}}$）** 层，位于基底上方，是电极结构的底层功能层。  \n3. **第二层**：**银（$\\boldsymbol{\\ce{Ag}}$）** 层，位于 $\\ce{Nb2O5}$ 层上方，呈黄色，通常可作为导电层（银具有优异的导电性，可优化电极的电学传输性能）。  \n4. **第三层（最上层）**：**五氧化二铌（$\\boldsymbol{\\ce{Nb2O5}}$）** 层，位于 $\\ce{Ag}$ 层上方，与底层 $\\ce{Nb2O5}$ 配合，形成对中间 $\\ce{Ag}$ 层的“夹芯”结构（$\\ce{Nb2O5}$ 常作为透明氧化物层，兼具光学调控、界面修饰或保护导电层的作用）。  \n\n\n整体结构为“基底 $\\boldsymbol{\\to \\ce{Nb2O5} \\to \\ce{Ag} \\to \\ce{Nb2O5}}$”的三明治（夹芯）式多层堆叠，通过 $\\ce{Nb2O5}$（透明功能层）与 $\\ce{Ag}$（导电功能层）的复合，可兼顾光学透过性与电学导电性，优化显示器件的光电性能。'}"
./images/img_in_image_box_1559_594_1983_1085.jpg,,常见的液晶显示屏组件表面缺陷光学自动检测方法包括：采用平行光作为光源，光源照射到由气浮板承载的被测玻璃基板的表面，利用 ccd 摄像机作为接收器沿着扫描路径对被测玻璃基板进行扫描，实现被测基板不同位置的反射成像，如图 1.1 所示。在 1.1(a) 中，像机 1 和像机 2 表示像机在玻璃运动过程中两个扫描时间点的相对位置。通过观察成像结果，若缺陷在玻璃上表面，缺陷及其阴影各自成像的间距较大，随着缺陷位置向玻璃下表面移动，缺陷及其阴影各自成像的间距越来越小，如图 1.1(b)；直到缺陷出现在玻璃的下表面，两个图像完全重合如图 1.1(c)。可以根据缺陷及其阴影成像间距的大小，判断缺陷在玻璃基板中出现的位置 $ ^{[6]} $ 。,在使用平行光反射成像法对液晶显示屏玻璃基板进行缺陷检测时，若CCD摄像机捕捉到的成像结果显示缺陷与其阴影的成像间距逐渐减小直至完全重合，请说明这一现象反映了缺陷在玻璃基板内部位置的何种变化规律？,成像间距的大小直接反映了缺陷在玻璃基板厚度方向上的深度。当成像间距较大时，缺陷位于玻璃的上表面；随着缺陷位置从上表面向玻璃下表面移动，缺陷与其阴影的成像间距会随之逐渐缩小；当缺陷与其阴影图像完全重合时，表明该缺陷位于玻璃的下表面。,"{'is_qualified': True, 'issues': [], 'doubao_thought_process': '要理解这一现象，需结合**几何光学**和**缺陷在玻璃内部的深度（垂直于表面的距离）**分析：\n\n\n### 1. 成像原理：缺陷的“像”与“阴影像”的成因  \n液晶玻璃基板为透明介质，缺陷（如杂质、气泡）位于内部（深度方向，设为\\( z \\)轴，表面为\\( z=0 \\)，内部\\( z>0 \\)）。平行光斜入射时，缺陷会产生两种成像：  \n- **缺陷像**：缺陷对光线的**散射/反射光**经玻璃表面折射后，被CCD捕捉形成的像。  \n- **阴影像**：缺陷遮挡平行光，导致表面某区域无光线到达，形成的**阴影**经CCD捕捉形成的像。  \n\n\n### 2. 深度与成像间距的关系  \n设缺陷到玻璃表面的**深度**为\\( d \\)（即\\( z=d \\)，\\( d \\)越大，缺陷越深）。通过几何分析：  \n- 平行光入射到缺陷时，阴影的位置由“缺陷阻挡的光线在表面的投影”决定，像的位置由“缺陷散射/反射光的折射路径”决定。  \n- 当缺陷**深度\\( d \\)减小时**（即缺陷向表面靠近，\\( d \\to 0 \\)），阴影与像的水平间距（沿平行光入射方向的投影间距）会**逐渐减小**：  \n  - 深度\\( d \\)越大（缺陷越深），光线在玻璃内的传播路径越长，阴影与像的间距越大；  \n  - 深度\\( d \\)越小（缺陷越浅，靠近表面），光线传播路径越短，间距越小；  \n  - 当\\( d=0 \\)（缺陷到达表面），阴影与像的传播路径重合，间距为0（完全重合）。  \n\n\n### 3. 现象的物理意义  \n成像间距“逐渐减小直至完全重合”，反映缺陷在玻璃内部的**深度\\( d \\)逐渐减小**（即缺陷**向玻璃表面靠近**），最终到达表面时，间距为0。  \n\n\n简言之：缺陷与其阴影的成像间距减小直至重合，说明缺陷在玻璃基板内部的**深度（到表面的垂直距离）逐渐减小**，即缺陷从内部深处向表面移动，最终到达表面。', 'doubao_distilled_answer': '要理解这一现象，需结合**几何光学**和**缺陷在玻璃内部的深度（垂直于表面的距离）**分析：\n\n\n### 1. 成像原理：缺陷的“像”与“阴影像”的成因  \n液晶玻璃基板为透明介质，缺陷（如杂质、气泡）位于内部（深度方向，设为\\( z \\)轴，表面为\\( z=0 \\)，内部\\( z>0 \\)）。平行光斜入射时，缺陷会产生两种成像：  \n- **缺陷像**：缺陷对光线的**散射/反射光**经玻璃表面折射后，被CCD捕捉形成的像。  \n- **阴影像**：缺陷遮挡平行光，导致表面某区域无光线到达，形成的**阴影**经CCD捕捉形成的像。  \n\n\n### 2. 深度与成像间距的关系  \n设缺陷到玻璃表面的**深度**为\\( d \\)（即\\( z=d \\)，\\( d \\)越大，缺陷越深）。通过几何分析：  \n- 平行光入射到缺陷时，阴影的位置由“缺陷阻挡的光线在表面的投影”决定，像的位置由“缺陷散射/反射光的折射路径”决定。  \n- 当缺陷**深度\\( d \\)减小时**（即缺陷向表面靠近，\\( d \\to 0 \\)），阴影与像的水平间距（沿平行光入射方向的投影间距）会**逐渐减小**：  \n  - 深度\\( d \\)越大（缺陷越深），光线在玻璃内的传播路径越长，阴影与像的间距越大；  \n  - 深度\\( d \\)越小（缺陷越浅，靠近表面），光线传播路径越短，间距越小；  \n  - 当\\( d=0 \\)（缺陷到达表面），阴影与像的传播路径重合，间距为0（完全重合）。  \n\n\n### 3. 现象的物理意义  \n成像间距“逐渐减小直至完全重合”，反映缺陷在玻璃内部的**深度\\( d \\)逐渐减小**（即缺陷**向玻璃表面靠近**），最终到达表面时，间距为0。  \n\n\n简言之：缺陷与其阴影的成像间距减小直至重合，说明缺陷在玻璃基板内部的**深度（到表面的垂直距离）逐渐减小**，即缺陷从内部深处向表面移动，最终到达表面。'}"
./images/img_in_image_box_1164_2367_2167_2616.jpg,图 2 新型带 oca 偏光片的结构,偏光片是 lcd、oled 等显示屏必须用到一种薄膜复合材料，普通偏光片是单面涂覆压敏胶，用于贴合显示屏。其结构如图 1：在生产偏光片的过程中，将 oca 胶涂覆在偏光片的无胶面，或将 oca 胶带复合在偏光片的保护膜面，制得新型带 oca 偏光片，其结构如下图 2：### 3.2 带 oca 偏光片的性能特征,在一种新型带 OCA 的偏光片多层复合结构中，请分别指出用于贴合显示面板（LCD/OLED）与贴合盖板（Cover Plate）的胶层名称，并说明该结构中的偏光片层在不同显示类型（LCD 与 OLED）中分别发挥什么作用？,在这种新型结构中，用于贴合 LCD 或 OLED 显示面板的胶层是 PSA（压敏胶）；用于贴合触控面板（TP）或盖板的胶层是 OCA（光学透明胶）。中间的偏光片层在 LCD 显示中主要起“起偏”作用，而在 OLED 显示中主要起“防反射”作用。,"{'is_qualified': True, 'issues': [], 'doubao_thought_process': '要解决这个问题，需结合图中多层复合结构的层功能标注，分析胶层类型与偏光片作用：  \n\n\n### 1. 胶层名称（贴合对象）  \n- **贴合显示面板（LCD/OLED）的胶层**：**PSA（压敏胶，Pressure Sensitive Adhesive）**  \n  图中标注“（3）用于粘接LCD或OLED面板”的胶层为PSA，它通过压敏粘性直接贴合显示面板，实现结构固定与光学连接。  \n\n- **贴合盖板（Cover Plate）的胶层**：**OCA（光学透明胶，Optically Clear Adhesive）**  \n  图中标注“（1）用于粘接TP、盖板（适用于对腐蚀、光学清透性有高要求的场合）”的胶层为OCA，OCA具有高光学透明性，用于贴合盖板（或TP），保证显示区域的透光性与粘接强度。  \n\n\n### 2. 偏光片的作用（LCD vs OLED）  \n偏光片层在图中对应标注“（2）起偏光（LCD）或防反射（OLED）作用”，具体原理如下：  \n- **LCD（液晶显示）**：LCD依赖**背光+液晶层**实现显示，偏光片的核心作用是**“起偏光”**——将背光的非偏振光转化为线偏振光，配合液晶分子的旋转（受电信号控制），实现对光的“通/断”调制（如亮/暗、色彩显示）。若无偏光片，液晶层无法有效控制光的偏振状态，显示逻辑会失效。  \n\n- **OLED（有机发光显示）**：OLED为**自发光**显示（无背光），偏光片的核心作用是**“防反射”**——外界环境光（如阳光、灯光）照射屏幕时，易在表面产生反射光，干扰显示效果。偏光片可利用偏振特性（与反射光的偏振方向相消），大幅减少反射光强度，提升屏幕对比度与可视性（尤其强光下）。  \n\n\n（注：图中“重离型膜”“轻离型膜”为保护膜，用于生产/运输时保护胶层，贴合时需剥离。）', 'doubao_distilled_answer': '要解决这个问题，需结合图中多层复合结构的层功能标注，分析胶层类型与偏光片作用：  \n\n\n### 1. 胶层名称（贴合对象）  \n- **贴合显示面板（LCD/OLED）的胶层**：**PSA（压敏胶，Pressure Sensitive Adhesive）**  \n  图中标注“（3）用于粘接LCD或OLED面板”的胶层为PSA，它通过压敏粘性直接贴合显示面板，实现结构固定与光学连接。  \n\n- **贴合盖板（Cover Plate）的胶层**：**OCA（光学透明胶，Optically Clear Adhesive）**  \n  图中标注“（1）用于粘接TP、盖板（适用于对腐蚀、光学清透性有高要求的场合）”的胶层为OCA，OCA具有高光学透明性，用于贴合盖板（或TP），保证显示区域的透光性与粘接强度。  \n\n\n### 2. 偏光片的作用（LCD vs OLED）  \n偏光片层在图中对应标注“（2）起偏光（LCD）或防反射（OLED）作用”，具体原理如下：  \n- **LCD（液晶显示）**：LCD依赖**背光+液晶层**实现显示，偏光片的核心作用是**“起偏光”**——将背光的非偏振光转化为线偏振光，配合液晶分子的旋转（受电信号控制），实现对光的“通/断”调制（如亮/暗、色彩显示）。若无偏光片，液晶层无法有效控制光的偏振状态，显示逻辑会失效。  \n\n- **OLED（有机发光显示）**：OLED为**自发光**显示（无背光），偏光片的核心作用是**“防反射”**——外界环境光（如阳光、灯光）照射屏幕时，易在表面产生反射光，干扰显示效果。偏光片可利用偏振特性（与反射光的偏振方向相消），大幅减少反射光强度，提升屏幕对比度与可视性（尤其强光下）。  \n\n\n（注：图中“重离型膜”“轻离型膜”为保护膜，用于生产/运输时保护胶层，贴合时需剥离。）'}"
./images/img_in_chart_box_376_1340_1345_1693.jpg,图 4.1 基于厌氧紫外胶的夺取式转印方案原理图（(a)转印受体与转印载体复合，(b)(c)施加压力、加热、光照等转印条件，(d)转印载体与转印受体分离）,基于厌氧 uv 胶的转印过程如图 4.1 所示，图(a)为将转印载体与转印受体复合过程；图(b)(c)为压合后施加一定压力、uv 光照、低温加热等转印条件；图(d)为在一定条件下将转印载体与转印受体分离。转印载体上与转印受体结构凸起部分接触的金属层将被选择性地转移到转印受体表面。因而将在转印受体表面得到图案化的金属微纳结构。,在基于厌氧UV胶的夺取式转印（Snatch-style transfer printing）工艺中，金属层实现“选择性转移”的物理机制是什么？请结合转印受体与转印载体的结构特征进行说明。,金属层的选择性转移是通过转印受体（具有凸起结构的柔性模板）与转印载体（表面覆盖有金属层和厌氧UV胶的基底）之间的局部机械接触实现的。在复合过程中，只有转印受体上形貌凸起的部位能与载体表面的厌氧UV胶层直接接触。在施加压力、UV光照和低温加热等转印条件后，接触区域的UV胶固化产生粘附力，将金属层与受体凸起部分牢固结合。当转印载体与受体分离时，仅与凸起结构接触的金属层被“夺取”并转移到受体表面，从而在受体上形成与模板凸起形貌完全一致的图案化金属微纳结构。,"{'is_qualified': True, 'issues': [], 'doubao_thought_process': '要理解厌氧紫外（UV）胶夺取式转印中金属层“选择性转移”的物理机制，需结合**转印受体与转印载体的结构特征**及**厌氧UV胶的固化特性**分析：\n\n\n### 1. 转印受体与转印载体的结构特征  \n- **转印受体**：包含**厌氧UV胶层**（蓝色）和**柔性基底**（灰色）。厌氧UV胶层表面平整（或适配金属层的微观结构），为金属层提供“粘附靶面”。  \n- **转印载体**：包含**柔性模板结构**（橙色，可能为微纳图案化基底）和**金属层**（紫色）。金属层通过物理吸附、弱键合（如范德华力）附着在柔性模板结构表面，结合力较弱。  \n\n\n### 2. 厌氧UV胶的固化与界面作用（转印条件的核心作用）  \n厌氧UV胶兼具**“厌氧固化”**（无氧环境下固化）和**“UV固化”**（紫外光下固化）的双重特性。转印过程中，施加的**压力、加热、光照**共同调控胶层与金属层的界面结合力：  \n\n- **压力**：使厌氧UV胶层与金属层**紧密接触**，排除界面空气（形成无氧环境，触发厌氧胶固化）；同时，胶的流动性在压力下填充金属层表面的微观凹凸（如晶界、缺陷、纳米级粗糙结构），为后续固化后的**机械互锁**提供结构基础。  \n- **加热/光照**：加热加速厌氧胶的固化（无氧环境下，厌氧胶的固化反应速率随温度升高而加快）；光照触发UV胶的固化（若为双固化体系）。固化后的厌氧UV胶与金属层形成**强结合**：  \n  - **化学键合**：胶中的活性基团（如环氧基、氨基）与金属表面的羟基（或氧化层）发生化学反应，形成共价键。  \n  - **机械互锁**：胶填充金属表面的微观结构，固化后形成“锚定效应”，增强界面结合力。  \n\n\n### 3. 选择性转移的物理机制：结合力的“差分式”竞争  \n金属层同时与**转印受体（厌氧UV胶层）**和**转印载体（柔性模板结构）**存在界面结合力，但两者的结合力存在**显著差异**：  \n\n- 厌氧UV胶固化后，与金属层的结合力（化学键+机械互锁）**远大于**金属层与柔性模板结构的结合力（弱物理吸附/范德华力）。  \n- 转印分离（步骤d）时，金属层更倾向于“跟随”结合力更强的转印受体（厌氧UV胶层），从而从转印载体（柔性模板结构）上“被夺取”，实现**选择性转移**。  \n\n\n### 关键总结  \n厌氧UV胶在转印条件下（压力形成无氧环境、加热/光照触发固化），与金属层形成**强结合（化学+机械）**；而金属层与转印载体的结合力较弱。通过**结合力的差分式竞争**，金属层从载体转移到受体，实现“选择性转移”。', 'doubao_distilled_answer': '要理解厌氧紫外（UV）胶夺取式转印中金属层“选择性转移”的物理机制，需结合**转印受体与转印载体的结构特征**及**厌氧UV胶的固化特性**分析：\n\n\n### 1. 转印受体与转印载体的结构特征  \n- **转印受体**：包含**厌氧UV胶层**（蓝色）和**柔性基底**（灰色）。厌氧UV胶层表面平整（或适配金属层的微观结构），为金属层提供“粘附靶面”。  \n- **转印载体**：包含**柔性模板结构**（橙色，可能为微纳图案化基底）和**金属层**（紫色）。金属层通过物理吸附、弱键合（如范德华力）附着在柔性模板结构表面，结合力较弱。  \n\n\n### 2. 厌氧UV胶的固化与界面作用（转印条件的核心作用）  \n厌氧UV胶兼具**“厌氧固化”**（无氧环境下固化）和**“UV固化”**（紫外光下固化）的双重特性。转印过程中，施加的**压力、加热、光照**共同调控胶层与金属层的界面结合力：  \n\n- **压力**：使厌氧UV胶层与金属层**紧密接触**，排除界面空气（形成无氧环境，触发厌氧胶固化）；同时，胶的流动性在压力下填充金属层表面的微观凹凸（如晶界、缺陷、纳米级粗糙结构），为后续固化后的**机械互锁**提供结构基础。  \n- **加热/光照**：加热加速厌氧胶的固化（无氧环境下，厌氧胶的固化反应速率随温度升高而加快）；光照触发UV胶的固化（若为双固化体系）。固化后的厌氧UV胶与金属层形成**强结合**：  \n  - **化学键合**：胶中的活性基团（如环氧基、氨基）与金属表面的羟基（或氧化层）发生化学反应，形成共价键。  \n  - **机械互锁**：胶填充金属表面的微观结构，固化后形成“锚定效应”，增强界面结合力。  \n\n\n### 3. 选择性转移的物理机制：结合力的“差分式”竞争  \n金属层同时与**转印受体（厌氧UV胶层）**和**转印载体（柔性模板结构）**存在界面结合力，但两者的结合力存在**显著差异**：  \n\n- 厌氧UV胶固化后，与金属层的结合力（化学键+机械互锁）**远大于**金属层与柔性模板结构的结合力（弱物理吸附/范德华力）。  \n- 转印分离（步骤d）时，金属层更倾向于“跟随”结合力更强的转印受体（厌氧UV胶层），从而从转印载体（柔性模板结构）上“被夺取”，实现**选择性转移**。  \n\n\n### 关键总结  \n厌氧UV胶在转印条件下（压力形成无氧环境、加热/光照触发固化），与金属层形成**强结合（化学+机械）**；而金属层与转印载体的结合力较弱。通过**结合力的差分式竞争**，金属层从载体转移到受体，实现“选择性转移”。'}"
./images/img_in_image_box_529_2119_1974_2835.jpg,图 2-8 供水系统设计视图,供水系统主要是将过滤后的超纯水经过高压泵的加压后输送到毛刷刷洗位、研磨清洗位及磨后冲洗位；供气系统主要为风刀提供清洁、充足的气源，以使研磨清洗后的液晶玻璃能够快速风干。图 2-8 所示为供水、供气系统设计视图。,在液晶玻璃加工流程中，根据所提供的供水与供气系统设计视图，请说明供气系统在清洗工序后的具体功能是什么，以及其服务的核心组件名称。,供气系统的具体功能是为系统提供清洁、充足的气源，以实现研磨清洗后的液晶玻璃能够快速风干。其服务的核心组件是风刀。,"{'is_qualified': False, 'issues': ['原文内容与问题及回答存在严重冲突：原文标题明确为“供水系统设计视图”，而问题和回答讨论的核心是“供气系统”。', '原文信息严重缺失：原文仅有一行文字标题，并未包含任何关于系统组件、颜色、功能或设计逻辑的具体描述。而回答中详细列出了“蓝色电机”、“灰色滤芯”、“红色/黑色阀门”等具体的视觉特征和组件功能，这些信息在提供的原文中完全不存在。', '回答内容属于无中生有：由于原文没有提供任何设计视图的具体信息，回答中关于空气压缩机、过滤器等核心组件的分析与原文内容完全不符。'], 'doubao_thought_process': '在液晶玻璃加工的**清洗工序后**，供气系统的核心功能是：**向清洗后的液晶玻璃表面提供干燥的压缩空气，通过“吹扫（吹干）”作用去除玻璃表面残留的清洗液（或水分），使玻璃表面快速干燥、洁净，避免水渍/残留液影响后续加工（如光刻、镀膜、切割等）的表面质量**。  \n\n\n### 服务的核心组件（结合设计视图分析）：  \n1. **空气压缩机（图中蓝色电机驱动的泵类装置）**：  \n   是供气系统的**动力核心**，负责将空气压缩为具有一定压力的气流，为“吹扫干燥”提供能量源。  \n\n2. **空气过滤器（图中灰色带滤芯的装置）**：  \n   是供气系统的**净化核心**，过滤压缩空气中的杂质（如粉尘、油雾等），确保吹扫空气洁净，避免二次污染玻璃表面。  \n\n3. **管路系统+控制阀（图中多组管道、红色/黑色阀门）**：  \n   是供气系统的**传输/调节核心**，负责输送压缩空气，并通过阀门调节气流的压力、流量，精准控制吹扫强度与范围，适配不同规格玻璃的干燥需求。  \n\n\n（注：若系统包含干燥器，其功能为去除压缩空气中的水分，进一步确保吹扫空气“干燥无湿”，避免二次带水；图中灰色过滤装置也可能集成干燥功能，需结合设计细节判断。）', 'doubao_distilled_answer': '在液晶玻璃加工的**清洗工序后**，供气系统的核心功能是：**向清洗后的液晶玻璃表面提供干燥的压缩空气，通过“吹扫（吹干）”作用去除玻璃表面残留的清洗液（或水分），使玻璃表面快速干燥、洁净，避免水渍/残留液影响后续加工（如光刻、镀膜、切割等）的表面质量**。  \n\n\n### 服务的核心组件（结合设计视图分析）：  \n1. **空气压缩机（图中蓝色电机驱动的泵类装置）**：  \n   是供气系统的**动力核心**，负责将空气压缩为具有一定压力的气流，为“吹扫干燥”提供能量源。  \n\n2. **空气过滤器（图中灰色带滤芯的装置）**：  \n   是供气系统的**净化核心**，过滤压缩空气中的杂质（如粉尘、油雾等），确保吹扫空气洁净，避免二次污染玻璃表面。  \n\n3. **管路系统+控制阀（图中多组管道、红色/黑色阀门）**：  \n   是供气系统的**传输/调节核心**，负责输送压缩空气，并通过阀门调节气流的压力、流量，精准控制吹扫强度与范围，适配不同规格玻璃的干燥需求。  \n\n\n（注：若系统包含干燥器，其功能为去除压缩空气中的水分，进一步确保吹扫空气“干燥无湿”，避免二次带水；图中灰色过滤装置也可能集成干燥功能，需结合设计细节判断。）'}"
./images/img_in_image_box_745_1305_1298_2100.jpg,图 3-2 反应釜照片,"以  $ sncl_{2}\cdot2h_{2}o $  作为 sn 的出发原料，会因为工艺控制不当造成生成的  $ sno_{2} $  薄膜中出现 sn 单质和  $ sno^{[27,133,134]} $ ，降低薄膜的光电综合性能，若采用四价态的  $ sncl_{4}\cdot5h_{2}o $ ，可避免出现类似的问题；与乙醇相比，甲醇的挥发性更强，甲醇的雾滴在飞行过程中更易变得细小，使薄膜沉积更加均匀，在配制工艺允许前提下，采用甲醇作溶剂喷涂效果更佳。因此，本研究使用的喷雾溶液以  $ sncl_{4}\cdot5h_{2}o $  为出发原料，氢氟酸为掺杂剂，甲醇为溶剂，鉴于回流法制备  $ sno_{2}:f $  喷涂液效率不高，本研究采用加温加压的方式，加快溶液内的化学反应速率，提高喷涂液制备效率，具体工艺是将  $ sncl_{4}\cdot5h_{2}o $ 、hf 按照一定比例溶于甲醇，于高温磁力搅拌反应釜中进行反应，反应温度  $ 70\;^{\circ}c $ ，反应压力  $ 0.4\;mpa $ ，反应时间  $ 2.5\;h $ ，工艺流程见图 3-1，配制好的喷涂液为澄清的黄色溶液，图 3-2 给出了高温磁力搅拌反应釜实物图。",在利用如图 3-2 所示的高温磁力搅拌反应釜制备用于显示技术的 SnO2:F 喷涂液时，相比于传统的加流法（回流法），采用该加温加压工艺的主要目的是什么？并请列出该反应过程对应的具体工艺参数（温度、压力与时间）。,采用加温加压工艺的主要目的是为了加快溶液内部的化学反应速率，从而解决回流法制备效率不高的问题，提高喷涂液的制备效率。在该反应釜中进行的具体工艺参数为：反应温度为 70 ℃，反应压力为 0.4 MPa，反应时间为 2.5 h。,"{'is_qualified': False, 'issues': ['原文内容严重缺失：原文仅有“反应釜照片”五个字，完全没有提及问题中涉及的 SnO2:F 喷涂液、传统加流法对比、以及任何关于温度、压力和时间的具体工艺参数。', '答案来源不明：回答中给出的详细工艺参数（如 120~200°C、0.5~2 MPa、6~24 h）在提供的原文中没有任何依据，属于脱离给定文本的外部知识或臆造，不符合基于原文进行问答的质量要求。', '指代不明：问题中提到的“如图 3-2 所示”在原文中并无对应的图片或文字说明，导致问题背景在给定材料中无法闭环。'], 'doubao_thought_process': '### 主要目的  \n相比于传统回流法（常压、溶剂沸点温度反应），**加温加压工艺（高压反应釜）可通过提高反应体系温度（突破溶剂常压沸点限制），加快反应速率、缩短反应时间**；同时，**高压环境促进前驱体（锡盐、氟源）的水解、缩合及氟掺杂反应更彻底**，获得**粒度均匀、分散性良好的SnO₂:F纳米颗粒**，提升喷涂液的稳定性与后续喷涂成膜的性能（如透明导电膜的高透光率、低电阻率）；此外，加压升温利于**提高氟掺杂效率**，使F更有效地掺入SnO₂晶格，优化材料的导电性能（满足显示技术对透明导电层的要求）。  \n\n\n### 典型工艺参数（因实验条件略有调整）  \n- **温度**：\\(\\boldsymbol{120\\sim200^\\circ\\mathrm{C}}\\)（如\\(150\\sim180^\\circ\\mathrm{C}\\)，需结合溶剂沸点与反应需求，常见水热体系温度为\\(150^\\circ\\mathrm{C}\\)左右）；  \n- **压力**：\\(\\boldsymbol{0.5\\sim2\\,\\mathrm{MPa}}\\)（表压，对应反应体系的饱和蒸气压，如水温\\(150^\\circ\\mathrm{C}\\)时饱和蒸气压约\\(0.47\\,\\mathrm{MPa}\\)，实际表压可设为\\(0.5\\sim1.5\\,\\mathrm{MPa}\\)）；  \n- **时间**：\\(\\boldsymbol{6\\sim24\\,\\mathrm{h}}\\)（如\\(12\\,\\mathrm{h}\\)，需平衡反应速率与产物性能，时间过短反应不完全，过长易导致颗粒团聚）。  \n\n\n（注：具体参数需根据前驱体种类、溶剂体系及实验需求调整，上述为典型参考范围。）', 'doubao_distilled_answer': '### 主要目的  \n相比于传统回流法（常压、溶剂沸点温度反应），**加温加压工艺（高压反应釜）可通过提高反应体系温度（突破溶剂常压沸点限制），加快反应速率、缩短反应时间**；同时，**高压环境促进前驱体（锡盐、氟源）的水解、缩合及氟掺杂反应更彻底**，获得**粒度均匀、分散性良好的SnO₂:F纳米颗粒**，提升喷涂液的稳定性与后续喷涂成膜的性能（如透明导电膜的高透光率、低电阻率）；此外，加压升温利于**提高氟掺杂效率**，使F更有效地掺入SnO₂晶格，优化材料的导电性能（满足显示技术对透明导电层的要求）。  \n\n\n### 典型工艺参数（因实验条件略有调整）  \n- **温度**：\\(\\boldsymbol{120\\sim200^\\circ\\mathrm{C}}\\)（如\\(150\\sim180^\\circ\\mathrm{C}\\)，需结合溶剂沸点与反应需求，常见水热体系温度为\\(150^\\circ\\mathrm{C}\\)左右）；  \n- **压力**：\\(\\boldsymbol{0.5\\sim2\\,\\mathrm{MPa}}\\)（表压，对应反应体系的饱和蒸气压，如水温\\(150^\\circ\\mathrm{C}\\)时饱和蒸气压约\\(0.47\\,\\mathrm{MPa}\\)，实际表压可设为\\(0.5\\sim1.5\\,\\mathrm{MPa}\\)）；  \n- **时间**：\\(\\boldsymbol{6\\sim24\\,\\mathrm{h}}\\)（如\\(12\\,\\mathrm{h}\\)，需平衡反应速率与产物性能，时间过短反应不完全，过长易导致颗粒团聚）。  \n\n\n（注：具体参数需根据前驱体种类、溶剂体系及实验需求调整，上述为典型参考范围。）'}"
./images/img_in_image_box_859_2119_1575_2628.jpg,图 1.7 三层器件结构示意图,"日本的 adschi $ ^{[18,19]} $  首次提出了三层器件的结构，即：htl、etl 和 eml。这种结构的优点是细化了每一个层的功能。三层有机电致发光器件的结构如图 1.7 所示。",根据提供的三层有机电致发光器件结构示意图（图 1.7），请列出该器件从下至上完整的物理层叠顺序，并说明该三层有机功能层（HTL、ELL、ETL）设计的核心技术优势是什么？,该器件从下至上的完整层叠顺序为：玻璃基板（Glass substrate）、透明阳极（ITO）、空穴传输层（HTL）、发光层（ELL，对应文本中的EML）、电子传输层（ETL）以及金属阴极（Al）。这种设计的三层有机结构核心技术优势在于细化了每一个功能层的作用，使空穴传输、电子传输和激子复合发光的功能分别由不同的材料层独立承担。,"{'is_qualified': False, 'issues': ['原文内容缺失：提供的【原文】仅有一行标题“三层器件结构示意图”，并未包含问题中提到的“图 1.7”，也未提供任何关于器件层级结构（如ITO、Al、玻璃衬底）或技术优势（如能级匹配、速率平衡等）的具体文字描述。', '回答与原文脱节：【回答】和【标准答案】中包含的大量专业技术细节（如具体的材料名称、载流子传输机制等）在【原文】中完全没有依据，无法通过提供的原文得出上述结论。', '信息来源不明确：虽然回答在科学常识上是准确的，但作为针对特定原文的质量检查，该问答对属于“无中生有”，不符合基于给定文本进行问答的质量要求。'], 'doubao_thought_process': '### 一、器件从下至上的完整物理层叠顺序（含无机层与有机功能层）：  \n**玻璃衬底（Glass substrate）**（最底层，支撑器件）→ **氧化铟锡（ITO）**（透明阳极，导电且透光，利于光出射）→ **空穴传输层（HTL）**（有机功能层，传输空穴）→ **发光层（ELL）**（有机功能层，电子-空穴复合发光）→ **电子传输层（ETL）**（有机功能层，传输电子）→ **铝（Al）**（金属阴极，导电且反射光，增强光取出效率）。  \n\n\n### 二、三层有机功能层（HTL、ELL、ETL）的核心技术优势：  \n三层功能层通过**“定向传输+有效复合+损失抑制”**的协同设计，解决了载流子传输、复合与发光的核心问题，具体优势如下：  \n\n#### 1. 载流子“定向传输”，避免非发光区复合  \n- **空穴传输层（HTL）**：高效传输从ITO阳极注入的空穴，通过材料设计（如高空穴迁移率、能级匹配阳极与发光层），降低空穴注入/传输势垒，确保空穴定向迁移至**发光层（ELL）**；同时，HTL的能级设计可**阻挡电子**（避免电子从ELL反向扩散至阳极），减少非辐射复合损失。  \n- **电子传输层（ETL）**：高效传输从Al阴极注入的电子，通过材料设计（如高电子迁移率、能级匹配阴极与发光层），降低电子注入/传输势垒，确保电子定向迁移至**发光层（ELL）**；同时，ETL的能级设计可**阻挡空穴**（避免空穴从ELL反向扩散至阴极），进一步减少非辐射复合损失。  \n\n\n#### 2. 发光层（ELL）实现“高效复合发光”  \nELL作为电子-空穴的**复合发光核心区**，其材料（如荧光/磷光主体-掺杂体系）具有高发光量子效率，可将电子-空穴复合的能量高效转化为光子（荧光/磷光发射）。通过HTL/ETL的定向传输，电子与空穴在ELL内精准复合，避免载流子在传输层或电极界面复合（非发光区），最大化发光效率。  \n\n\n#### 3. 能级与速率“协同匹配”，提升器件性能  \n- **能级匹配**：HTL/ETL的能带设计（如最高占据分子轨道HOMO、最低未占据分子轨道LUMO）匹配阳极/阴极功函数与ELL的能带，降低载流子注入势垒，提升注入效率。  \n- **速率平衡**：通过优化HTL的空穴迁移率、ETL的电子迁移率，平衡空穴与电子的传输速率，避免载流子在某一层积累（导致淬灭或劣化），延长器件寿命，提升稳定性。  \n\n\n### 核心总结：  \n三层有机功能层（HTL、ELL、ETL）通过**“空穴定向传输+电子定向传输+发光层高效复合”**的协同设计，实现了载流子的“分离传输、有效复合、损失抑制”，最终提升了有机电致发光器件的**发光效率、亮度、稳定性与寿命**，是OLED器件核心性能的关键支撑。', 'doubao_distilled_answer': '### 一、器件从下至上的完整物理层叠顺序（含无机层与有机功能层）：  \n**玻璃衬底（Glass substrate）**（最底层，支撑器件）→ **氧化铟锡（ITO）**（透明阳极，导电且透光，利于光出射）→ **空穴传输层（HTL）**（有机功能层，传输空穴）→ **发光层（ELL）**（有机功能层，电子-空穴复合发光）→ **电子传输层（ETL）**（有机功能层，传输电子）→ **铝（Al）**（金属阴极，导电且反射光，增强光取出效率）。  \n\n\n### 二、三层有机功能层（HTL、ELL、ETL）的核心技术优势：  \n三层功能层通过**“定向传输+有效复合+损失抑制”**的协同设计，解决了载流子传输、复合与发光的核心问题，具体优势如下：  \n\n#### 1. 载流子“定向传输”，避免非发光区复合  \n- **空穴传输层（HTL）**：高效传输从ITO阳极注入的空穴，通过材料设计（如高空穴迁移率、能级匹配阳极与发光层），降低空穴注入/传输势垒，确保空穴定向迁移至**发光层（ELL）**；同时，HTL的能级设计可**阻挡电子**（避免电子从ELL反向扩散至阳极），减少非辐射复合损失。  \n- **电子传输层（ETL）**：高效传输从Al阴极注入的电子，通过材料设计（如高电子迁移率、能级匹配阴极与发光层），降低电子注入/传输势垒，确保电子定向迁移至**发光层（ELL）**；同时，ETL的能级设计可**阻挡空穴**（避免空穴从ELL反向扩散至阴极），进一步减少非辐射复合损失。  \n\n\n#### 2. 发光层（ELL）实现“高效复合发光”  \nELL作为电子-空穴的**复合发光核心区**，其材料（如荧光/磷光主体-掺杂体系）具有高发光量子效率，可将电子-空穴复合的能量高效转化为光子（荧光/磷光发射）。通过HTL/ETL的定向传输，电子与空穴在ELL内精准复合，避免载流子在传输层或电极界面复合（非发光区），最大化发光效率。  \n\n\n#### 3. 能级与速率“协同匹配”，提升器件性能  \n- **能级匹配**：HTL/ETL的能带设计（如最高占据分子轨道HOMO、最低未占据分子轨道LUMO）匹配阳极/阴极功函数与ELL的能带，降低载流子注入势垒，提升注入效率。  \n- **速率平衡**：通过优化HTL的空穴迁移率、ETL的电子迁移率，平衡空穴与电子的传输速率，避免载流子在某一层积累（导致淬灭或劣化），延长器件寿命，提升稳定性。  \n\n\n### 核心总结：  \n三层有机功能层（HTL、ELL、ETL）通过**“空穴定向传输+电子定向传输+发光层高效复合”**的协同设计，实现了载流子的“分离传输、有效复合、损失抑制”，最终提升了有机电致发光器件的**发光效率、亮度、稳定性与寿命**，是OLED器件核心性能的关键支撑。'}"
./images/img_in_image_box_1299_1649_1721_2056.jpg,图 1 器件的基本结构,"有机/高分子电致发光显示屏的基本结构是两电极(其中一个是透明电极)间夹有机/高分子发光层, 在低于  $ 10 \, v $  (高分子器件低于  $ 5 \, v $ ) 电压驱动下即可实现光的发射, 发射的光可从透明电极侧辐射出来。以 oled 为例, 器件基本结构如图 1。",根据图 1 所示的 OLED 器件结构及其工作原理，请指出哪一层材料充当了器件的阳极（Anode），并结合视觉特征说明该器件的光辐射方向。,在该 OLED 器件结构中，ITO（氧化铟锡）层充当了阳极。光辐射方向是从器件的底部，即通过 ITO 透明电极并穿过玻璃基板（Glass）向外辐射。,"{'is_qualified': True, 'issues': [], 'doubao_thought_process': '要解决这个问题，需结合OLED器件的结构特征和工作原理分析：  \n\n\n### 1. 确定阳极（Anode）材料  \nOLED的**阳极**需要满足两个核心特征：**透明导电**（用于注入空穴，且允许光射出）、**连接正极**（空穴由阳极注入）。  \n从图中结构看：  \n- 最底层是`Glass`（玻璃衬底），上方是`ITO`（氧化铟锡）层。`ITO`是**透明导电材料**（兼具导电性和透光性），且连接电路的**正极（+）**（空穴从正极侧注入，符合阳极“注入空穴”的功能）。  \n- 上方的`Mg:Ag`、`Ag`是金属层（阴极，连接负极，注入电子，金属不透明，无法透光）。  \n\n因此，**`ITO`层充当器件的阳极**。  \n\n\n### 2. 分析光辐射方向  \nOLED的光辐射方向由“透明/不透明层的分布”决定：  \n- 阴极侧（`Mg:Ag`、`Ag`）是**金属层**，**不透明**，会阻挡光从上方（金属层侧）射出；  \n- 阳极侧（`ITO`+`Glass`）是**透明结构**（ITO透光、玻璃透光），光可穿过`ITO`和`Glass`射出。  \n\n因此，光只能从**器件的底部（玻璃/ITO一侧）**射出（即向图中“玻璃外侧”的方向，或“从器件向下方”辐射）。  \n\n\n### 结论  \n- 阳极：`ITO`（氧化铟锡）层（连接正极，是透明导电材料，满足注入空穴、透光的阳极功能）。  \n- 光辐射方向：从器件的**底部（玻璃/ITO一侧）**射出（因上方金属阴极不透明，光只能穿过透明的ITO和玻璃衬底射出）。', 'doubao_distilled_answer': '要解决这个问题，需结合OLED器件的结构特征和工作原理分析：  \n\n\n### 1. 确定阳极（Anode）材料  \nOLED的**阳极**需要满足两个核心特征：**透明导电**（用于注入空穴，且允许光射出）、**连接正极**（空穴由阳极注入）。  \n从图中结构看：  \n- 最底层是`Glass`（玻璃衬底），上方是`ITO`（氧化铟锡）层。`ITO`是**透明导电材料**（兼具导电性和透光性），且连接电路的**正极（+）**（空穴从正极侧注入，符合阳极“注入空穴”的功能）。  \n- 上方的`Mg:Ag`、`Ag`是金属层（阴极，连接负极，注入电子，金属不透明，无法透光）。  \n\n因此，**`ITO`层充当器件的阳极**。  \n\n\n### 2. 分析光辐射方向  \nOLED的光辐射方向由“透明/不透明层的分布”决定：  \n- 阴极侧（`Mg:Ag`、`Ag`）是**金属层**，**不透明**，会阻挡光从上方（金属层侧）射出；  \n- 阳极侧（`ITO`+`Glass`）是**透明结构**（ITO透光、玻璃透光），光可穿过`ITO`和`Glass`射出。  \n\n因此，光只能从**器件的底部（玻璃/ITO一侧）**射出（即向图中“玻璃外侧”的方向，或“从器件向下方”辐射）。  \n\n\n### 结论  \n- 阳极：`ITO`（氧化铟锡）层（连接正极，是透明导电材料，满足注入空穴、透光的阳极功能）。  \n- 光辐射方向：从器件的**底部（玻璃/ITO一侧）**射出（因上方金属阴极不透明，光只能穿过透明的ITO和玻璃衬底射出）。'}"
./images/img_in_image_box_682_337_1673_1046.jpg,图 1-7 钠硅灰石-液晶光电设备,"英国 haider butt 等人通过热处理的方法在玻璃上原位形成一层钠硅灰石的光扩散膜(如图 1-6 所示)，制备得到的光扩散膜具有良好的光扩散效果、较宽的散射区域和较高的透过率(透过率可达 70%以上)。同时，研究人员通过进一步的研究解释了基于钠硅灰石的光扩散机理：钠硅灰石独特的针状微纳米结构，使其具有对光的各向异性，因而在实现对点光源的扩散效果同时具有较大的扩散角度。除此以外，该课题组在上述研究基础上进一步探索，制备了基于钠硅灰石的液晶光电设备(如图 1-7 所示)。研究表明，钠硅灰石-液晶光电设备可以通过改变所施加电压的大小，来精确调控该设备的光扩散性能。同时该设备具有优异的散射范围和散射角，可以广泛应用于生物传感器、全息影像设备等各类光电设备之中，进而引起了对于钠硅灰石的深层次研究 $ ^{[46,47]} $ 。",在如图所示的钠硅灰石-液晶（Devitrite-LC）光电设备结构中，研究人员实现对该设备光扩散性能精确调控的物理手段是什么？此外，根据文中对钠硅灰石扩散机理的描述，其产生光学各向异性的微观结构特征是什么？,该设备通过改变施加在电极（ITO/玻璃电极与石墨烯层）之间的电压大小，来实现对光扩散性能的精确调控。钠硅灰石产生光学各向异性的微观结构特征是其独特的针状微纳米结构。,"{'is_qualified': False, 'issues': ['原文内容严重缺失：提供的【原文】仅有一个标题，没有任何实质性内容。回答中涉及的“电场调控”、“单斜晶系”、“针状/片状形貌”等关键物理特征在原文中完全没有体现，无法判断其真实性和准确性。', '问题信息不完整：问题中提到“如图所示”，但在输入中并未提供相关的图示，导致题目背景信息缺失。', '证据不足：作为质量检查，无法根据仅有标题的原文验证详细的解答过程是否符合文意。'], 'doubao_thought_process': '要解决该问题，需结合设备结构（含液晶层、电极、钠硅灰石等）和钠硅灰石的微观特性分析：\n\n\n### 1. 光扩散性能的精确调控手段  \n从设备结构（含ITO/Glass电极、LC层、电源）可知，**物理手段是施加电场（电调控）**：  \n液晶（LC）是电光功能材料，其分子排列（取向）可通过**电场强度（电压）调控**。当在ITO/Glass电极与石墨烯-钠硅灰石电极间施加电场时，液晶分子的取向状态（如有序度、排列方向）发生变化，进而改变光的散射、透射等扩散特性，实现对光扩散性能的精确调控。  \n\n\n### 2. 光学各向异性的微观结构特征  \n钠硅灰石（Devitrite）的光学各向异性源于其**微观结构的各向异性**，具体表现为：  \n- **晶体结构各向异性**：钠硅灰石的晶体属于**单斜晶系**，原子（或离子）排列具有**方向性**（如硅氧四面体形成链状/层状结构，Ca²⁺、Na⁺等离子的填充方式随晶向变化），导致不同方向的折射率、散射特性存在差异（双折射效应）。  \n- **微观形貌各向异性**：钠硅灰石晶粒常呈现**针状、片状或层状**等各向异性形貌，且在设备中（或自身晶体生长中）易**定向排列**，使得光在传播时，不同方向的散射/折射响应存在差异，进一步增强光学各向异性。  \n\n\n综上，光扩散的调控手段为**电场调控（改变电压控制液晶分子取向）**；钠硅灰石光学各向异性的微观根源是**晶体结构的方向性（单斜晶系、链/层状原子排列）或各向异性形貌的定向排列**。', 'doubao_distilled_answer': '要解决该问题，需结合设备结构（含液晶层、电极、钠硅灰石等）和钠硅灰石的微观特性分析：\n\n\n### 1. 光扩散性能的精确调控手段  \n从设备结构（含ITO/Glass电极、LC层、电源）可知，**物理手段是施加电场（电调控）**：  \n液晶（LC）是电光功能材料，其分子排列（取向）可通过**电场强度（电压）调控**。当在ITO/Glass电极与石墨烯-钠硅灰石电极间施加电场时，液晶分子的取向状态（如有序度、排列方向）发生变化，进而改变光的散射、透射等扩散特性，实现对光扩散性能的精确调控。  \n\n\n### 2. 光学各向异性的微观结构特征  \n钠硅灰石（Devitrite）的光学各向异性源于其**微观结构的各向异性**，具体表现为：  \n- **晶体结构各向异性**：钠硅灰石的晶体属于**单斜晶系**，原子（或离子）排列具有**方向性**（如硅氧四面体形成链状/层状结构，Ca²⁺、Na⁺等离子的填充方式随晶向变化），导致不同方向的折射率、散射特性存在差异（双折射效应）。  \n- **微观形貌各向异性**：钠硅灰石晶粒常呈现**针状、片状或层状**等各向异性形貌，且在设备中（或自身晶体生长中）易**定向排列**，使得光在传播时，不同方向的散射/折射响应存在差异，进一步增强光学各向异性。  \n\n\n综上，光扩散的调控手段为**电场调控（改变电压控制液晶分子取向）**；钠硅灰石光学各向异性的微观根源是**晶体结构的方向性（单斜晶系、链/层状原子排列）或各向异性形貌的定向排列**。'}"
./images/img_in_image_box_1296_1308_2073_1593.jpg,fig.4 (a) diffuse reflectance spectra of the pure  $ sio_{2} $  and  $ sio_{2}/tio_{2}/pmma $  nanoparticles; (b) schematic of the fabrication of the optically transparent adhesive film by roll-to-roll coating $ ^{[53]} $ . reprinted with permission from ref. [53]. copyright(2020) american chemical society.,"光线在经过核壳结构微球时具有多次散射效应,可显著提高光散射角 $ ^{[54]} $ ,有利于扩宽扩散板的视场角。因此,核壳结构微球也适于作为扩散剂使用,如  $ \mathrm{sio}_{2}/\mathrm{ceo}_{2}/\mathrm{poly}(\mathrm{vtms}) $  微球 $ ^{[12]} $ 、 $ \mathrm{zro}_{2}@\mathrm{pmma}@\mathrm{polysiloxane} $  微球 $ ^{[55]} $ 等。2020年,son等人提出了一种具有折射率梯度的单核双壳  $ \mathrm{sio}_{2}/\mathrm{tio}_{2}/\mathrm{pmma} $  纳米颗粒。 $ \mathrm{tio}_{2} $  壳层具有uv屏蔽特性,折射率高于  $ \mathrm{sio}_{2} $  核心与最外层的pmma。如图4(a)所示,相较于纯  $ \mathrm{sio}_{2} $  粒子,光在穿透单核双壳  $ \mathrm{sio}_{2}/\mathrm{tio}_{2}/\mathrm{pmma} $  纳米颗粒时,光路更为复杂,并且能显著改善可见光区的光散射性能。为验证  $ \mathrm{sio}_{2}/\mathrm{tio}_{2}/\mathrm{pmma} $  纳米颗粒的实际性能,他们将纳米颗粒均匀混合在丙烯酸基树脂溶液中,使用辊筒制备了光学透明胶膜,制备过程如图4(b)所示。单核双壳纳米颗粒优异的光散射性能为光学透明胶膜提供了宽视角，并在法线方向上保持了膜的高透光性 $ ^{[53]} $ 。",在利用 $SiO_2/TiO_2/PMMA$ 单核双壳纳米颗粒制备光学透明胶（OTA）薄膜的过程中，这种特定的核壳结构设计如何影响薄膜的光学性能？并请结合工艺示意图简述该薄膜的物理实现方式。,该纳米颗粒采用了具有折射率梯度的单核双壳结构，其中 $TiO_2$ 壳层的折射率高于内部的 $SiO_2$ 核心和最外层的 $PMMA$ 壳层。这种设计使得光线在穿过纳米颗粒时产生更复杂的光路，显著增强了可见光区域的光散射性能，从而为薄膜提供了宽视场角，且能在法线方向保持高透光性；此外，$TiO_2$ 层还赋予了薄膜 UV 屏蔽特性。在物理实现上，根据工艺示意图，这些纳米颗粒被均匀混合在丙烯酸基树脂溶液中，通过卷对卷涂布机（Roll-to-roll coater）将混合溶液涂敷在离型膜（Release film）上，最终形成光学透明胶膜。,"{'is_qualified': False, 'issues': ['信息来源不充分：【原文】仅为两张图片的标题（Figure Caption），并未包含【解答】中所涉及的大量专业细节，如：SiO₂、TiO₂、PMMA的具体折射率数值（1.45、2.5、1.49）、TiO₂的禁带宽度（3.2 eV）以及具体的散射抑制物理机制（瑞利散射公式等）。', '回答内容与原文脱节：【解答】中详细描述了示意图中的具体标注（如“Release film”、“Optical adhesive film”），但【原文】中并未包含这些文字信息，这属于利用外部知识或虚构原文未提供的内容。', '无法通过原文验证：作为一个质量检查专家，判断标准之一是问题是否能基于提供的原文得到回答。当前问题要求“结合工艺示意图”回答，但原文并未提供该示意图，仅凭标题文字无法得出如此详尽的物理实现步骤。'], 'doubao_thought_process': '### 一、核壳结构对光学性能的影响  \nSiO₂/TiO₂/PMMA单核双壳纳米颗粒的**核壳结构设计**通过以下机制优化薄膜光学性能：  \n\n#### 1. 折射率匹配（提升透光率）  \n- SiO₂核（\\( n \\approx 1.45 \\)）、TiO₂壳（\\( n \\approx 2.5 \\)）、PMMA壳（\\( n \\approx 1.49 \\)）形成**梯度折射率分布**：通过调节TiO₂壳的厚度，使纳米颗粒的**有效折射率**更接近光学胶基质（或应用环境）的折射率，显著降低光在“颗粒-基质”界面的反射损失，从而提升薄膜透光率。  \n- 示例：若基质为PMMA（\\( n \\approx 1.49 \\)），PMMA壳的折射率与其匹配，TiO₂壳通过厚度设计（如薄层）使颗粒整体折射率梯度过渡，进一步减少反射。  \n\n\n#### 2. 散射抑制（提升透明性）  \n- **尺寸效应**：纳米颗粒尺寸（<100 nm）远小于可见光波长（400-700 nm），可抑制**瑞利散射**（散射强度与粒径\\( d^6 \\)成正比，与波长\\( \\lambda^4 \\)成反比）。  \n- **结构设计**：TiO₂壳的折射率梯度使颗粒的“有效散射截面”减小（米氏散射减弱）；PMMA壳的**亲有机性**确保颗粒在有机基质中均匀分散，避免团聚（团聚会大幅增强散射），最终实现“低散射、高透明”的光学效果。  \n\n\n#### 3. 紫外吸收与稳定性（可选功能）  \nTiO₂壳（如锐钛矿相）的**能带结构**（禁带宽度~3.2 eV）使其在**紫外区（\\( \\lambda < 380 \\, \\text{nm} \\)）**有强吸收，可：  \n- 吸收紫外光，保护PMMA基质（避免紫外老化）；  \n- 不影响可见光区（\\( \\lambda > 400 \\, \\text{nm} \\)）的透过，使薄膜兼具“高透明”与“紫外防护”功能（适用于光学器件、显示面板等场景）。  \n\n\n### 二、物理实现方式（结合卷对卷涂布工艺示意图）  \n图(b)展示了**卷对卷（roll-to-roll）涂布工艺**的核心流程，从“纳米颗粒分散液”到“光学透明胶膜”的物理实现过程如下：  \n\n\n#### 1. 纳米颗粒分散液制备  \n通过**核壳结构合成技术**（如溶胶-凝胶法制备SiO₂核→水热/化学气相沉积包覆TiO₂壳→乳液聚合包覆PMMA壳），得到**均匀分散的纳米颗粒分散液**（溶剂或PMMA基质为分散介质）。PMMA壳不仅是结构层，还作为粘合剂的“基质前驱体”，确保颗粒与基质的相容性。  \n\n\n#### 2. 卷对卷涂布（示意图核心环节）  \n将分散液作为“光学胶液”，通过**卷对卷涂布机**的辊子，将胶液均匀涂布在**释放膜**（Release film）上：  \n- 辊子的挤压/涂布作用确保薄膜厚度均匀；  \n- 卷对卷工艺的**连续化特性**适合大规模工业化生产（图中显示胶液被辊子涂覆后，形成连续的“光学胶膜”）。  \n\n\n#### 3. 固化/干燥  \n涂布后，通过**干燥（挥发溶剂）**或**固化（如热固化，使PMMA交联形成连续相）**，使纳米颗粒稳定分散在胶膜中，形成“颗粒-基质”一体化的光学透明结构。  \n\n\n#### 4. 剥离与应用  \n最终可**剥离释放膜**，得到具有高透明性的光学胶膜，用于光学器件粘合、显示面板光学层等场景。  \n\n\n### 总结  \n- **核壳结构**通过“梯度折射率设计（减反射）、纳米尺寸（抑散射）、紫外吸收（护基质）”提升薄膜光学性能；  \n- **卷对卷涂布工艺**通过“分散→涂布→固化→剥离”的连续化流程，实现薄膜的高效工业化制备（示意图直观展示了“胶液→光学胶膜”的涂布过程）。  \n\n\n（注：示意图中“Release film”为释放膜，“Optical adhesive film”为光学胶膜，“Roll-to-roll coater”为卷对卷涂布机，直观呈现了涂布过程的核心环节。）', 'doubao_distilled_answer': '### 一、核壳结构对光学性能的影响  \nSiO₂/TiO₂/PMMA单核双壳纳米颗粒的**核壳结构设计**通过以下机制优化薄膜光学性能：  \n\n#### 1. 折射率匹配（提升透光率）  \n- SiO₂核（\\( n \\approx 1.45 \\)）、TiO₂壳（\\( n \\approx 2.5 \\)）、PMMA壳（\\( n \\approx 1.49 \\)）形成**梯度折射率分布**：通过调节TiO₂壳的厚度，使纳米颗粒的**有效折射率**更接近光学胶基质（或应用环境）的折射率，显著降低光在“颗粒-基质”界面的反射损失，从而提升薄膜透光率。  \n- 示例：若基质为PMMA（\\( n \\approx 1.49 \\)），PMMA壳的折射率与其匹配，TiO₂壳通过厚度设计（如薄层）使颗粒整体折射率梯度过渡，进一步减少反射。  \n\n\n#### 2. 散射抑制（提升透明性）  \n- **尺寸效应**：纳米颗粒尺寸（<100 nm）远小于可见光波长（400-700 nm），可抑制**瑞利散射**（散射强度与粒径\\( d^6 \\)成正比，与波长\\( \\lambda^4 \\)成反比）。  \n- **结构设计**：TiO₂壳的折射率梯度使颗粒的“有效散射截面”减小（米氏散射减弱）；PMMA壳的**亲有机性**确保颗粒在有机基质中均匀分散，避免团聚（团聚会大幅增强散射），最终实现“低散射、高透明”的光学效果。  \n\n\n#### 3. 紫外吸收与稳定性（可选功能）  \nTiO₂壳（如锐钛矿相）的**能带结构**（禁带宽度~3.2 eV）使其在**紫外区（\\( \\lambda < 380 \\, \\text{nm} \\)）**有强吸收，可：  \n- 吸收紫外光，保护PMMA基质（避免紫外老化）；  \n- 不影响可见光区（\\( \\lambda > 400 \\, \\text{nm} \\)）的透过，使薄膜兼具“高透明”与“紫外防护”功能（适用于光学器件、显示面板等场景）。  \n\n\n### 二、物理实现方式（结合卷对卷涂布工艺示意图）  \n图(b)展示了**卷对卷（roll-to-roll）涂布工艺**的核心流程，从“纳米颗粒分散液”到“光学透明胶膜”的物理实现过程如下：  \n\n\n#### 1. 纳米颗粒分散液制备  \n通过**核壳结构合成技术**（如溶胶-凝胶法制备SiO₂核→水热/化学气相沉积包覆TiO₂壳→乳液聚合包覆PMMA壳），得到**均匀分散的纳米颗粒分散液**（溶剂或PMMA基质为分散介质）。PMMA壳不仅是结构层，还作为粘合剂的“基质前驱体”，确保颗粒与基质的相容性。  \n\n\n#### 2. 卷对卷涂布（示意图核心环节）  \n将分散液作为“光学胶液”，通过**卷对卷涂布机**的辊子，将胶液均匀涂布在**释放膜**（Release film）上：  \n- 辊子的挤压/涂布作用确保薄膜厚度均匀；  \n- 卷对卷工艺的**连续化特性**适合大规模工业化生产（图中显示胶液被辊子涂覆后，形成连续的“光学胶膜”）。  \n\n\n#### 3. 固化/干燥  \n涂布后，通过**干燥（挥发溶剂）**或**固化（如热固化，使PMMA交联形成连续相）**，使纳米颗粒稳定分散在胶膜中，形成“颗粒-基质”一体化的光学透明结构。  \n\n\n#### 4. 剥离与应用  \n最终可**剥离释放膜**，得到具有高透明性的光学胶膜，用于光学器件粘合、显示面板光学层等场景。  \n\n\n### 总结  \n- **核壳结构**通过“梯度折射率设计（减反射）、纳米尺寸（抑散射）、紫外吸收（护基质）”提升薄膜光学性能；  \n- **卷对卷涂布工艺**通过“分散→涂布→固化→剥离”的连续化流程，实现薄膜的高效工业化制备（示意图直观展示了“胶液→光学胶膜”的涂布过程）。  \n\n\n（注：示意图中“Release film”为释放膜，“Optical adhesive film”为光学胶膜，“Roll-to-roll coater”为卷对卷涂布机，直观呈现了涂布过程的核心环节。）'}"
./images/img_in_image_box_1078_1745_1770_2030.jpg,fig.4.3 schematic diagrams of mis structure (a) and mim structure (b) with pmma as gate dielectric,最后用带有圆孔的掩膜板放在 pmma 薄膜上，用热蒸发台淀积铝电极。这样就完成了 mis 和 mim 两种结构器件的制备，其结构图如图 4.3(a) 和 (b)：此外还制备了没有金属电极的 pmma/ito 玻璃结构，用来研究其光学透射特性。,根据提供的图 4.3 及其描述，在该实验制备的 MIS（金属-绝缘体-半导体）和 MIM（金属-绝缘体-金属）结构器件中，请识别出被用作“门绝缘体（Gate Dielectric）”的具体材料名称，并指出该器件的顶部电极是通过哪种金属材料淀积而成的？,在该器件结构中，用作“门绝缘体（Gate Dielectric）”的材料是 PMMA（聚甲基丙烯酸甲酯）；该器件的顶部电极是通过铝（Al）金属材料淀积而成的。,"{'is_qualified': False, 'issues': ['回答中提到的顶部电极金属材料为“铝（Al）”在提供的【原文】中并未提及。原文仅指出PMMA作为门绝缘体（gate dielectric），没有关于电极材料（Al）的描述。根据提供的内容，无法从原文推导出“铝”这一结论。'], 'doubao_thought_process': '根据图中器件结构的标注（PMMA层、Al层），可识别出：  \n- **门绝缘体（栅介质）**的材料为 **PMMA（聚甲基丙烯酸甲酯）**；  \n- **顶部电极**的金属材料为 **铝（Al）**。  \n\n（MIS结构中，“绝缘体”层为PMMA；MIM结构中，“绝缘体”层同样为PMMA，上下“金属”电极均为Al淀积而成。）', 'doubao_distilled_answer': '根据图中器件结构的标注（PMMA层、Al层），可识别出：  \n- **门绝缘体（栅介质）**的材料为 **PMMA（聚甲基丙烯酸甲酯）**；  \n- **顶部电极**的金属材料为 **铝（Al）**。  \n\n（MIS结构中，“绝缘体”层为PMMA；MIM结构中，“绝缘体”层同样为PMMA，上下“金属”电极均为Al淀积而成。）'}"
./images/img_in_image_box_1270_1803_2107_2210.jpg,图 1 ffs、fis 结构原理图,"传统 ffs-lcd 和 fis-lcd 结构如图 1 所示, 两种显示模式的电极结构相同, 像素电极均为梳状电极, 公共电极均为面状电极, 并且公共电极位于像素电极下方, 两者之间用绝缘层(二氧化硅或氮化硅)隔开。不同的是 ffs 液晶盒是在像素电极加极性相同的电压, 利用像素电极与公共电极间产生边缘场驱动液晶分子, 而 fis 模式是在像素电极之间施加极性相反的电压, 利用像素电极之间的共面场和与公共电极间的边缘场驱动液晶分子。",在如图 1 所示的电极结构中，FFS-LCD 与 FIS-LCD 两种显示模式在像素电极的电压施加方式以及所产生的驱动电场类型上有何具体区别？,"虽然 FFS-LCD 和 FIS-LCD 的物理结构相同（均采用梳状像素电极、面状公共电极及中间的绝缘层），但其驱动机制存在显著差异：
1. 电压施加方式：FFS 模式在像素电极上施加极性相同的电压；而 FIS 模式在相邻像素电极之间施加极性相反的电压。
2. 驱动电场类型：FFS 模式主要利用像素电极与下方公共电极之间产生的“边缘场”来驱动液晶分子；FIS 模式则结合了像素电极之间的“共面场”以及像素电极与公共电极间的“边缘场”共同驱动液晶分子。","{'is_qualified': False, 'issues': ['事实性错误：解答中关于FFS模式的液晶配向描述不准确。标准的FFS（Fringe Field Switching）模式与IPS模式一样，通常采用的是平行配向（水平配向），即液晶分子长轴初始平行于基板。解答中将其描述为“垂直配向”并称其“分子长轴垂直于基板”是错误的，这属于VA（Vertical Alignment）模式的特征。', '关键信息缺失：问题中明确提到“如图 1 所示”，但输入内容中并未包含图片，这导致无法核实电极的具体布局是否与解答中的推断一致。', '术语不规范：原文中的“FIS”并非液晶显示领域的通用标准术语（通常为IPS）。虽然解答尝试将其假设为IPS并进行解释，但在缺乏原理图的情况下，这种假设可能导致答案与出题意图产生偏差。'], 'doubao_thought_process': '要区分 **FFS（Fringe Field Switching，边缘场开关）** 和 **FIS（In - Plane Switching，平面内开关，假设题目中FIS指IPS类结构）** 两种LCD显示模式的电压施加方式与驱动电场类型，需结合电极结构和液晶配向特性分析：\n\n\n### 1. 像素电极的电压施加与电极结构  \n#### FFS（边缘场开关）  \n- **电极布局**：像素电极（Pixel Electrode）位于**公共电极（Common Electrode）的垂直上方**，两者通过钝化层（Passivation）等绝缘层在**垂直方向**形成间距（如图中像素电极在上、公共电极在下，中间有钝化层）。  \n- **电压施加**：像素电极接**信号电压（\\( V_p \\)）**，公共电极接**公共电压（\\( V_{com} \\)，固定电位）**，电压差使电场集中在像素电极**边缘区域**（顶部、侧边）与公共电极之间。  \n\n\n#### FIS（平面内开关）  \n- **电极布局**：像素电极与公共电极在**同一平面**（水平方向并排，无垂直间距），通常为平行的条带或电极对，位于下基板的同一层（如ITO层）。  \n- **电压施加**：像素电极接信号电压，公共电极接公共电压，电压差使电场沿**水平方向**（平行于基板平面）在两电极之间传递。  \n\n\n### 2. 驱动电场类型  \n#### FFS（边缘场）  \n- 电场性质：产生**边缘场（Fringe Field）**，电场线从像素电极**边缘**（顶部、侧边）指向公共电极，是一种**三维非均匀电场**（同时包含**水平分量**（平行于基板）和**垂直分量**（垂直于基板））。  \n- 液晶驱动：液晶初始为**垂直配向**（分子长轴垂直于基板平面，常黑模式下不加电时光线被偏振片阻挡）。边缘场的水平+垂直分量共同作用，使垂直配向的液晶分子**倾斜**（分子长轴从垂直基板变为倾斜，兼具平面内旋转），改变光的偏振态以实现显示。  \n\n\n#### FIS（平面内电场）  \n- 电场性质：产生**平面内电场（In - Plane Electric Field）**，电场线沿**水平方向**（平行于基板平面），**垂直分量可忽略**，是一种**二维均匀电场**。  \n- 液晶驱动：液晶初始为**平行配向**（分子长轴平行于基板平面，常白模式下不加电时光线通过）。平面内电场使平行配向的液晶分子**在平面内旋转**（分子长轴从平行于一个电极方向转到平行于另一个电极方向），通过改变光的偏振态实现显示。  \n\n\n### 核心区别总结  \n| 对比项          | FFS（边缘场开关）                | FIS（平面内开关）                |  \n|-----------------|---------------------------------|---------------------------------|  \n| 电极空间布局    | 像素电极在公共电极**垂直上方**（垂直间距） | 像素与公共电极**同一平面**（水平并排） |  \n| 驱动电场类型    | 边缘场（含水平+垂直分量，三维非均匀） | 平面内电场（仅水平分量，二维均匀） |  \n| 液晶初始配向    | 垂直配向（分子长轴⊥基板）         | 平行配向（分子长轴∥基板）         |  \n| 电场驱动效果    | 垂直配向分子**倾斜**（兼具平面内旋转） | 平行配向分子**平面内旋转**         |  \n\n\n简言之，FFS利用**边缘场的三维分量**驱动垂直配向液晶倾斜，FIS利用**平面内电场的水平分量**驱动平行配向液晶旋转，两者通过不同的电场类型和电极布局实现宽视角、高对比度的显示效果。', 'doubao_distilled_answer': '要区分 **FFS（Fringe Field Switching，边缘场开关）** 和 **FIS（In - Plane Switching，平面内开关，假设题目中FIS指IPS类结构）** 两种LCD显示模式的电压施加方式与驱动电场类型，需结合电极结构和液晶配向特性分析：\n\n\n### 1. 像素电极的电压施加与电极结构  \n#### FFS（边缘场开关）  \n- **电极布局**：像素电极（Pixel Electrode）位于**公共电极（Common Electrode）的垂直上方**，两者通过钝化层（Passivation）等绝缘层在**垂直方向**形成间距（如图中像素电极在上、公共电极在下，中间有钝化层）。  \n- **电压施加**：像素电极接**信号电压（\\( V_p \\)）**，公共电极接**公共电压（\\( V_{com} \\)，固定电位）**，电压差使电场集中在像素电极**边缘区域**（顶部、侧边）与公共电极之间。  \n\n\n#### FIS（平面内开关）  \n- **电极布局**：像素电极与公共电极在**同一平面**（水平方向并排，无垂直间距），通常为平行的条带或电极对，位于下基板的同一层（如ITO层）。  \n- **电压施加**：像素电极接信号电压，公共电极接公共电压，电压差使电场沿**水平方向**（平行于基板平面）在两电极之间传递。  \n\n\n### 2. 驱动电场类型  \n#### FFS（边缘场）  \n- 电场性质：产生**边缘场（Fringe Field）**，电场线从像素电极**边缘**（顶部、侧边）指向公共电极，是一种**三维非均匀电场**（同时包含**水平分量**（平行于基板）和**垂直分量**（垂直于基板））。  \n- 液晶驱动：液晶初始为**垂直配向**（分子长轴垂直于基板平面，常黑模式下不加电时光线被偏振片阻挡）。边缘场的水平+垂直分量共同作用，使垂直配向的液晶分子**倾斜**（分子长轴从垂直基板变为倾斜，兼具平面内旋转），改变光的偏振态以实现显示。  \n\n\n#### FIS（平面内电场）  \n- 电场性质：产生**平面内电场（In - Plane Electric Field）**，电场线沿**水平方向**（平行于基板平面），**垂直分量可忽略**，是一种**二维均匀电场**。  \n- 液晶驱动：液晶初始为**平行配向**（分子长轴平行于基板平面，常白模式下不加电时光线通过）。平面内电场使平行配向的液晶分子**在平面内旋转**（分子长轴从平行于一个电极方向转到平行于另一个电极方向），通过改变光的偏振态实现显示。  \n\n\n### 核心区别总结  \n| 对比项          | FFS（边缘场开关）                | FIS（平面内开关）                |  \n|-----------------|---------------------------------|---------------------------------|  \n| 电极空间布局    | 像素电极在公共电极**垂直上方**（垂直间距） | 像素与公共电极**同一平面**（水平并排） |  \n| 驱动电场类型    | 边缘场（含水平+垂直分量，三维非均匀） | 平面内电场（仅水平分量，二维均匀） |  \n| 液晶初始配向    | 垂直配向（分子长轴⊥基板）         | 平行配向（分子长轴∥基板）         |  \n| 电场驱动效果    | 垂直配向分子**倾斜**（兼具平面内旋转） | 平行配向分子**平面内旋转**         |  \n\n\n简言之，FFS利用**边缘场的三维分量**驱动垂直配向液晶倾斜，FIS利用**平面内电场的水平分量**驱动平行配向液晶旋转，两者通过不同的电场类型和电极布局实现宽视角、高对比度的显示效果。'}"
./images/img_in_image_box_355_379_1009_1032.jpg,图 1 本文提出的宽窄视角切换架构的原理图,"图 1 为本文提出架构的液晶显示原理图示，主要由 dlcd、带有微结构的 lcd、背光源模块（含百叶窗结构层 louver film）组成。其中 dlcd 上基板侧与 lcd 上基板与下基板侧均包含偏振器（图中未示出），液晶显示盒的上偏振器与下偏振器成正交关系。dlcd 的上偏振器的偏光轴方向与液晶显示盒的上偏振器的偏振轴方向平行。dlcd 的调光方向为左右视角。lcd 中的微结构棱镜图形的排列方向与背光侧百叶窗结构膜片的光栅排列方向平行。
本技术架构实现宽窄视角的工作原理为:从背光(back light, bl)出射的光,经过百叶窗结构层(louver film),穿过光栅遮挡部分的光被遮挡,另一部分以光栅的预设角度出射,完成对光的第一次调整。当光经过lcd时,由于lcd中设置微型结构图形,光路在微结构中行进方向如图2所示。当背光侧出射光时,经过lcd下基板,再经过微结构棱镜重新分布,进行光的第二次调整,侧面出射光均匀化分散。当dlcd施加适当电压产生微弱垂直电场  $ e_{1} $  时，液晶沿垂直玻璃基板方向的倾角较小，dlcd 中的液晶分子此时在正视与侧视产生的相位延迟较小，光经过dlcd 后光路几乎未发生变化，此时背光源电流为高电平模式，光线经过液晶显示模组后表现为广视角显示，如图1(a)所示。而当光源电流切换为低电平模式时，调光液晶盒中垂直电场  $ e_{1} $  增强，dlcd 中的液晶分子沿垂直基板方向的倾角加大，液晶在dlcd 中在正视与大视角侧视方向的相位延迟增大，光线在大视角下由于相位延迟的产生，部分光线被dlcd 上方的偏振器吸收，光线经过第三次的调整，视角进行第二次的窄化处理，使大视角出射光进入人眼的亮度下降，液晶显示内容由于大视角亮度降低而影像模糊，达到防窥的目的，实现窄视角模式。",在该宽窄视角切换架构中，DLCD（调光液晶盒）层是如何通过调节电场 $E_1$ 来实现从宽视角（WVA）模式向窄视角（NVA）模式转换的？请结合液晶分子的物理状态与光学效应进行分析。,在宽窄视角切换过程中，核心机制在于 DLCD 层中液晶分子对相位延迟（Phase Delay）的调制。在宽视角（WVA）模式下，施加较弱的垂直电场 $E_1$，液晶分子保持较小的倾角，此时正视与侧视方向产生的相位延迟均较小，光线几乎无损通过。当切换至窄视角（NVA）模式时，增强垂直电场 $E_1$，使 DLCD 中的液晶分子沿垂直基板方向的倾角加大；这导致光线在大视角（侧视）方向产生的相位延迟显著增大。由于相位延迟的作用，侧向出射的光线在经过 DLCD 上方的偏振器时被吸收，从而降低了大视角下的显示亮度，实现视角第二次窄化及防窥效果。,"{'is_qualified': False, 'issues': ['回答内容严重脱离原文：【原文】中仅包含一句标题性质的文字，完全没有提及DLCD（调光液晶盒）、电场 $E_1$、液晶分子的介电各向异性及具体的视角切换机制。回答内容属于在原文缺失的情况下凭空生成的“幻觉”。', '引用了不存在的图示：回答中多次提到“图(a)”和“图(b)”，但在提供的【原文】和输入信息中并没有任何原理图，导致回答内容无法通过原文进行验证。', '物理原理准确性存在误导：在典型的液晶视角切换技术（如DLCD）中，宽视角（WVA）通常是利用液晶分子的相位延迟特性实现的，而非回答中所描述的“分子取向相对无序”导致的“散射/折射”。回答将视角切换原理描述为类似PDLC（聚合物分散液晶）的散射效应，与主流宽窄视角液晶切换技术不符。', '逻辑冲突：根据约束第3条，回答内容与原文（原文几乎无信息）及实际物理逻辑存在冲突，应判定为不合格。'], 'doubao_thought_process': '要理解DLCD层通过调节电场\\(\\boldsymbol{E_1}\\)实现**宽视角（WVA）→窄视角（NVA）**的转换，需结合**液晶分子的物理取向**与**光学传播效应**分析，具体如下：\n\n\n### 1. 液晶的电光效应基础  \n液晶分子（棒状结构）具有**介电各向异性**：若分子的介电常数沿长轴（\\(\\varepsilon_\\parallel\\)）大于短轴（\\(\\varepsilon_\\perp\\)）（正性液晶），电场会驱动分子**长轴沿电场方向取向**（介电力矩使分子转向电场方向，以降低系统能量）。DLCD层的液晶分子即利用这一特性，通过电场\\(E_1\\)调控取向，进而改变光学传播特性。  \n\n\n### 2. 宽视角（WVA）模式下的DLCD层状态  \n在WVA模式（图(a)）中，电场\\(E_1\\)较弱（或为零）：  \n- 液晶分子的取向**相对无序**（受表面锚定、热运动等影响，分子长轴无统一方向）。  \n- 光学效应：无序排列的液晶分子对光线的**散射/折射作用分散**（因分子取向随机，光线通过时会向多个方向偏折），导致出射光的角度范围较宽（图(a)中出射光箭头角度分散），最终形成宽视角。  \n\n\n### 3. 窄视角（NVA）模式下的DLCD层状态（电场\\(\\boldsymbol{E_1}\\)调节）  \n当调节电场\\(E_1\\)增强时，DLCD层进入NVA模式（图(b)）：  \n- 液晶分子的取向**沿电场\\(E_1\\)方向（垂直方向）有序排列**（因介电各向异性，分子长轴受电场力矩驱动，统一沿\\(E_1\\)方向取向）。  \n- 光学效应：分子排列高度有序时，液晶层的**光学各向异性表现为“准均匀”分布**（长轴方向一致）。此时，光线通过DLCD层时，受液晶分子的定向调制（如双折射效应的一致性增强），传播方向更**集中、准直**（图(b)中出射光箭头角度显著收窄），最终形成窄视角。  \n\n\n### 关键逻辑链  \n电场\\(E_1\\)的强弱→液晶分子取向（无序→有序）→光学调制（散射/宽角折射→准直/窄角出射）→视角范围（宽→窄）。  \n\n简言之：**弱电场（WVA）**下，DLCD层液晶分子无序排列，光线通过时因散射/多方向折射形成宽视角；**强电场（NVA）**下，分子沿\\(E_1\\)方向有序排列，光线传播方向被“定向压缩”，视角显著收窄。  \n\n\n（结合原理图：图(a)出射光角度分散，对应宽视角；图(b)出射光角度集中，对应窄视角。DLCD层液晶分子的排列变化（由\\(E_1\\)驱动）是视角切换的核心）', 'doubao_distilled_answer': '要理解DLCD层通过调节电场\\(\\boldsymbol{E_1}\\)实现**宽视角（WVA）→窄视角（NVA）**的转换，需结合**液晶分子的物理取向**与**光学传播效应**分析，具体如下：\n\n\n### 1. 液晶的电光效应基础  \n液晶分子（棒状结构）具有**介电各向异性**：若分子的介电常数沿长轴（\\(\\varepsilon_\\parallel\\)）大于短轴（\\(\\varepsilon_\\perp\\)）（正性液晶），电场会驱动分子**长轴沿电场方向取向**（介电力矩使分子转向电场方向，以降低系统能量）。DLCD层的液晶分子即利用这一特性，通过电场\\(E_1\\)调控取向，进而改变光学传播特性。  \n\n\n### 2. 宽视角（WVA）模式下的DLCD层状态  \n在WVA模式（图(a)）中，电场\\(E_1\\)较弱（或为零）：  \n- 液晶分子的取向**相对无序**（受表面锚定、热运动等影响，分子长轴无统一方向）。  \n- 光学效应：无序排列的液晶分子对光线的**散射/折射作用分散**（因分子取向随机，光线通过时会向多个方向偏折），导致出射光的角度范围较宽（图(a)中出射光箭头角度分散），最终形成宽视角。  \n\n\n### 3. 窄视角（NVA）模式下的DLCD层状态（电场\\(\\boldsymbol{E_1}\\)调节）  \n当调节电场\\(E_1\\)增强时，DLCD层进入NVA模式（图(b)）：  \n- 液晶分子的取向**沿电场\\(E_1\\)方向（垂直方向）有序排列**（因介电各向异性，分子长轴受电场力矩驱动，统一沿\\(E_1\\)方向取向）。  \n- 光学效应：分子排列高度有序时，液晶层的**光学各向异性表现为“准均匀”分布**（长轴方向一致）。此时，光线通过DLCD层时，受液晶分子的定向调制（如双折射效应的一致性增强），传播方向更**集中、准直**（图(b)中出射光箭头角度显著收窄），最终形成窄视角。  \n\n\n### 关键逻辑链  \n电场\\(E_1\\)的强弱→液晶分子取向（无序→有序）→光学调制（散射/宽角折射→准直/窄角出射）→视角范围（宽→窄）。  \n\n简言之：**弱电场（WVA）**下，DLCD层液晶分子无序排列，光线通过时因散射/多方向折射形成宽视角；**强电场（NVA）**下，分子沿\\(E_1\\)方向有序排列，光线传播方向被“定向压缩”，视角显著收窄。  \n\n\n（结合原理图：图(a)出射光角度分散，对应宽视角；图(b)出射光角度集中，对应窄视角。DLCD层液晶分子的排列变化（由\\(E_1\\)驱动）是视角切换的核心）'}"
./images/img_in_image_box_617_229_1376_911.jpg,图5−1 器件结构与有机材料分子结构图,"利用旋转涂敷和真空蒸发的技术制备了绿光foled和普通oled，器件结构分别为pet/ito/pvk:tpd/alq_{3}/ba/al（器件一）和玻璃/ito/pvk:tpd/alq_{3}/ba/al（器件二），光从附有ito导电膜的基底一侧输出，其中pvk:tpd作为空穴传输层，alq_{3}层作为发光层，金属al作为阴极。器件的结构及所用有机材料的分子结构式如图5-1所示。
图 5−2 是在直流电压驱动下器件的电致发光 el 谱。当电流密度增加时，器件的 el 谱强度也相应增大，但其最大发射波长  $ \lambda_{max} $  基本保持不变，约在 540nm 处，与  $ alq_{3} $  的特征发光峰基本相似，证明该器件的发光来自于  $ alq_{3} $  层。
当外加直流电压为 7v 时，foled 的电流密度为  $ 0.001a/cm^{2} $ ，此时已能明显地观察到发光现象；继续增加电压至 20v，器件稳定的发出明亮而稳定的绿光。从图 5-3 可以看出，foled 的开启电压约为 7v 左右。比普通 oled 的开启电压 (6v 左右) 略有增高。随着工作电压的升高，foled 的发光也越来越强，工作电压在 20v 时，亮度为  $ 1000cd/m^{2} $ 。普通 oled 的工作电压为 20v 时，亮度为  $ 1200cd/m^{2} $ 。
图 5−4 是器件的量子效率—电流密度特性曲线。从图可以看出，它们的量子效率—电流密度特性曲线的基本趋势相似，只是 foled 的量子效率略小于普通 oled 的量子效率。随着电流密度的增加，量子效率除初始阶段在很短时间内陡升到一定值后，便呈缓慢上升的趋势，甚至呈直线状态。说明对应于某一电流密度存在量子效率最大值，并且在此电流密度下电子和空穴复合成激子并转换为光子的几率也相应达到最大。从图可以看出，foled 在电流密度为  $ 0.20a/cm^{2} $  时，量子效率值达最大为 0.27%；普通 oled 在电流密度为  $ 0.20a/cm^{2} $  时，量子效率值达最大为 0.29%。同时可以看到，当电流密度从  $ 0.05a/cm^{2} $  增加到  $ 0.20a/cm^{2} $  时，量子效率值实际变化均很小，说明在这一电流密度变化区域内已基本达到稳定发光状态。",在基于图5-1所示结构的绿光FOLED（PET基底）与普通OLED（玻璃基底）的性能对比中，请根据实验数据分别给出两者的开启电压，并说明在电流密度达到 $0.20 	ext{A/cm}^2$ 时，哪种器件的量子效率更高以及具体的数值是多少？,根据实验数据，FOLED的开启电压约为 7V，而普通OLED的开启电压约为 6V。在电流密度为 $0.20 	ext{A/cm}^2$ 时，普通OLED表现出更高的量子效率，其最大值为 0.29%，而FOLED在相同电流密度下的最大量子效率为 0.27%。,"{'is_qualified': False, 'issues': ['原文信息严重缺失：原文仅包含一行标题（“器件结构与有机材料分子结构图”），完全没有提及任何关于开启电压、电流密度或量子效率的具体实验数据或曲线图。', '问题设计不合理：问题要求给出具体的数值（如开启电压、0.20 A/cm²时的量子效率），但这些信息在提供的原文中根本不存在，导致问题成为了“无米之炊”。', '回答与原文无关：虽然回答准确地指出了数据缺失并给出了理论公式和示例，但其核心内容（如假设的数值和推导过程）并非基于原文，不符合基于给定文本进行问答的原则。', '质量不合格：作为一个质量检查专家，此类问题属于“幻觉类提问”或“脱离文本提问”，不符合高质量QA对的要求。'], 'doubao_thought_process': '要解决该问题，需**实验数据支持**（如电压-电流密度（\\( J\\text{-}V \\)）曲线、亮度-电流密度（\\( L\\text{-}J \\)）曲线等），以下是分析思路与数据缺失说明：  \n\n\n### 1. 开启电压（\\( \\boldsymbol{V_{\\text{on}}} \\)）的定义与获取  \n开启电压通常指器件**开始明显发光**（或电流密度达到某一阈值，如 \\( 10^{-4} \\, \\text{A/cm}^2 \\)、\\( 10^{-5} \\, \\text{A/cm}^2 \\)）时的电压。需从**\\( J\\text{-}V \\) 曲线**（电流密度-电压关系）中读取：找到电流密度开始显著上升（或发光起始）对应的电压，即为开启电压。  \n\n\n### 2. 量子效率（外量子效率，\\( \\boldsymbol{\\text{EQE}} \\)）的计算与对比  \n外量子效率定义为**出射光子数与注入电子数的比值**，公式为：  \n\\[\n\\text{EQE} = \\frac{\\text{出射光子数/秒}}{\\text{注入电子数/秒}} = \\frac{L \\cdot \\lambda \\cdot \\eta_{\\text{out}}}{h c \\cdot J}\n\\]  \n（\\( L \\) 为亮度（\\( \\text{cd/m}^2 \\)），\\( \\lambda \\) 为发光波长（绿光≈525 nm），\\( \\eta_{\\text{out}} \\) 为光取出效率（通常≈0.2~0.3），\\( h \\) 为普朗克常数，\\( c \\) 为光速，\\( J \\) 为电流密度（\\( \\text{A/cm}^2 \\)）。）  \n\n需结合**\\( L\\text{-}J \\) 曲线**（亮度-电流密度关系），代入 \\( J = 0.20 \\, \\text{A/cm}^2 \\) 时的亮度 \\( L \\)，计算两者的 \\( \\text{EQE} \\) 并对比。  \n\n\n### 数据缺失的说明  \n当前仅提供**器件结构**（PET/玻璃基底，ITO阳极、PVK:TPD空穴传输层、Alq₃发光层、Ba/Al阴极），无**实验数据**（如 \\( J\\text{-}V \\)、\\( L\\text{-}J \\) 曲线），因此无法直接给出：  \n- 绿光FOLED（PET基底）和普通OLED（玻璃基底）的**开启电压具体值**；  \n- 电流密度 \\( 0.20 \\, \\text{A/cm}^2 \\) 时的**量子效率数值及高低对比**。  \n\n\n### 补充数据需求  \n需补充：  \n1. 两者的**\\( J\\text{-}V \\) 曲线**（电压-电流密度关系），以确定开启电压；  \n2. 两者的**\\( L\\text{-}J \\) 曲线**（亮度-电流密度关系），以计算 \\( J = 0.20 \\, \\text{A/cm}^2 \\) 时的亮度 \\( L \\)，进而计算量子效率。  \n\n\n若提供实验数据（如表格、曲线数据点），可按上述思路分析计算。例如，假设实验数据如下（**示例，非真实数据**）：  \n\n| 器件类型       | 开启电压（\\( V_{\\text{on}} \\)） | \\( J = 0.20 \\, \\text{A/cm}^2 \\) 时的亮度 \\( L \\)（\\( \\text{cd/m}^2 \\)） |  \n|----------------|-------------------------------|------------------------------------------------------------------|  \n| FOLED（PET）   | 3.2 V                         | 15000                                                            |  \n| OLED（玻璃）   | 3.0 V                         | 14000                                                            |  \n\n则量子效率计算（取 \\( \\lambda = 525 \\, \\text{nm} \\)，\\( \\eta_{\\text{out}} \\approx 0.25 \\)，\\( h c \\approx 1.986 \\times 10^{-25} \\, \\text{J·m} \\)，\\( J = 0.20 \\, \\text{A/cm}^2 = 20 \\, \\text{A/m}^2 \\)）：  \n\n\\[\n\\text{EQE}_{\\text{FOLED}} \\approx \\frac{15000 \\times 525 \\times 10^{-9} \\times 0.25}{1.986 \\times 10^{-25} \\times 20} \\approx 5.0\\%\n\\]  \n\\[\n\\text{EQE}_{\\text{OLED（玻璃）}} \\approx \\frac{14000 \\times 525 \\times 10^{-9} \\times 0.25}{1.986 \\times 10^{-25} \\times 20} \\approx 4.7\\%\n\\]  \n\n此时结论为：  \n- 开启电压：FOLED（PET）≈3.2 V，OLED（玻璃）≈3.0 V；  \n- 电流密度 \\( 0.20 \\, \\text{A/cm}^2 \\) 时，**FOLED（PET）的量子效率更高**（≈5.0%），OLED（玻璃）≈4.7%。  \n\n\n（注：上述为示例推导，真实结果需以实验数据为准。）', 'doubao_distilled_answer': '要解决该问题，需**实验数据支持**（如电压-电流密度（\\( J\\text{-}V \\)）曲线、亮度-电流密度（\\( L\\text{-}J \\)）曲线等），以下是分析思路与数据缺失说明：  \n\n\n### 1. 开启电压（\\( \\boldsymbol{V_{\\text{on}}} \\)）的定义与获取  \n开启电压通常指器件**开始明显发光**（或电流密度达到某一阈值，如 \\( 10^{-4} \\, \\text{A/cm}^2 \\)、\\( 10^{-5} \\, \\text{A/cm}^2 \\)）时的电压。需从**\\( J\\text{-}V \\) 曲线**（电流密度-电压关系）中读取：找到电流密度开始显著上升（或发光起始）对应的电压，即为开启电压。  \n\n\n### 2. 量子效率（外量子效率，\\( \\boldsymbol{\\text{EQE}} \\)）的计算与对比  \n外量子效率定义为**出射光子数与注入电子数的比值**，公式为：  \n\\[\n\\text{EQE} = \\frac{\\text{出射光子数/秒}}{\\text{注入电子数/秒}} = \\frac{L \\cdot \\lambda \\cdot \\eta_{\\text{out}}}{h c \\cdot J}\n\\]  \n（\\( L \\) 为亮度（\\( \\text{cd/m}^2 \\)），\\( \\lambda \\) 为发光波长（绿光≈525 nm），\\( \\eta_{\\text{out}} \\) 为光取出效率（通常≈0.2~0.3），\\( h \\) 为普朗克常数，\\( c \\) 为光速，\\( J \\) 为电流密度（\\( \\text{A/cm}^2 \\)）。）  \n\n需结合**\\( L\\text{-}J \\) 曲线**（亮度-电流密度关系），代入 \\( J = 0.20 \\, \\text{A/cm}^2 \\) 时的亮度 \\( L \\)，计算两者的 \\( \\text{EQE} \\) 并对比。  \n\n\n### 数据缺失的说明  \n当前仅提供**器件结构**（PET/玻璃基底，ITO阳极、PVK:TPD空穴传输层、Alq₃发光层、Ba/Al阴极），无**实验数据**（如 \\( J\\text{-}V \\)、\\( L\\text{-}J \\) 曲线），因此无法直接给出：  \n- 绿光FOLED（PET基底）和普通OLED（玻璃基底）的**开启电压具体值**；  \n- 电流密度 \\( 0.20 \\, \\text{A/cm}^2 \\) 时的**量子效率数值及高低对比**。  \n\n\n### 补充数据需求  \n需补充：  \n1. 两者的**\\( J\\text{-}V \\) 曲线**（电压-电流密度关系），以确定开启电压；  \n2. 两者的**\\( L\\text{-}J \\) 曲线**（亮度-电流密度关系），以计算 \\( J = 0.20 \\, \\text{A/cm}^2 \\) 时的亮度 \\( L \\)，进而计算量子效率。  \n\n\n若提供实验数据（如表格、曲线数据点），可按上述思路分析计算。例如，假设实验数据如下（**示例，非真实数据**）：  \n\n| 器件类型       | 开启电压（\\( V_{\\text{on}} \\)） | \\( J = 0.20 \\, \\text{A/cm}^2 \\) 时的亮度 \\( L \\)（\\( \\text{cd/m}^2 \\)） |  \n|----------------|-------------------------------|------------------------------------------------------------------|  \n| FOLED（PET）   | 3.2 V                         | 15000                                                            |  \n| OLED（玻璃）   | 3.0 V                         | 14000                                                            |  \n\n则量子效率计算（取 \\( \\lambda = 525 \\, \\text{nm} \\)，\\( \\eta_{\\text{out}} \\approx 0.25 \\)，\\( h c \\approx 1.986 \\times 10^{-25} \\, \\text{J·m} \\)，\\( J = 0.20 \\, \\text{A/cm}^2 = 20 \\, \\text{A/m}^2 \\)）：  \n\n\\[\n\\text{EQE}_{\\text{FOLED}} \\approx \\frac{15000 \\times 525 \\times 10^{-9} \\times 0.25}{1.986 \\times 10^{-25} \\times 20} \\approx 5.0\\%\n\\]  \n\\[\n\\text{EQE}_{\\text{OLED（玻璃）}} \\approx \\frac{14000 \\times 525 \\times 10^{-9} \\times 0.25}{1.986 \\times 10^{-25} \\times 20} \\approx 4.7\\%\n\\]  \n\n此时结论为：  \n- 开启电压：FOLED（PET）≈3.2 V，OLED（玻璃）≈3.0 V；  \n- 电流密度 \\( 0.20 \\, \\text{A/cm}^2 \\) 时，**FOLED（PET）的量子效率更高**（≈5.0%），OLED（玻璃）≈4.7%。  \n\n\n（注：上述为示例推导，真实结果需以实验数据为准。）'}"
./images/img_in_image_box_737_492_1743_1087.jpg,图 1.4 有机电致发光器件结构示意图,在 1987 年，美国的 kodak(柯达)公司的 c.w. tang 在实验中第一次制备出了多层有机薄膜器。这种多层有机薄膜器具有 “三明治” 结构，即：有机层夹在两电极中间。有机电致发光器件结构示意图如图 1.4 所示。该有机电致发光器件的阳极的材料为铟锡氧化物(ito)，阴极材料为具有电离势能较低的金属，其主要的作用是产生电子。而中间有机层可以是一种或多种有机材料。有机电致发光器件经历了多年的发展，从单层器件到结构复杂的器件，有机电致发光器件在性能提升方面取得了巨大的进步。,在图 1.4 所示的有机电致发光器件（OLED）多层结构示意图中，请依次列出夹在阳极（Anode）与阴极（Cathode）之间的所有功能层名称，并说明根据文中所述，阴极材料的选择标准及其核心功能是什么？,夹在阳极与阴极之间的功能层按顺序依次为：空穴注入层（Hole injection layer）、空穴传输层（Hole transport layer）、发光层（Emitter layer）以及电子注入层（Electron injection layer）。根据文中所述，阴极材料的选择标准是具有较低的电离势能，其核心功能是产生电子。,"{'is_qualified': False, 'issues': ['原文内容极其简略（仅有一行标题），并未包含图1.4的具体内容，也未提及任何关于功能层名称、阴极材料选择标准或核心功能的文字描述。', '问题要求“根据文中所述”进行回答，但由于原文中缺失相关信息，导致回答的内容完全脱离了给定的原文，无法验证其准确性来源。', '在缺乏原文支撑的情况下，问题和答案属于凭空产生，不符合基于给定文本进行问答的质量要求。'], 'doubao_thought_process': '### 夹在阳极与阴极之间的功能层（从阳极到阴极的顺序）：  \n1. **空穴注入层（Hole injection layer）**  \n2. **空穴传输层（Hole transport layer）**  \n3. **发射层（Emitter layer）**  \n4. **电子注入层（Electron injection layer）**  \n\n\n### 阴极材料的选择标准及核心功能：  \n#### 选择标准：  \n阴极材料需满足 **低功函数**（降低电子注入势垒，使电子更易从阴极注入到电子注入层）、**良好的导电性**（保证电流高效传输）、**化学稳定性**（避免与有机功能层发生化学反应，保证器件寿命）、**良好的成膜性**（保证层间界面均匀，器件结构稳定）。常用材料为低功函数金属（如Li、Al、Mg及其合金，如Mg:Ag合金）。  \n\n#### 核心功能：  \n阴极的核心功能是 **向器件中注入电子**：电子从阴极通过电子注入层传输至发射层，与从阳极经空穴注入层、空穴传输层传输至发射层的空穴在发射层中复合，激发发光材料（发射层）产生光子（实现电致发光）。  \n\n\n（注：层的顺序结合图中结构，从阳极（Anode）向上依次经过空穴注入层、空穴传输层、发射层、电子注入层，最终到达阴极（Cathode）。）', 'doubao_distilled_answer': '### 夹在阳极与阴极之间的功能层（从阳极到阴极的顺序）：  \n1. **空穴注入层（Hole injection layer）**  \n2. **空穴传输层（Hole transport layer）**  \n3. **发射层（Emitter layer）**  \n4. **电子注入层（Electron injection layer）**  \n\n\n### 阴极材料的选择标准及核心功能：  \n#### 选择标准：  \n阴极材料需满足 **低功函数**（降低电子注入势垒，使电子更易从阴极注入到电子注入层）、**良好的导电性**（保证电流高效传输）、**化学稳定性**（避免与有机功能层发生化学反应，保证器件寿命）、**良好的成膜性**（保证层间界面均匀，器件结构稳定）。常用材料为低功函数金属（如Li、Al、Mg及其合金，如Mg:Ag合金）。  \n\n#### 核心功能：  \n阴极的核心功能是 **向器件中注入电子**：电子从阴极通过电子注入层传输至发射层，与从阳极经空穴注入层、空穴传输层传输至发射层的空穴在发射层中复合，激发发光材料（发射层）产生光子（实现电致发光）。  \n\n\n（注：层的顺序结合图中结构，从阳极（Anode）向上依次经过空穴注入层、空穴传输层、发射层、电子注入层，最终到达阴极（Cathode）。）'}"
./images/img_in_image_box_892_402_1533_1080.jpg,图 1.3 hit 太阳电池结构图,作为一种高效太阳电池的设计和制造方法，hit 电池最早由日本的三洋公司所提出。hit 电池是一种具有非晶硅/单晶硅异质结构的太阳能电池，该电池是以晶体硅为基体和非晶硅薄膜相结合组成的新型太阳电池。hit 电池具有制备温度低、转换效率高、高温特性好等优点，hit 电池的高效率是该电池和传统晶硅电池相竞争的最大优势。hit 电池的基本构造为晶体硅片的表面沉积作为受光照层的本征 a-si：h 膜和 p 型 a-si：h 膜，以及背面所沉积的本征和 n 型 a-si：h 膜，上下两侧的顶层均需制备透明导电电极。在 a-si：h 和电极之间沉积一层 tco 薄膜，其目的为保证电流的正常输出，图 1.3 为 hit 电池结构。作为导电层和减反射层的 tco 薄膜必须具有较高的透过率和较低的方块电阻。基于该特性，采用磁控溅射技术在电池两侧沉积 ito 薄膜作为透明电极，在 hit 电池中得到了广泛应用 $ ^{[27]} $ 。ito 薄膜作为 hit 太阳电池的透明导电电极，同时起到了减少反射和增加导电的作用，其性能好坏对电池效率具有很大影响 $ ^{[28]} $ 。,在所提供的HIT（本征薄膜异质结）太阳电池结构图中，透明导电氧化物（TCO）层采用了哪种具体材料？并请结合图文说明该层在电池中起到的两个主要功能是什么？,该结构中TCO层采用的具体材料是ITO（氧化铟锡）。其在电池中的两个主要功能分别是：1. 作为透明导电电极，确保电流的正常输出并增加导电性；2. 作为减反射层（增加光线透过率），减少入射光的反射以提高电池效率。,"{'is_qualified': True, 'issues': [], 'doubao_thought_process': '### 透明导电氧化物（TCO）层的材料及功能分析  \n\n#### 1. TCO层的材料  \n从提供的HIT太阳电池结构图中，**TCO层采用的具体材料为氧化铟锡（ITO，Indium Tin Oxide）**（图中上下两层TCO均标注为“ITO”）。  \n\n\n#### 2. TCO层的两个主要功能（结合图文说明）  \n结合电池结构（从上层到下层依次为电极、ITO、p - a Si:H、i - a Si:H、n - type C - Si、i - a Si:H、n - a Si:H、ITO、电极），ITO层的核心功能如下：  \n\n- **功能一：导电收集并传输光生载流子**  \n  ITO具有优异的导电性（低电阻率），可高效收集光生载流子（电子/空穴），并将其传输至电极。例如，上层ITO收集来自p - a Si:H、i - a Si:H、n - type C - Si等吸收层产生的光生载流子，通过自身高导电性传输到上方电极；下层ITO同理收集载流子并传输到下方电极。这一过程减少了载流子传输的电阻损耗，提升电池的填充因子和转换效率。  \n\n- **功能二：光学透明，保障光的有效入射**  \n  ITO具有高光学透明度（对可见光的透过率通常＞80%），上层ITO作为电池的**前表面层**，可允许太阳光（入射光）透过，使光能够到达电池的光吸收区域（如n - type C - Si、a - Si:H薄膜等），避免因TCO层的吸收/反射导致光损失，最大化光的利用效率。  \n\n\n综上，HIT太阳电池的TCO层材料为**氧化铟锡（ITO）**，其主要功能是**导电收集并传输载流子**（降低电阻损耗）和**光学透明传输入射光**（提升光利用率）。', 'doubao_distilled_answer': '### 透明导电氧化物（TCO）层的材料及功能分析  \n\n#### 1. TCO层的材料  \n从提供的HIT太阳电池结构图中，**TCO层采用的具体材料为氧化铟锡（ITO，Indium Tin Oxide）**（图中上下两层TCO均标注为“ITO”）。  \n\n\n#### 2. TCO层的两个主要功能（结合图文说明）  \n结合电池结构（从上层到下层依次为电极、ITO、p - a Si:H、i - a Si:H、n - type C - Si、i - a Si:H、n - a Si:H、ITO、电极），ITO层的核心功能如下：  \n\n- **功能一：导电收集并传输光生载流子**  \n  ITO具有优异的导电性（低电阻率），可高效收集光生载流子（电子/空穴），并将其传输至电极。例如，上层ITO收集来自p - a Si:H、i - a Si:H、n - type C - Si等吸收层产生的光生载流子，通过自身高导电性传输到上方电极；下层ITO同理收集载流子并传输到下方电极。这一过程减少了载流子传输的电阻损耗，提升电池的填充因子和转换效率。  \n\n- **功能二：光学透明，保障光的有效入射**  \n  ITO具有高光学透明度（对可见光的透过率通常＞80%），上层ITO作为电池的**前表面层**，可允许太阳光（入射光）透过，使光能够到达电池的光吸收区域（如n - type C - Si、a - Si:H薄膜等），避免因TCO层的吸收/反射导致光损失，最大化光的利用效率。  \n\n\n综上，HIT太阳电池的TCO层材料为**氧化铟锡（ITO）**，其主要功能是**导电收集并传输载流子**（降低电阻损耗）和**光学透明传输入射光**（提升光利用率）。'}"
./images/img_in_image_box_120_750_953_1548.jpg,图 3 试样制备模拟图,而形成螺距梯度是获得宽带反射式胆甾相液晶偏振片的有效手段。如何有效地将所获得的胆甾相液晶的螺距梯度固定下来则是获得具有理想反射波长和反射带宽反射式胆甾相偏振片的又一关键所在。本文通过具有不同反射波长的胆甾相环硅氧烷液晶层之间的分子扩散建立液晶基元的浓度梯度，取向后获得螺距梯度分布；通过玻璃化转变温度以下分子链段运动的迅速“冻结”固定所获得的螺距梯度分布，从而获宽带反射固体膜 $$ 7-9 $$ 。为进一步提高反射膜的热稳定性，本文通过玻璃化转变温度以下内含可光聚合单体聚合形成的网络结构进一步稳定液晶基元的分子排列结构，图2为聚合物网络结构的扫描电子显微镜照片。上述工艺的模拟图如图3所示。,在所提供的宽带反射式胆甾相液晶膜试样制备模拟图中，从左下角的有序排列状态经过“Irradiation（辐射）”步骤后，其微观结构发生了什么变化？该变化的主要目的是什么？,经过“Irradiation”步骤后，液晶层内部形成了交错的网状结构（即聚合物网络）。该变化的主要目的是通过光聚合单体形成的网络结构，进一步锁定和稳定液晶基元的分子排列结构（即螺距梯度），从而提高反射膜的热稳定性。,"{'is_qualified': False, 'issues': ['原文内容极度缺失：提供的【原文】仅包含“试样制备模拟图”这一标题，缺乏实际的图表内容或详细的文字描述。', '信息来源不一致：【问题】和【解答】中提及的大量具体信息（如“左下角”、“冷却轧制”、“化学交联”、“多畴结构”、“螺距”、“布拉格反射公式”等）在【原文】中完全没有体现，属于脱离原文的知识扩展。', '无法验证准确性：由于【原文】中没有提供模拟图的具体细节，无法判断【问题】中对图中位置和步骤的描述是否准确，也无法验证【回答】是否与图示内容相符。'], 'doubao_thought_process': '### 微观结构变化  \n冷却轧制后，胆甾相液晶分子呈**大尺度均匀、高度有序的层状（或取向一致的）排列**（分子整齐排列，无明显畴界）；经辐射（如紫外辐射）后，分子排列形成**多畴结构**：膜内出现大量交错的**畴界**（类似“裂纹”的界面），将膜分割为多个小的有序区域（畴）。每个畴内分子仍保持一定秩序，但**畴间的分子排列参数（如取向、螺距）存在微小差异**，整体从“连续的大尺度均匀有序态”转变为“含多畴与畴界的有序态”（伴随辐射引发的化学交联，固定分子排列）。  \n\n\n### 主要目的  \n1. **稳定液晶取向，固定光学性能**：辐射引发**化学交联**（如光敏基团聚合），将液晶的取向态（胆甾相的层状/螺旋排列）**永久固定**，防止热扰动、外力等导致的取向松弛，确保反射等光学性能（如反射波长、带宽）长期稳定。  \n\n2. **拓宽光学反射带宽（实现“宽带反射”）**：胆甾相液晶的反射带宽与螺距均匀性强相关。多畴结构中，各畴的螺距/取向存在微小差异，导致不同畴的反射峰（基于布拉格反射公式 \\( \\lambda = nP \\)，\\( n \\) 为平均折射率，\\( P \\) 为螺距）略有偏移。**多峰叠加可显著拓宽反射带宽**，满足“宽带反射式”膜的设计需求（覆盖更宽的波长范围）。  \n\n3. **增强机械性能**：交联形成的网络结构（畴界处的交联键）**提高膜的强度与韧性**，分散应力、防止开裂，使膜更耐用（如抗弯折、抗热胀冷缩）。  \n\n\n（注：胆甾相液晶的反射特性由“螺距 \\( P \\)”和“平均折射率 \\( n \\)”决定，多畴结构通过微小参数差异实现反射峰叠加，是“宽带反射”的核心设计思路；辐射交联则通过化学作用固定结构，兼顾稳定性与机械性能。）', 'doubao_distilled_answer': '### 微观结构变化  \n冷却轧制后，胆甾相液晶分子呈**大尺度均匀、高度有序的层状（或取向一致的）排列**（分子整齐排列，无明显畴界）；经辐射（如紫外辐射）后，分子排列形成**多畴结构**：膜内出现大量交错的**畴界**（类似“裂纹”的界面），将膜分割为多个小的有序区域（畴）。每个畴内分子仍保持一定秩序，但**畴间的分子排列参数（如取向、螺距）存在微小差异**，整体从“连续的大尺度均匀有序态”转变为“含多畴与畴界的有序态”（伴随辐射引发的化学交联，固定分子排列）。  \n\n\n### 主要目的  \n1. **稳定液晶取向，固定光学性能**：辐射引发**化学交联**（如光敏基团聚合），将液晶的取向态（胆甾相的层状/螺旋排列）**永久固定**，防止热扰动、外力等导致的取向松弛，确保反射等光学性能（如反射波长、带宽）长期稳定。  \n\n2. **拓宽光学反射带宽（实现“宽带反射”）**：胆甾相液晶的反射带宽与螺距均匀性强相关。多畴结构中，各畴的螺距/取向存在微小差异，导致不同畴的反射峰（基于布拉格反射公式 \\( \\lambda = nP \\)，\\( n \\) 为平均折射率，\\( P \\) 为螺距）略有偏移。**多峰叠加可显著拓宽反射带宽**，满足“宽带反射式”膜的设计需求（覆盖更宽的波长范围）。  \n\n3. **增强机械性能**：交联形成的网络结构（畴界处的交联键）**提高膜的强度与韧性**，分散应力、防止开裂，使膜更耐用（如抗弯折、抗热胀冷缩）。  \n\n\n（注：胆甾相液晶的反射特性由“螺距 \\( P \\)”和“平均折射率 \\( n \\)”决定，多畴结构通过微小参数差异实现反射峰叠加，是“宽带反射”的核心设计思路；辐射交联则通过化学作用固定结构，兼顾稳定性与机械性能。）'}"
./images/img_in_image_box_765_1836_1733_2159.jpg,图 1-3 lcd 显示器件结构图,平板显示器件是实现文字和图像显示的人机交互载体，主要由显示模组、背光模组和触控模组组成，其中显示模组又由液晶面板、偏光片、驱动芯片（ic）、电路板（pcb 和 fpc）等部件组成 $ ^{[2]} $ 。以目前主流的 lcd 和 oled 显示器为例，其结构如图 1-3、1-4 所示。,在典型的LCD（液晶显示）器件结构中，‘显示模组’（Display Module）作为核心组成部分，通常位于背光模组之上、触控模组之下。请根据结构图示，列出构成该显示模组内部层级结构的主要部件。,根据LCD显示器件结构图，显示模组主要由以下部件构成：上偏光片（Upper Polarizer）、LCD面板（LCD Panel）以及下偏光片（Lower Polarizer）。此外，该模组还包含与其相连的集成电路（IC）和线路板（PCB/FPC）。,"{'is_qualified': True, 'issues': [], 'doubao_thought_process': '根据LCD显示器件结构图，**显示模组**的内部层级结构主要由以下部件构成：  \n1. **上偏光片**  \n2. **LCD面板**（液晶显示面板，核心显示单元）  \n3. **下偏光片**  \n\n\n（注：从图中结构标注可知，“显示模组”的括号包含“上偏光片”“LCD面板”“下偏光片”，这三个部件共同组成显示模组的内部层级结构，负责液晶显示的光学调制与图像呈现。）', 'doubao_distilled_answer': '根据LCD显示器件结构图，**显示模组**的内部层级结构主要由以下部件构成：  \n1. **上偏光片**  \n2. **LCD面板**（液晶显示面板，核心显示单元）  \n3. **下偏光片**  \n\n\n（注：从图中结构标注可知，“显示模组”的括号包含“上偏光片”“LCD面板”“下偏光片”，这三个部件共同组成显示模组的内部层级结构，负责液晶显示的光学调制与图像呈现。）'}"
./images/img_in_image_box_396_1442_950_1899.jpg,图 2 液晶分子慢响应特性,"液晶显示器使用荧光灯管(ccfl)或者led作为背光源,液晶分子在电场的控制下作为“光阀”使用。当lcd像素两端施加的电压变化时,液晶分子的排列取向亦随之改变,形成光开关实现像素的黑白转换。所谓的液晶分子响应时间指像素由黑转白、由白转黑所需要的时间,分别为上升时间 $ (t_{\mathrm{d}}) $ 、下降时间 $ (t_{\mathrm{r}}) $ 。如图2所示,上升时间 $ (t_{\mathrm{d}}) $ 指图像亮度从10%上升到90%所需时间、下降时间 $ (t_{\mathrm{r}}) $ 指图像亮度从90%下降到10%所需时间。",在液晶显示技术中，像素的响应速度直接影响动态画面的质量。请根据液晶分子作为“光阀”的工作原理，具体说明上升时间（$t_d$）与下降时间（$t_r$）在亮度变化上的技术定义。,上升时间（$t_d$）定义为图像亮度从10%上升到90%所需要的时间，这通常对应像素由黑态转换到白态的过程；下降时间（$t_r$）定义为图像亮度从90%下降到10%所需要的时间，通常对应像素由白态转换到黑态的过程。,"{'is_qualified': False, 'issues': ['术语缩写定义错误：在显示技术及光电物理标准定义中，上升时间（Rise time）通常缩写为 $t_r$，代表亮度从 10% 上升至 90% 的时间；下降时间（Fall time 或 Decay time）通常缩写为 $t_f$ 或 $t_d$，代表亮度从 90% 下降至 10% 的时间。本解答将 $t_d$ 定义为上升时间，将 $t_r$ 定义为下降时间，这与行业通用标准和语义缩写（Rise=r）完全相反，会产生严重误导。', '原文支撑性极差：提供的【原文】仅有“液晶分子慢响应特性”一句话，无法支撑解答中关于常白型（TN）液晶原理、具体百分比定义及符号定义的推导，解答内容属于脱离原文的自由发挥。', '逻辑自相矛盾：在【下降时间（$t_r$）的技术定义】一节中，标题使用 $t_r$（Rise的缩写），内容却描述亮度“下降”，这在逻辑表达上是不合格的。'], 'doubao_thought_process': '要理解液晶分子响应特性中**上升时间（\\( t_d \\)）**与**下降时间（\\( t_r \\)）**的亮度变化定义，需结合液晶“光阀”的工作原理（如图所示）：  \n\n\n### 液晶光阀的核心原理  \n- 不加电压时（左图）：液晶分子**扭曲排列**（如90°扭曲），使入射光的偏振方向旋转（与下偏振片方向匹配），光通过，屏幕呈**亮态**（亮度高）。  \n- 加电压时（右图）：液晶分子受电场力作用，沿电场方向**垂直排列**，光的偏振方向无旋转（与下偏振片方向不匹配），光被阻挡，屏幕呈**暗态**（亮度低）。  \n\n\n### 上升时间（\\( t_d \\)）的技术定义  \n上升时间是**亮度从“暗态”（低亮度）上升到“亮态”（高亮度）**的响应时间：  \n- 物理过程：移除电压（或施加反向信号），液晶分子从“垂直排列”（暗态），通过**分子弹性回复力**和热运动，逐渐恢复为“扭曲排列”（亮态）。  \n- 亮度变化：从**暗态的低亮度（通常定义为最大亮度的10%）**，上升到**亮态的高亮度（通常定义为最大亮度的90%）**所需的时间。  \n- 本质：反映液晶分子从“阻挡光通过”的排列，恢复为“允许光通过”排列的响应速度。  \n\n\n### 下降时间（\\( t_r \\)）的技术定义  \n下降时间是**亮度从“亮态”（高亮度）下降到“暗态”（低亮度）**的响应时间：  \n- 物理过程：施加电压，液晶分子从“扭曲排列”（亮态），在电场力作用下克服弹性力，逐渐转变为“垂直排列”（暗态）。  \n- 亮度变化：从**亮态的高亮度（通常定义为最大亮度的90%）**，下降到**暗态的低亮度（通常定义为最大亮度的10%）**所需的时间。  \n- 本质：反映液晶分子从“允许光通过”的排列，转变为“阻挡光通过”排列的响应速度。  \n\n\n### 关键逻辑  \n- 亮态 ↔ 暗态的切换由**液晶分子排列**（受电压控制）决定，进而控制光的通过率（亮度）。  \n- 上升时间对应“暗→亮”（电压移除，分子恢复扭曲），下降时间对应“亮→暗”（电压施加，分子变为垂直排列）。  \n\n\n（注：亮度变化的“10%→90%”是行业常用的响应时间定义标准，表征从“初始态”到“稳态”的核心响应过程。）', 'doubao_distilled_answer': '要理解液晶分子响应特性中**上升时间（\\( t_d \\)）**与**下降时间（\\( t_r \\)）**的亮度变化定义，需结合液晶“光阀”的工作原理（如图所示）：  \n\n\n### 液晶光阀的核心原理  \n- 不加电压时（左图）：液晶分子**扭曲排列**（如90°扭曲），使入射光的偏振方向旋转（与下偏振片方向匹配），光通过，屏幕呈**亮态**（亮度高）。  \n- 加电压时（右图）：液晶分子受电场力作用，沿电场方向**垂直排列**，光的偏振方向无旋转（与下偏振片方向不匹配），光被阻挡，屏幕呈**暗态**（亮度低）。  \n\n\n### 上升时间（\\( t_d \\)）的技术定义  \n上升时间是**亮度从“暗态”（低亮度）上升到“亮态”（高亮度）**的响应时间：  \n- 物理过程：移除电压（或施加反向信号），液晶分子从“垂直排列”（暗态），通过**分子弹性回复力**和热运动，逐渐恢复为“扭曲排列”（亮态）。  \n- 亮度变化：从**暗态的低亮度（通常定义为最大亮度的10%）**，上升到**亮态的高亮度（通常定义为最大亮度的90%）**所需的时间。  \n- 本质：反映液晶分子从“阻挡光通过”的排列，恢复为“允许光通过”排列的响应速度。  \n\n\n### 下降时间（\\( t_r \\)）的技术定义  \n下降时间是**亮度从“亮态”（高亮度）下降到“暗态”（低亮度）**的响应时间：  \n- 物理过程：施加电压，液晶分子从“扭曲排列”（亮态），在电场力作用下克服弹性力，逐渐转变为“垂直排列”（暗态）。  \n- 亮度变化：从**亮态的高亮度（通常定义为最大亮度的90%）**，下降到**暗态的低亮度（通常定义为最大亮度的10%）**所需的时间。  \n- 本质：反映液晶分子从“允许光通过”的排列，转变为“阻挡光通过”排列的响应速度。  \n\n\n### 关键逻辑  \n- 亮态 ↔ 暗态的切换由**液晶分子排列**（受电压控制）决定，进而控制光的通过率（亮度）。  \n- 上升时间对应“暗→亮”（电压移除，分子恢复扭曲），下降时间对应“亮→暗”（电压施加，分子变为垂直排列）。  \n\n\n（注：亮度变化的“10%→90%”是行业常用的响应时间定义标准，表征从“初始态”到“稳态”的核心响应过程。）'}"
./images/img_in_image_box_702_283_1719_1281.jpg,图 2.14 主要有机材料的分子式及器件结构,实验时把ito玻璃衬底经清洗及等离子体处理后放入 $ 1.33\times10^{-4}pa $ 的真空室内，相继蒸发空穴注入层、空穴传输层、发光层、电子传输层及电子注入层，然后制作金属电极，其中混合电子传输层采用双源蒸发的方法，最后器件密封测量。器件的亮度，色度及光谱通过pr650光谱扫描色度计测量，亮度电压、电流电压特性用keithley 2400测试仪及ls110型亮度计组成的测试系统进行测量。图2.14是本实验所用的主要有机材料分子结构及器件结构示意图。,在图 2.14 所示的有机发光二极管（OLED）器件结构中，紧邻 ITO 玻璃衬底的两个连续有机层分别使用了什么材料，并根据其实验制备顺序说明它们各自属于哪种功能层？,紧邻 ITO 玻璃衬底的第一个有机层使用的材料是 m-MTDATA，属于空穴注入层；位于其上方的第二个有机层使用的材料是 NPB，属于空穴传输层。,"{'is_qualified': True, 'issues': [], 'doubao_thought_process': ""紧邻ITO玻璃衬底的两个连续有机层及功能层分析如下：  \n\n\n### 1. 紧邻ITO的第一个有机层（第一层）  \n- **材料**：\\(\\boldsymbol{m}\\)-MTDATA（4,4',4''-三(3-甲基苯氨基)三苯胺）  \n- **分子式**：\\(\\boldsymbol{C_{45}H_{39}N_3}\\)（结构为三苯胺核心的三个苯环4-位连接“间甲基苯氨基”基团，负责空穴注入）  \n- **功能层**：**空穴注入层（HIL, Hole Injection Layer）**。因紧邻阳极（ITO），可降低ITO与有机层的界面势垒，辅助空穴从ITO注入有机层。  \n\n\n### 2. 紧邻ITO的第二个有机层（第二层，在\\(m\\)-MTDATA之上）  \n- **材料**：NPB（\\(N,N'\\)-二(萘-1-基)-\\(N,N'\\)-二苯基联苯-4,4'-二胺）  \n- **分子式**：\\(\\boldsymbol{C_{48}H_{36}N_2}\\)（结构为联苯二胺核心，两端连接萘基和苯基，负责空穴传输）  \n- **功能层**：**空穴传输层（HTL, Hole Transport Layer）**。承接\\(m\\)-MTDATA注入的空穴，将其传输至发光层（后续的\\(Alq_3\\)层）。  \n\n\n### 制备顺序与功能逻辑  \nOLED器件制备时，**先在ITO玻璃上沉积\\(m\\)-MTDATA**（紧邻ITO的第一层），利用其良好的空穴注入特性适配阳极；**再沉积NPB**（第二层），利用其高空穴迁移率实现空穴的高效传输。两者协同完成“空穴注入→空穴传输”的阳极侧载流子输运功能。  \n\n\n（注：\\(m\\)-MTDATA和NPB的分子式可通过化学结构推导：\\(m\\)-MTDATA含3个“间甲基苯氨基-苯”基团，\\(NPB\\)含2个萘基、2个苯基和1个联苯二胺核心。）"", 'doubao_distilled_answer': ""紧邻ITO玻璃衬底的两个连续有机层及功能层分析如下：  \n\n\n### 1. 紧邻ITO的第一个有机层（第一层）  \n- **材料**：\\(\\boldsymbol{m}\\)-MTDATA（4,4',4''-三(3-甲基苯氨基)三苯胺）  \n- **分子式**：\\(\\boldsymbol{C_{45}H_{39}N_3}\\)（结构为三苯胺核心的三个苯环4-位连接“间甲基苯氨基”基团，负责空穴注入）  \n- **功能层**：**空穴注入层（HIL, Hole Injection Layer）**。因紧邻阳极（ITO），可降低ITO与有机层的界面势垒，辅助空穴从ITO注入有机层。  \n\n\n### 2. 紧邻ITO的第二个有机层（第二层，在\\(m\\)-MTDATA之上）  \n- **材料**：NPB（\\(N,N'\\)-二(萘-1-基)-\\(N,N'\\)-二苯基联苯-4,4'-二胺）  \n- **分子式**：\\(\\boldsymbol{C_{48}H_{36}N_2}\\)（结构为联苯二胺核心，两端连接萘基和苯基，负责空穴传输）  \n- **功能层**：**空穴传输层（HTL, Hole Transport Layer）**。承接\\(m\\)-MTDATA注入的空穴，将其传输至发光层（后续的\\(Alq_3\\)层）。  \n\n\n### 制备顺序与功能逻辑  \nOLED器件制备时，**先在ITO玻璃上沉积\\(m\\)-MTDATA**（紧邻ITO的第一层），利用其良好的空穴注入特性适配阳极；**再沉积NPB**（第二层），利用其高空穴迁移率实现空穴的高效传输。两者协同完成“空穴注入→空穴传输”的阳极侧载流子输运功能。  \n\n\n（注：\\(m\\)-MTDATA和NPB的分子式可通过化学结构推导：\\(m\\)-MTDATA含3个“间甲基苯氨基-苯”基团，\\(NPB\\)含2个萘基、2个苯基和1个联苯二胺核心。）""}"
./images/img_in_image_box_720_1889_1658_2371.jpg,图 1.5 气浮支承下的大型玻璃基板,随着市场对大型液晶面板的需求，各国的高新技术公司也相继推出了针对大型玻璃基板传输运用的气浮支承机器，例如美国的 new way air bearings 公司 $ ^{[31]} $ ，日本的 smc 株式会社 $ ^{[32]} $ 以及德国的 festo 公司 $ ^{[33]} $ ，图 1.5 为大型玻璃基板在气浮支承下的传输过程 $ ^{[34]} $ 。如今第 11 代线玻璃基板的尺寸已达到  $ 3000 mm \times 3320 mm $ ，而它的厚度仅有 0.5 mm。即便拥有气浮非接触承载技术的支承效果，如此巨大且轻薄的基板在传输过程中，经过导轨间隔处与喷气孔间隔处的部分仍易发生弯曲变形。因此研究气浮单元的结构参数与玻璃基板受力变形的关系，对提高支承稳定性，减小玻璃基板变形从而提高检测精度，设计和优化气浮系统性能有着十分重要的指导意义。,针对尺寸为 3000 mm × 3320 mm、厚度仅为 0.5 mm 的第 11 代线大型玻璃基板，在采用气浮非接触非接触承载技术进行传输时，基板的哪些具体位置最容易出现弯曲变形？研究气浮单元结构参数与这种变形的关系主要有哪些实际应用价值？,在这种传输过程中，大型玻璃基板在经过“导轨间隔处”与“喷气孔间隔处”的部分最容易发生弯曲变形。研究气浮单元结构参数与基板变形的关系，其指导意义在于：1. 提高支承过程的稳定性；2. 减小基板变形从而提高后续的检测精度；3. 为气浮系统的设计和性能优化提供依据。,"{'is_qualified': True, 'issues': [], 'doubao_thought_process': '### 一、气浮支承下玻璃基板易弯曲变形的具体位置  \n对于尺寸为 \\( 3000\\ \\text{mm} \\times 3320\\ \\text{mm} \\)、厚度仅 \\( 0.5\\ \\text{mm} \\) 的薄型大尺寸玻璃基板，气浮传输时**容易弯曲变形的位置**主要集中在以下区域：  \n\n1. **气浮单元的间隔区域**（相邻气浮单元的中间位置）  \n   气浮单元通过气垫支撑基板，相邻气浮单元之间的间隔区域（即单元间距对应的基板区域）因支撑力薄弱（气垫作用集中在单元上方，中间区域支撑力衰减），在自身重力或气流扰动下，基板会因“支撑不足”产生明显挠度（弯曲变形）。尤其是当气浮单元间距较大时，该区域的变形会更显著。  \n\n2. **基板的边缘区域**（超出气浮单元/导轨覆盖范围的部分）  \n   玻璃基板的**长边或短边边缘**（如超出气浮导轨的端部、侧边）因无气浮单元支撑（或支撑面积不足），在重力作用下易下垂、弯曲。薄基板（厚度 \\( 0.5\\ \\text{mm} \\)）的抗弯刚度极低（刚度与厚度三次方成正比），边缘区域的“无支撑段”更容易因自身重力产生弯曲。  \n\n3. **气浮单元的排布边界**（如气浮导轨的端部、单元阵列的过渡区）  \n   气浮单元的排布存在“支撑过渡区”（如导轨两端、单元阵列的边缘），支撑力从“有”到“无”的突变会导致基板在该区域的变形集中（如端部边缘的下垂、阵列边界的挠度突变）。  \n\n\n### 二、研究气浮单元结构参数与变形关系的实际应用价值  \n气浮单元的结构参数（如**单元间距**、气垫孔径、供气压力、单元尺寸、阵列排布方式等）直接影响基板的支撑刚度和受力分布，研究其与变形的关系具有以下核心价值：  \n\n#### 1. 提升产品良率，保障工艺精度  \n对于显示面板（如LCD、OLED）、半导体晶圆等高精度制造领域，基板平整度直接决定后续光刻、镀膜、蚀刻等工艺的精度。若基板变形过大，会导致**图案偏移**（光刻对准误差）、**膜层厚度不均**（镀膜/旋涂工艺），甚至引发设备碰撞（如光刻曝光机的晶圆台接触）。通过优化气浮单元参数（如减小间距、调整供气压力），可将变形控制在工艺允许的范围内（如亚微米级），显著提升产品良率。  \n\n#### 2. 降低设备成本与运行能耗  \n气浮单元的数量、供气压力直接影响设备成本（单元数量越多、压力越高，成本/能耗越大）。通过研究“结构参数-变形”的量化关系，可在**保证平整度的前提下**，优化单元间距、供气压力等参数：  \n- 减少气浮单元数量（增大合理间距），降低设备采购成本；  \n- 降低供气压力，节约运行阶段的能耗（如压缩空气系统的电费）。  \n\n#### 3. 保障传输稳定性，避免基板损伤  \n大尺寸薄基板（如 \\( 0.5\\ \\text{mm} \\) 厚）的变形过大会导致**基板与周边设备（如传感器、导轨、机械臂）接触**，引发划伤、破裂甚至生产线停机。优化参数可避免“支撑不足型变形”，保障传输过程中基板的“非接触性”，提升生产线稳定性。  \n\n#### 4. 支撑技术迭代，适配产业升级  \n显示产业正向**更大尺寸**（如第12代线，基板尺寸超 \\( 3370\\ \\text{mm} \\times 2940\\ \\text{mm} \\)）、**更薄型化**（如柔性OLED基板，厚度 \\( <0.1\\ \\text{mm} \\)）发展。研究结构参数与变形的关系，可为新一代气浮传输系统（如柔性基板的“无接触传输”）提供理论支撑，推动产业技术升级。  \n\n#### 5. 高效调试与故障诊断  \n在生产线调试或故障排查时，可通过“结构参数-变形”的关系快速定位问题：  \n- 若边缘变形大，可针对性调整边缘单元的间距/压力；  \n- 若间隔区域变形大，可优化单元阵列的排布密度。  \n这能大幅缩短调试时间（如从“经验试错”转向“理论指导”），提升产线稼动率。  \n\n\n### 总结  \n易变形位置集中在**气浮单元间隔区**、**基板边缘**、**支撑过渡区**；研究结构参数的价值则体现在**工艺精度保障**、**成本优化**、**传输安全**、**技术迭代**、**高效调试**五个维度，直接服务于高端制造（如显示面板、半导体）的良率提升与产业升级。', 'doubao_distilled_answer': '### 一、气浮支承下玻璃基板易弯曲变形的具体位置  \n对于尺寸为 \\( 3000\\ \\text{mm} \\times 3320\\ \\text{mm} \\)、厚度仅 \\( 0.5\\ \\text{mm} \\) 的薄型大尺寸玻璃基板，气浮传输时**容易弯曲变形的位置**主要集中在以下区域：  \n\n1. **气浮单元的间隔区域**（相邻气浮单元的中间位置）  \n   气浮单元通过气垫支撑基板，相邻气浮单元之间的间隔区域（即单元间距对应的基板区域）因支撑力薄弱（气垫作用集中在单元上方，中间区域支撑力衰减），在自身重力或气流扰动下，基板会因“支撑不足”产生明显挠度（弯曲变形）。尤其是当气浮单元间距较大时，该区域的变形会更显著。  \n\n2. **基板的边缘区域**（超出气浮单元/导轨覆盖范围的部分）  \n   玻璃基板的**长边或短边边缘**（如超出气浮导轨的端部、侧边）因无气浮单元支撑（或支撑面积不足），在重力作用下易下垂、弯曲。薄基板（厚度 \\( 0.5\\ \\text{mm} \\)）的抗弯刚度极低（刚度与厚度三次方成正比），边缘区域的“无支撑段”更容易因自身重力产生弯曲。  \n\n3. **气浮单元的排布边界**（如气浮导轨的端部、单元阵列的过渡区）  \n   气浮单元的排布存在“支撑过渡区”（如导轨两端、单元阵列的边缘），支撑力从“有”到“无”的突变会导致基板在该区域的变形集中（如端部边缘的下垂、阵列边界的挠度突变）。  \n\n\n### 二、研究气浮单元结构参数与变形关系的实际应用价值  \n气浮单元的结构参数（如**单元间距**、气垫孔径、供气压力、单元尺寸、阵列排布方式等）直接影响基板的支撑刚度和受力分布，研究其与变形的关系具有以下核心价值：  \n\n#### 1. 提升产品良率，保障工艺精度  \n对于显示面板（如LCD、OLED）、半导体晶圆等高精度制造领域，基板平整度直接决定后续光刻、镀膜、蚀刻等工艺的精度。若基板变形过大，会导致**图案偏移**（光刻对准误差）、**膜层厚度不均**（镀膜/旋涂工艺），甚至引发设备碰撞（如光刻曝光机的晶圆台接触）。通过优化气浮单元参数（如减小间距、调整供气压力），可将变形控制在工艺允许的范围内（如亚微米级），显著提升产品良率。  \n\n#### 2. 降低设备成本与运行能耗  \n气浮单元的数量、供气压力直接影响设备成本（单元数量越多、压力越高，成本/能耗越大）。通过研究“结构参数-变形”的量化关系，可在**保证平整度的前提下**，优化单元间距、供气压力等参数：  \n- 减少气浮单元数量（增大合理间距），降低设备采购成本；  \n- 降低供气压力，节约运行阶段的能耗（如压缩空气系统的电费）。  \n\n#### 3. 保障传输稳定性，避免基板损伤  \n大尺寸薄基板（如 \\( 0.5\\ \\text{mm} \\) 厚）的变形过大会导致**基板与周边设备（如传感器、导轨、机械臂）接触**，引发划伤、破裂甚至生产线停机。优化参数可避免“支撑不足型变形”，保障传输过程中基板的“非接触性”，提升生产线稳定性。  \n\n#### 4. 支撑技术迭代，适配产业升级  \n显示产业正向**更大尺寸**（如第12代线，基板尺寸超 \\( 3370\\ \\text{mm} \\times 2940\\ \\text{mm} \\)）、**更薄型化**（如柔性OLED基板，厚度 \\( <0.1\\ \\text{mm} \\)）发展。研究结构参数与变形的关系，可为新一代气浮传输系统（如柔性基板的“无接触传输”）提供理论支撑，推动产业技术升级。  \n\n#### 5. 高效调试与故障诊断  \n在生产线调试或故障排查时，可通过“结构参数-变形”的关系快速定位问题：  \n- 若边缘变形大，可针对性调整边缘单元的间距/压力；  \n- 若间隔区域变形大，可优化单元阵列的排布密度。  \n这能大幅缩短调试时间（如从“经验试错”转向“理论指导”），提升产线稼动率。  \n\n\n### 总结  \n易变形位置集中在**气浮单元间隔区**、**基板边缘**、**支撑过渡区**；研究结构参数的价值则体现在**工艺精度保障**、**成本优化**、**传输安全**、**技术迭代**、**高效调试**五个维度，直接服务于高端制造（如显示面板、半导体）的良率提升与产业升级。'}"
./images/img_in_image_box_454_2152_2005_2725.jpg,图 3-5 蚀刻液水平流动造成线宽减小,在喷淋蚀刻过程中，理想的情况是蚀刻只在垂直方向进行，水平方向不应该有蚀刻现象发生。但是实际上蚀刻药水从顶部喷淋到下面的基板上后，会在水平方向流动和传递，这样即使有抗蚀剂保护的线路，依然会在侧面被蚀刻掉一部分铜，造成实际得到的线路宽度小于抗蚀剂所提供的线条宽度，这种现象叫做过蚀刻。过蚀刻是不可避免的，它造成最终线路宽度比起设计值来有所减小。图 3-5 为线路从侧面发生蚀刻的示意图。,在喷淋蚀刻（Spray Etching）工艺中，根据蚀刻液流动的物理过程示意图，请说明导致“过蚀刻”现象的具体机制，以及该现象对最终形成的铜箔线路宽度有何影响？,过蚀刻（Over-etching）的机制在于：蚀刻液从上方垂直喷淋到基板后，并不会只进行垂直方向的反应，而是会在基板表面发生水平方向的流动和传递。这种水平流动会导致受到抗蚀剂（如干膜）保护的铜箔侧面也被蚀刻掉一部分。其结果是，最终得到的实际线路宽度会小于设计时由抗蚀剂（干膜）所确定的线条宽度。,"{'is_qualified': True, 'issues': [], 'doubao_thought_process': '### 过蚀刻（侧蚀）的具体机制  \n在喷淋蚀刻工艺中，**干膜**作为掩膜保护其下方的铜箔（需保留的线路区域），中间区域的铜箔（待蚀刻区域）暴露于蚀刻液中。蚀刻液通过**垂直喷淋**与铜箔反应，同时存在**水平流动**（如图中左右箭头所示）：  \n- 垂直喷淋的蚀刻液与待蚀刻区域的铜箔反应，生成的蚀刻产物（如铜离子）需被**水平流动的蚀刻液带走**，以维持蚀刻反应持续进行。  \n- 水平流动的蚀刻液会扩散到**保留线路的侧壁**（干膜与铜箔的交界面下方的铜箔边缘，即线路的外侧边缘），持续为侧壁区域提供**新鲜蚀刻液**，使侧壁的铜继续与蚀刻液反应（侧蚀）。  \n- 若蚀刻时间过长、蚀刻液流速/浓度控制不当，侧壁的蚀刻反应会**过度进行**（过蚀刻），即侧蚀程度远超设计要求。  \n\n\n### 对铜箔线路宽度的影响  \n干膜的掩膜作用原本定义了铜箔线路的**初始宽度**（干膜覆盖区域的铜箔宽度）。但过蚀刻（侧蚀加剧）会导致：  \n- 保留线路的**侧壁被大量蚀刻**，线路的**横向（宽度方向）尺寸持续减小**。  \n- 最终形成的铜箔线路宽度**小于设计的理论宽度**（干膜定义的初始宽度），即**线宽减小**。  \n\n\n（核心逻辑：水平流动的蚀刻液持续侵蚀线路侧壁，侧蚀过度→线宽缩小。）', 'doubao_distilled_answer': '### 过蚀刻（侧蚀）的具体机制  \n在喷淋蚀刻工艺中，**干膜**作为掩膜保护其下方的铜箔（需保留的线路区域），中间区域的铜箔（待蚀刻区域）暴露于蚀刻液中。蚀刻液通过**垂直喷淋**与铜箔反应，同时存在**水平流动**（如图中左右箭头所示）：  \n- 垂直喷淋的蚀刻液与待蚀刻区域的铜箔反应，生成的蚀刻产物（如铜离子）需被**水平流动的蚀刻液带走**，以维持蚀刻反应持续进行。  \n- 水平流动的蚀刻液会扩散到**保留线路的侧壁**（干膜与铜箔的交界面下方的铜箔边缘，即线路的外侧边缘），持续为侧壁区域提供**新鲜蚀刻液**，使侧壁的铜继续与蚀刻液反应（侧蚀）。  \n- 若蚀刻时间过长、蚀刻液流速/浓度控制不当，侧壁的蚀刻反应会**过度进行**（过蚀刻），即侧蚀程度远超设计要求。  \n\n\n### 对铜箔线路宽度的影响  \n干膜的掩膜作用原本定义了铜箔线路的**初始宽度**（干膜覆盖区域的铜箔宽度）。但过蚀刻（侧蚀加剧）会导致：  \n- 保留线路的**侧壁被大量蚀刻**，线路的**横向（宽度方向）尺寸持续减小**。  \n- 最终形成的铜箔线路宽度**小于设计的理论宽度**（干膜定义的初始宽度），即**线宽减小**。  \n\n\n（核心逻辑：水平流动的蚀刻液持续侵蚀线路侧壁，侧蚀过度→线宽缩小。）'}"
./images/img_in_image_box_732_382_1691_1061.jpg,图 2.2 磁控溅射设备图,本课题使用的溅射镀膜设备是国产 msib-6000 型超高真空磁控溅射/离子束溅射一体机，仪器如图 2.2 所示。该磁控溅射仪具有 3 个腔室，从图中标注可以看出，仪器从左到右分别为进样室、磁控溅射室和离子束溅射室，其组成主要分为溅射系统、抽气系统、供气系统、测量和控制系统以及冷却系统。,根据提供的msib-6000型超高真空一体化溅射设备示意图及其技术描述，请按空间排列顺序指出该设备从左至右包含哪三个主要功能腔室，并说明构成该集成系统的五个核心子系统是什么？,根据图示标注和文本描述，该设备从左到右的三个主要功能腔室依次为：进样室、磁控溅射室和离子束溅射室。构成该集成系统的五个核心子系统分别为：溅射系统、抽气系统、供气系统、测量和控制系统以及冷却系统。,"{'is_qualified': False, 'issues': ['原文信息严重缺失：原文内容仅为“磁控溅射设备图”五个字，未包含问题中提到的‘msib-6000型设备示意图’及任何‘技术描述’。', '答案无法从原文推导：回答中详细列出的三个功能腔室顺序及五个核心子系统的具体技术参数（如真空度量级、电源类型等），在提供的原文中完全没有体现，属于脱离原文的作答。', '问题引导错误：问题要求‘根据提供的...示意图及其技术描述’，但实际并未提供相应图纸和文字说明，导致题目成为无本之木。'], 'doubao_thought_process': '### 一、从左至右的三个主要功能腔室  \n根据设备示意图的空间排列（从左向右），三个主要功能腔室依次为：**进样室**、**磁控溅射室**、**离子束溅射室**。  \n\n\n### 二、构成集成系统的五个核心子系统  \n结合超高真空一体化溅射设备的技术原理与结构特征，五个核心子系统为：  \n\n1. **真空获得与维持子系统**  \n   负责提供并维持设备各腔室的**超高真空环境**（通常需达到10⁻⁵～10⁻⁷ Pa量级），包含真空泵组（如分子泵、离子泵、机械泵等）、真空测量装置（真空计）、真空管路及阀门等，确保溅射过程在高真空下进行，减少杂质污染。  \n\n2. **气体流量与分压控制子系统**  \n   控制**工作气体/反应气体**（如Ar、O₂、N₂等）的流量、分压，为溅射工艺提供稳定的气体环境。包含气体钢瓶、质量流量计（MFC）、精密阀门、气体管路及混气装置等，可精确调节气体比例以实现不同工艺需求（如反应溅射、合金溅射等）。  \n\n3. **溅射电源与匹配子系统**  \n   为**磁控溅射室**（磁控电源）和**离子束溅射室**（离子束电源）提供溅射所需的电能，包含：  \n   - 磁控溅射电源（如直流/射频/脉冲电源）及阻抗匹配网络；  \n   - 离子束溅射电源（如离子源加速电源、引出电源）；  \n   确保电源功率高效传输，满足不同溅射模式（磁控、离子束）的能量需求。  \n\n4. **样品装载与传输子系统**  \n   实现样品的**真空装载**与**腔室间传输**（如从进样室到磁控/离子束溅射室），包含进样杆、样品台、真空兼容的机械传输机构，确保样品在真空环境下完成“进样→溅射→卸载”的工艺流转，避免空气暴露污染。  \n\n5. **工艺监测与控制子系统**  \n   监测并控制溅射过程的关键参数（如真空度、温度、溅射速率、膜厚等），包含：  \n   - 传感器（真空计、温度计、膜厚监测仪等）；  \n   - 控制器（PLC、工业计算机等）；  \n   - 人机交互界面（操作面板、软件程序）；  \n   实现工艺参数的实时反馈与自动/手动调节，保证溅射工艺的重复性与稳定性。  \n\n\n（注：子系统的具体命名可结合设备技术文档微调，但核心功能需覆盖“真空、气体、电源、样品传输、工艺控制”五大模块。）', 'doubao_distilled_answer': '### 一、从左至右的三个主要功能腔室  \n根据设备示意图的空间排列（从左向右），三个主要功能腔室依次为：**进样室**、**磁控溅射室**、**离子束溅射室**。  \n\n\n### 二、构成集成系统的五个核心子系统  \n结合超高真空一体化溅射设备的技术原理与结构特征，五个核心子系统为：  \n\n1. **真空获得与维持子系统**  \n   负责提供并维持设备各腔室的**超高真空环境**（通常需达到10⁻⁵～10⁻⁷ Pa量级），包含真空泵组（如分子泵、离子泵、机械泵等）、真空测量装置（真空计）、真空管路及阀门等，确保溅射过程在高真空下进行，减少杂质污染。  \n\n2. **气体流量与分压控制子系统**  \n   控制**工作气体/反应气体**（如Ar、O₂、N₂等）的流量、分压，为溅射工艺提供稳定的气体环境。包含气体钢瓶、质量流量计（MFC）、精密阀门、气体管路及混气装置等，可精确调节气体比例以实现不同工艺需求（如反应溅射、合金溅射等）。  \n\n3. **溅射电源与匹配子系统**  \n   为**磁控溅射室**（磁控电源）和**离子束溅射室**（离子束电源）提供溅射所需的电能，包含：  \n   - 磁控溅射电源（如直流/射频/脉冲电源）及阻抗匹配网络；  \n   - 离子束溅射电源（如离子源加速电源、引出电源）；  \n   确保电源功率高效传输，满足不同溅射模式（磁控、离子束）的能量需求。  \n\n4. **样品装载与传输子系统**  \n   实现样品的**真空装载**与**腔室间传输**（如从进样室到磁控/离子束溅射室），包含进样杆、样品台、真空兼容的机械传输机构，确保样品在真空环境下完成“进样→溅射→卸载”的工艺流转，避免空气暴露污染。  \n\n5. **工艺监测与控制子系统**  \n   监测并控制溅射过程的关键参数（如真空度、温度、溅射速率、膜厚等），包含：  \n   - 传感器（真空计、温度计、膜厚监测仪等）；  \n   - 控制器（PLC、工业计算机等）；  \n   - 人机交互界面（操作面板、软件程序）；  \n   实现工艺参数的实时反馈与自动/手动调节，保证溅射工艺的重复性与稳定性。  \n\n\n（注：子系统的具体命名可结合设备技术文档微调，但核心功能需覆盖“真空、气体、电源、样品传输、工艺控制”五大模块。）'}"
./images/img_in_image_box_338_582_2127_1562.jpg,图 2-6 防变形网版贴附机构设计视图,防变形网版贴附机构，在偏光片的贴附过程中，由于偏光片具有薄、翘及易褶皱的特性，传统的胶辊对平台贴附方式在贴附偏光片时，易产生划痕、偏位及气泡等缺陷，已不能满足生产工艺的要求。因此兼具柔性与韧性的网版成为了一个很好的选择，但是传统网版加真空时容易变形，吸附在上面的偏光片亦随之变形，严重影响了视觉对位的精度。针对此种情况，研究开发具有防变形网版真空吸附技术的贴附机构成为了必须克服的难题。双层网版结构是解决这一难题的关键技术，利用张力不同的上下两层网版形成真空腔体，加真空时张力较大的上层网版保持不变形，张力较小的下层网版变形，以此平衡腔体压力的变化。如图 2-6 所示，防变形网版贴附机构主要由防变形网版真空吸附部件、胶辊滚压部件、液晶玻璃 ccd 部件、液晶玻璃转移贴合部件、偏光片 ccd 部件等部件组成。,在偏光片贴附工艺中，图2-6所示的防变形网版贴附机构是如何利用双层网版结构解决真空吸附导致的变形问题的？,该机构采用了具有不同张力的上下两层网版构成的真空腔体。在加真空吸附时，利用张力较大的上层网版保持形状不发生变形，而由张力较小的下层网版发生变形，以此来平衡腔体内部压力的变化。通过这种方式，吸附在网版上的偏光片能够保持平整，从而确保视觉对位的高精度。,"{'is_qualified': False, 'issues': ['回答内容与原文严重冲突/脱节：原文仅包含“防变形网版贴附机构设计视图”这一标题式描述，完全没有提及“双层网版结构”、“支撑网版”、“吸附网版”以及具体的“刚性支撑+力的分散”原理。回答中的所有核心知识点均无法从原文中得出。', '问题引用的信息在原文中缺失：问题中提到的“图2-6”在提供的原文中并不存在。', '回答质量不真实：解答过程和回答虽然逻辑自洽，但属于“无中生有”，并非基于给定原文生成的，不符合阅读理解或知识检查的质量要求。'], 'doubao_thought_process': '在偏光片贴附工艺中，**防变形网版贴附机构的双层网版结构**通过“**刚性支撑+力的分散**”的协同作用，解决真空吸附导致的变形问题，核心原理如下：  \n\n\n### 1. 双层网版的结构分工  \n双层网版通常包含 **“支撑网版”**（外层/底层）和 **“吸附网版”**（内层/顶层）：  \n- **支撑网版**：采用高刚性材质（或致密结构），提供**结构支撑**，抵抗真空吸附产生的拉力，避免网版整体变形。  \n- **吸附网版**：与偏光片（或被贴附物）直接接触，负责**真空吸附**，并通过支撑网版分散吸附力，保证吸附面平整。  \n\n\n### 2. 抗变形的核心机制  \n当真空吸附启动时（如吸附偏光片或玻璃），双层网版通过以下方式避免变形：  \n- **防止网版自身变形**：支撑网版的高刚性可抵抗真空吸力的“拉扯”，避免网版因刚度不足而弯曲、凹陷。若网版变形，被吸附的偏光片（或玻璃）会随之变形，直接影响贴附精度。  \n- **分散吸附应力**：吸附力通过吸附网版传递到支撑网版，**应力被支撑层均匀分散**，减少局部应力集中（如单一层网版易出现的“局部凹陷”），避免网版（及被吸附物）产生褶皱、扭曲等变形。  \n- **保持被吸附物平整**：双层网版的“平整性”通过支撑层的刚性得以维持，确保被吸附的偏光片（或玻璃）在贴附前处于**绝对平整**的状态，避免贴合时出现错位、褶皱等缺陷。  \n\n\n### 3. 工艺价值（结合贴附流程）  \n在偏光片贴附流程中，真空吸附是“拾取-转移-贴合”的关键环节。若网版变形，偏光片会随网版产生形变，导致贴合时与玻璃（或其他基材）的对齐精度、平整度下降。双层网版通过**“支撑层抗变形+吸附层匀力”**，从源头保证被吸附物（偏光片）的平整性，最终提升贴附良率与精度。  \n\n\n简言之，双层网版结构通过**“刚性支撑+应力分散”**，让网版在真空吸附下保持平整，进而防止被吸附的偏光片（或基材）变形，为高精度贴附提供保障。', 'doubao_distilled_answer': '在偏光片贴附工艺中，**防变形网版贴附机构的双层网版结构**通过“**刚性支撑+力的分散**”的协同作用，解决真空吸附导致的变形问题，核心原理如下：  \n\n\n### 1. 双层网版的结构分工  \n双层网版通常包含 **“支撑网版”**（外层/底层）和 **“吸附网版”**（内层/顶层）：  \n- **支撑网版**：采用高刚性材质（或致密结构），提供**结构支撑**，抵抗真空吸附产生的拉力，避免网版整体变形。  \n- **吸附网版**：与偏光片（或被贴附物）直接接触，负责**真空吸附**，并通过支撑网版分散吸附力，保证吸附面平整。  \n\n\n### 2. 抗变形的核心机制  \n当真空吸附启动时（如吸附偏光片或玻璃），双层网版通过以下方式避免变形：  \n- **防止网版自身变形**：支撑网版的高刚性可抵抗真空吸力的“拉扯”，避免网版因刚度不足而弯曲、凹陷。若网版变形，被吸附的偏光片（或玻璃）会随之变形，直接影响贴附精度。  \n- **分散吸附应力**：吸附力通过吸附网版传递到支撑网版，**应力被支撑层均匀分散**，减少局部应力集中（如单一层网版易出现的“局部凹陷”），避免网版（及被吸附物）产生褶皱、扭曲等变形。  \n- **保持被吸附物平整**：双层网版的“平整性”通过支撑层的刚性得以维持，确保被吸附的偏光片（或玻璃）在贴附前处于**绝对平整**的状态，避免贴合时出现错位、褶皱等缺陷。  \n\n\n### 3. 工艺价值（结合贴附流程）  \n在偏光片贴附流程中，真空吸附是“拾取-转移-贴合”的关键环节。若网版变形，偏光片会随网版产生形变，导致贴合时与玻璃（或其他基材）的对齐精度、平整度下降。双层网版通过**“支撑层抗变形+吸附层匀力”**，从源头保证被吸附物（偏光片）的平整性，最终提升贴附良率与精度。  \n\n\n简言之，双层网版结构通过**“刚性支撑+应力分散”**，让网版在真空吸附下保持平整，进而防止被吸附的偏光片（或基材）变形，为高精度贴附提供保障。'}"
./images/img_in_image_box_404_1636_1862_2700.jpg,图 4.1 传统器件与叠层器件的结构示意图,本章所提及的叠层有机电致发光器件结构如图 4.1 所示，器件中包括阳极氧化铟锡层；垂直层叠的两个或多个电致发光单元(emissive unit)，各个发光单元之间通过电荷产生层（cgl）连接；最后是器件的金属阴极。相邻有机 el 单元之间的连接，在生产高效的叠层器件中是非常关键的，载流子产生层一般由高导电率的金属薄膜、ito 导电薄膜、有机电学掺杂薄膜等构成，需要满足导电透光的条件。,在上述叠层有机电致发光器件（Tandem OLED）的结构示意图中，连接两个相邻发光单元（Emissive unit）的关键组件被称为“CGL”。请根据提供的信息，说明该组件在器件结构中的具体位置，并阐述为了保证器件的高效发光，该层必须具备哪两项核心物理特性？,在叠层器件结构中，CGL（电荷产生层）位于垂直堆叠的相邻两个发光单元之间，起到电学连接的作用。为了确保器件高效运行，CGL必须具备以下两项核心物理特性：1. 高导电率（或良好的导电性），以确保载流子在单元间的有效传输并降低电压损耗；2. 高透光性（光学透明），以保证内部发光单元产生的光线能够穿透该层并最终从器件中射出，减少光吸收损失。,"{'is_qualified': True, 'issues': [], 'doubao_thought_process': '### 1. CGL的具体位置  \n在叠层有机电致发光器件（Tandem OLED）的结构中，**CGL（电荷产生层）位于相邻两个发光单元（Emissive unit）之间**，是连接上下发光单元的关键功能层（如图中叠层结构里，上方发光单元的底部与下方发光单元的顶部之间的层为CGL）。  \n\n\n### 2. CGL的两项核心物理特性  \n为保证叠层器件高效发光，CGL需具备以下两项核心物理特性：  \n\n#### （1）**高效的电荷产生能力**  \n在器件工作的电场作用下，CGL需能**高效产生电子和空穴对**（电荷产生效率高）。由于叠层器件中多个发光单元串联，总电流由各发光单元的电流决定（串联电路电流相等），因此CGL需为相邻的两个发光单元（上、下单元）分别提供充足的电荷（空穴供给上方发光单元，电子供给下方发光单元，或反之，取决于能级设计），确保每个发光单元都能获得足够的电荷进行复合发光。  \n\n\n#### （2）**良好的电荷分离与注入/传输特性**  \nCGL需通过**合适的能级结构或电荷传输特性**，将产生的电子和空穴**有效分离并分别注入到相邻的发光单元中**：  \n- 产生的空穴需能顺利注入（或传输）到**上方发光单元**的空穴传输层（或空穴注入侧）；  \n- 产生的电子需能顺利注入（或传输）到**下方发光单元**的电子传输层（或电子注入侧）。  \n\n同时，CGL需保证**电流在叠层结构中连续通过**（即自身电导特性或界面势垒低，电荷传输/注入过程的能量损耗小），从而驱动多个发光单元同步、高效发光（总电压为各发光单元电压之和，电流与单个发光单元工作电流一致）。  \n\n\n简言之，CGL的核心作用是“连接发光单元+供给电荷”，因此需同时具备**高效电荷产生**和**良好电荷分离/注入**的特性。', 'doubao_distilled_answer': '### 1. CGL的具体位置  \n在叠层有机电致发光器件（Tandem OLED）的结构中，**CGL（电荷产生层）位于相邻两个发光单元（Emissive unit）之间**，是连接上下发光单元的关键功能层（如图中叠层结构里，上方发光单元的底部与下方发光单元的顶部之间的层为CGL）。  \n\n\n### 2. CGL的两项核心物理特性  \n为保证叠层器件高效发光，CGL需具备以下两项核心物理特性：  \n\n#### （1）**高效的电荷产生能力**  \n在器件工作的电场作用下，CGL需能**高效产生电子和空穴对**（电荷产生效率高）。由于叠层器件中多个发光单元串联，总电流由各发光单元的电流决定（串联电路电流相等），因此CGL需为相邻的两个发光单元（上、下单元）分别提供充足的电荷（空穴供给上方发光单元，电子供给下方发光单元，或反之，取决于能级设计），确保每个发光单元都能获得足够的电荷进行复合发光。  \n\n\n#### （2）**良好的电荷分离与注入/传输特性**  \nCGL需通过**合适的能级结构或电荷传输特性**，将产生的电子和空穴**有效分离并分别注入到相邻的发光单元中**：  \n- 产生的空穴需能顺利注入（或传输）到**上方发光单元**的空穴传输层（或空穴注入侧）；  \n- 产生的电子需能顺利注入（或传输）到**下方发光单元**的电子传输层（或电子注入侧）。  \n\n同时，CGL需保证**电流在叠层结构中连续通过**（即自身电导特性或界面势垒低，电荷传输/注入过程的能量损耗小），从而驱动多个发光单元同步、高效发光（总电压为各发光单元电压之和，电流与单个发光单元工作电流一致）。  \n\n\n简言之，CGL的核心作用是“连接发光单元+供给电荷”，因此需同时具备**高效电荷产生**和**良好电荷分离/注入**的特性。'}"
./images/img_in_image_box_667_1379_1951_2376.jpg,图 3-24 视觉运动控制系统,"视觉运动控制系统一般由四部分组成：电机及其驱动、精密工作平台、ccd 摄像头及图像采集卡、图像处理算法及控制软件 $ ^{[9, 10]} $ 。本文所述的视觉运动系统是指在平板显示行业 tft-lcd 制程中，偏光片和玻璃基板贴合工艺所使用的对位系统，该系统的方案如图 3-24 所示。",在 TFT-LCD 偏光片与玻璃基板贴合工艺的视觉运动控制系统中，根据图 3-24 所示的方案，该系统采用了哪种类型的精密对位平台？并请简述主机是如何通过特定的硬件接口卡与视觉采集组件及执行机构（电机）进行通信的。,该系统采用了 UVW 平台作为其精密工作平台。在通信逻辑上，主机通过“图像采集卡”连接并接收来自 CCD1 和 CCD2 两个摄像头的图像数据；同时，主机通过“运动控制卡”向底部的 U、V、W 三个驱动电机发送控制指令，从而实现对 UVW 平台的精确运动控制。,"{'is_qualified': False, 'issues': ['原文内容过于简略（仅有标题“视觉运动控制系统”），未包含问题中提到的“图 3-24”以及回答中所涉及的“UVW型精密对位平台”、“图像采集卡”、“运动控制卡”等核心技术细节。', '由于原文信息缺失，无法判断回答的准确性是否基于提供的参考资料，存在严重的“幻觉”现象或信息来源不一致问题。'], 'doubao_thought_process': '### 1. 精密对位平台类型  \n该系统采用**UVW型精密对位平台**（或称为**三自由度平面对位平台**）。UVW平台具备**U（X方向平移）、V（Y方向平移）、W（θ方向旋转，绕垂直于平台平面的轴）**三个自由度，可在平面内实现**X/Y方向的平移**和**θ方向的旋转**，满足TFT - LCD偏光片与玻璃基板贴合时的高精度对位需求（需同步调整X、Y位移及旋转角度以对齐标记）。  \n\n\n### 2. 主机与视觉采集组件、执行机构的通信方式  \n#### （1）与视觉采集组件（CCD1、CCD2）的通信  \n主机通过**图像采集卡**与CCD（视觉采集组件）通信：  \n- CCD（CCD1、CCD2）拍摄包含对位标记的图像，将图像信号（模拟/数字信号）传输至**图像采集卡**；  \n- 图像采集卡将图像信号转换为计算机可处理的数字图像数据，传输给**主机**；  \n- 主机对图像进行处理（如标记识别、位置检测），提取对位标记的位置信息，计算当前位置与目标位置的偏差（ΔX、ΔY、Δθ）。  \n\n\n#### （2）与执行机构（驱动UVW平台的电机）的通信  \n主机通过**运动控制卡**与电机（执行机构）通信：  \n- 主机根据图像处理得到的对位偏差（ΔX、ΔY、Δθ），生成运动控制指令（如U/V方向的位移量、W方向的旋转角度对应的运动参数）；  \n- 运动控制卡接收主机的指令，输出相应的控制信号（如脉冲数、方向信号、速度指令等），驱动电机（如伺服电机、步进电机）运转；  \n- 电机带动UVW平台的U/V/W轴运动，实现X/Y方向的平移和θ方向的旋转，完成精密对位调整。  \n\n\n**总结**：UVW平台通过X/Y平移+θ旋转的三自由度设计满足贴合对位需求；主机借助**图像采集卡**获取视觉信息、**运动控制卡**输出运动指令，实现“视觉检测 - 偏差计算 - 运动执行”的闭环对位控制。', 'doubao_distilled_answer': '### 1. 精密对位平台类型  \n该系统采用**UVW型精密对位平台**（或称为**三自由度平面对位平台**）。UVW平台具备**U（X方向平移）、V（Y方向平移）、W（θ方向旋转，绕垂直于平台平面的轴）**三个自由度，可在平面内实现**X/Y方向的平移**和**θ方向的旋转**，满足TFT - LCD偏光片与玻璃基板贴合时的高精度对位需求（需同步调整X、Y位移及旋转角度以对齐标记）。  \n\n\n### 2. 主机与视觉采集组件、执行机构的通信方式  \n#### （1）与视觉采集组件（CCD1、CCD2）的通信  \n主机通过**图像采集卡**与CCD（视觉采集组件）通信：  \n- CCD（CCD1、CCD2）拍摄包含对位标记的图像，将图像信号（模拟/数字信号）传输至**图像采集卡**；  \n- 图像采集卡将图像信号转换为计算机可处理的数字图像数据，传输给**主机**；  \n- 主机对图像进行处理（如标记识别、位置检测），提取对位标记的位置信息，计算当前位置与目标位置的偏差（ΔX、ΔY、Δθ）。  \n\n\n#### （2）与执行机构（驱动UVW平台的电机）的通信  \n主机通过**运动控制卡**与电机（执行机构）通信：  \n- 主机根据图像处理得到的对位偏差（ΔX、ΔY、Δθ），生成运动控制指令（如U/V方向的位移量、W方向的旋转角度对应的运动参数）；  \n- 运动控制卡接收主机的指令，输出相应的控制信号（如脉冲数、方向信号、速度指令等），驱动电机（如伺服电机、步进电机）运转；  \n- 电机带动UVW平台的U/V/W轴运动，实现X/Y方向的平移和θ方向的旋转，完成精密对位调整。  \n\n\n**总结**：UVW平台通过X/Y平移+θ旋转的三自由度设计满足贴合对位需求；主机借助**图像采集卡**获取视觉信息、**运动控制卡**输出运动指令，实现“视觉检测 - 偏差计算 - 运动执行”的闭环对位控制。'}"
./images/img_in_image_box_495_1897_1626_2368.jpg,"图 1.4 基于离子导电膜的晶体管的电化学显示示意图 $ ^{[92]} $ ",基于电解质的低电压晶体管由于其制备简单以及成本低廉等优点，同时在简易显示方面具有潜在的应用价值。said等人制备了单片集成的基于电解质的低电压有机晶体管与有机电致色变器件的显示单元 $ ^{[91]} $ 。在该简易显示单元中，pssh既被用于晶体管的栅介质，同时也作为电致色变器件的质子输运层。有机晶体管以p3ht作为沟道层，金作为源漏电极以及钛作为顶栅电极。而电致色变器件则是将 pssh 夹在两个 pedot:pss 电极之间。通过将晶体管的漏电极连接到电致色变器件的 pedot:pss 底电极形成一个简易显示单元。可以通过控制晶体管的开关来控制电致色变器件的颜色改变，从而实现显示的目的。实际上，电致色变器件颜色的改变是由于电致色变材料发看生了氧化-还原反应。这种简易显示的优点是具有较快的开关速度以及低功耗。kaihovirta 等人同样也报道了通过将以离子导电膜作为栅介质的晶体管与电致色变器件连接在一起的简易显示器件 $ ^{[92]} $ 。不同的他们利用了比较厚的离子导电膜 nafion 同时作为晶体管的栅介质以及器件的支撑衬底，如图 1.4 所示。当加上一个恒定的漏电压以及栅电压时，输出的源漏电流引起电致色变单元发生氧化还原反应，所以器件的颜色发生改变。当改变电压极性时，电致色变器件的颜色将会还原，如图 1.5 所示。事实上，基于电解质的低电压晶体管在这些简易显示单元中起到开关作用。berggren 等人通过印刷技术制备了  $ 5 \times 5 $  的有源矩阵简易电致色变显示器件 $ ^{[93]} $ 。该简易显示中的每个像素单元都包含一个基于 pedot:pss 的电致色变器件同时连接到一个以电解质为栅介质的电化学晶体管。为了提高显示器件的填充因子（显示单元与像素单元面积之比）以及开关速度，垂直结构的电致色变器件制备而成。同时这些研究人员还研究了不同的电致色变材料对简易显示器件对比度的影响。优化的简易显示器件具有较高的填充因子以及较快的开关速度。,在图1.4所示的基于离子导电膜的电化学显示单元结构中，中间的离子导电膜（Membrane）在器件的物理架构和电气功能方面分别扮演了哪两种关键角色？,该离子导电膜（Membrane）在器件中具有双重作用：1. 在物理架构上，它作为整个集成器件（包括MemFET晶体管和EC-display显示单元）的支撑衬底；2. 在电气功能上，它作为MemFET晶体管的栅极电荷感应介质（栅介质层），用于传递栅极电场以控制源漏电流。,"{'is_qualified': False, 'issues': ['原文内容极其匮乏，仅包含一个标题，未提供关于器件结构、离子导电膜功能、晶体管（MemFET）或PANI电极的任何具体描述。', '问题中引用的“图1.4”在原文中并未呈现，导致问题和回答缺乏事实依据。', '回答中提到的“物理架构角色”和“电气功能角色”等详尽的技术细节在原文中完全没有体现，属于脱离原文内容的凭空生成。'], 'doubao_thought_process': '要分析离子导电膜（Membrane）在器件中的**物理架构**和**电气功能**角色，需结合器件结构（晶体管+电致变色显示单元）的集成逻辑与离子导电膜的特性：\n\n\n### 1. **物理架构角色：结构集成与支撑层**  \n离子导电膜作为**中间结构层**，分隔并支撑晶体管（MemFET）的源（S）、漏（D）、栅（G）电极与电致变色显示单元（EC - display、PANI电极），使两类功能层（晶体管驱动部分+显示部分）在空间上有序集成，构成**一体化的电化学显示器件物理结构**。它确保各电极（S、D、G、PANI等）的空间布局合理，为晶体管与显示单元的协同工作提供物理支撑。  \n\n\n### 2. **电气功能角色：离子传输通道**  \n离子导电膜的核心功能是**提供离子传输的通道**，使离子在电场作用下能在**晶体管（MemFET）的沟道区域**与**电致变色显示单元（EC - display、PANI）**之间迁移，实现两类功能的电气协同：  \n- **驱动显示**：离子迁移驱动电致变色材料（如PANI）发生**氧化还原反应**（如颜色变化），实现显示功能。  \n- **晶体管调控**：栅极（G）的电场通过离子导电膜调控沟道的**离子电导**（或电化学势），使晶体管（MemFET）实现“开关/调制”功能，从而控制显示单元的工作电流（离子流），调节显示状态。  \n\n\n简言之，离子导电膜在**物理上集成晶体管与显示单元**，在**电气上作为离子通道驱动显示并被晶体管调控**，是器件功能实现的核心支撑。', 'doubao_distilled_answer': '要分析离子导电膜（Membrane）在器件中的**物理架构**和**电气功能**角色，需结合器件结构（晶体管+电致变色显示单元）的集成逻辑与离子导电膜的特性：\n\n\n### 1. **物理架构角色：结构集成与支撑层**  \n离子导电膜作为**中间结构层**，分隔并支撑晶体管（MemFET）的源（S）、漏（D）、栅（G）电极与电致变色显示单元（EC - display、PANI电极），使两类功能层（晶体管驱动部分+显示部分）在空间上有序集成，构成**一体化的电化学显示器件物理结构**。它确保各电极（S、D、G、PANI等）的空间布局合理，为晶体管与显示单元的协同工作提供物理支撑。  \n\n\n### 2. **电气功能角色：离子传输通道**  \n离子导电膜的核心功能是**提供离子传输的通道**，使离子在电场作用下能在**晶体管（MemFET）的沟道区域**与**电致变色显示单元（EC - display、PANI）**之间迁移，实现两类功能的电气协同：  \n- **驱动显示**：离子迁移驱动电致变色材料（如PANI）发生**氧化还原反应**（如颜色变化），实现显示功能。  \n- **晶体管调控**：栅极（G）的电场通过离子导电膜调控沟道的**离子电导**（或电化学势），使晶体管（MemFET）实现“开关/调制”功能，从而控制显示单元的工作电流（离子流），调节显示状态。  \n\n\n简言之，离子导电膜在**物理上集成晶体管与显示单元**，在**电气上作为离子通道驱动显示并被晶体管调控**，是器件功能实现的核心支撑。'}"
./images/img_in_image_box_774_1030_1337_1361.jpg,图 2-9 有机单晶离子晶体管基本结构 $ ^{[86]} $ 。,"传统方法制备的 ofet 半导体层一般都是多晶薄膜，而多晶薄膜的晶界有许多缺陷，造成费米能级钉扎，产生电荷势垒，降低载流子迁移率，影响 ofet 器件性能。而单晶技术因具有以下优点而成为近两年研究的热点：（1）高能量带电粒子，固有的等离子体沉积技术，决定了有机半导体表面光滑且高度有序；（2）整个过程可以在常温下进行；（3）不需要高真空要求，适合低成本技术生产；（4）沉积过程速度快；（5）有机半导体单晶与多晶薄膜相比，晶界和缺陷都很少。因此有机单晶晶体可以避免一些多晶甚至非晶有机半导体薄膜中的缺陷、晶界等因素的干扰而获得有机半导体材料的本征性质。其载流子迁移率通常比多晶薄膜要高 $ ^{[79]} $ 。有机单晶酞菁铁 $ ^{[80]} $ 、酞菁铜 $ ^{[81]} $ 、红荧烯 $ ^{[82]} $ 都显示了双极性特性。podzorov等人利用红荧烯单晶制备的有机单晶晶体管的场效应载流子迁移率高达 $ 8\ \text{cm}^{2}/(\text{v}\cdot\text{s})^{[83]} $ 。使用溶液法很难制备高纯度、低缺陷的单晶薄膜。一般单晶薄膜可以通过电化学沉积、扩散沉积、气相沉积等方法来制备，其中又以气相法最为常用。离子液体具有可在室温下工作、化学稳定性不断提高、防水、无毒、不挥发等特性，利用它的离子迅速扩散性能，可以制备出高性能的有机单晶晶体管。已有报道有机单晶半导体被应用于低成本微电极电路中，比如矩阵显示传感等领域 $ ^{[84,85]} $ 。日本电力中央研究所与大阪大学联合开发出了采用离子液体的高性能有机单晶晶体管，基本结构如下图2-9。",在如图 2-9 所示的有机单晶离子晶体管结构中，离子液体（ionic liquid）层位于栅电极（Gate electrode）与有机单晶（organic single crystal）之间。请结合视觉结构和文本描述，说明该离子液体层在器件性能提升方面起到的关键作用及其物理特性优势。,在该器件结构中，离子液体层充当关键的介质层，利用其离子的迅速扩散性能来制备高性能的有机单晶晶体管。其物理特性优势包括：可以在室温下工作、具有不断提高的化学稳定性、防水、无毒且不挥发。这些特性配合有机单晶本身缺陷少、无晶界干扰的本征性质（如高载流子迁移率），共同实现了器件的高性能。,"{'is_qualified': True, 'issues': [], 'doubao_thought_process': '要理解有机单晶离子晶体管中**离子液体层**的关键作用及物理特性优势，需结合器件结构（栅电极-离子液体-有机单晶的“三明治”界面）和离子液体的本征特性分析：  \n\n\n### 一、离子液体层的**关键作用**（基于双电层调控机制）  \n在晶体管中，栅极电压需通过**栅介质**调控沟道（有机单晶）的载流子浓度。离子液体层的核心作用是**利用“双电层（EDL）电容效应”实现高效载流子调控**：  \n\n1. **双电层电容的“高增益”调控**：  \n   离子液体是离子导体（含可移动的阳离子/阴离子）。当施加栅压时，离子会在**有机单晶/离子液体界面**快速迁移并聚集，形成**双电层**（类似“纳米级电容器”）。双电层的电容（\\( C_{\\text{EDL}} \\)）可达\\( \\boldsymbol{\\mu\\text{F/cm}^2} \\)量级（远高于传统介电材料如\\( \\text{SiO}_2 \\)的\\( \\text{nF/cm}^2 \\)量级）。根据晶体管电流公式 \\( I = \\mu C \\frac{W}{L} (V_g - V_{\\text{th}}) \\)，高电容\\( C \\)能**指数级提升载流子浓度的调控效率**，从而大幅提高晶体管的**跨导**（电流对栅压的响应灵敏度）和**开关电流比**（导通/关断电流的比值）。  \n\n2. **界面载流子输运优化**：  \n   离子液体与有机单晶的界面兼容性极佳（分子结构匹配，如有机阳离子与有机单晶的π-π共轭作用），可**钝化有机单晶表面的缺陷态**（如悬挂键、杂质陷阱），减少载流子的界面散射和俘获，从而**提升有机单晶的载流子迁移率**（\\( \\mu \\)），优化电流输运特性。  \n\n\n### 二、离子液体的**物理特性优势**（支撑器件性能跃升）  \n离子液体的本征特性（离子电导率、电化学窗口、界面相容性等）赋予器件多维度性能优势：  \n\n| 物理特性          | 优势机制                                                                 | 器件性能提升                                                                 |\n|-------------------|--------------------------------------------------------------------------|------------------------------------------------------------------------------|\n| **高离子电导率**  | 室温下离子电导率可达\\( 10^{-3} \\sim 10^{-2} \\, \\text{S/cm} \\)，离子迁移速度快 | 快速响应栅压变化，**提升开关速度**（载流子调控的时间常数小）                  |\n| **宽电化学窗口**  | 电化学窗口通常为\\( 3 \\sim 5 \\, \\text{V} \\)（远宽于水/传统电解液）          | 可施加更**宽范围的栅压**（正/负）调控载流子，且不发生氧化/还原分解，扩展器件工作电压区间 |\n| **双电层的“超薄电容”效应** | 离子尺寸小，双电层厚度仅\\( \\text{nm} \\)级（远薄于传统介电层）             | 双电层电容\\( C_{\\text{EDL}} \\)远高于传统介电层（如\\( \\text{SiO}_2 \\)的电容），使栅压对载流子的调控效率呈数量级提升，显著提高晶体管的**跨导**和**开关电流比**。 |\n| **界面缺陷钝化**  | 离子液体的分子结构（如有机阳离子、阴离子）与有机单晶的π-π共轭结构/分子间相互作用匹配，可填充/中和有机单晶表面的缺陷态（如悬挂键、杂质陷阱） | 减少载流子的**界面散射**和**俘获**，提升有机单晶的载流子迁移率（\\( \\mu \\)），优化电流输运特性。 |  \n\n\n### 二、离子液体的**物理特性优势**（支撑器件性能跃升）  \n离子液体的本征特性进一步强化了器件性能的**稳定性、灵活性和应用扩展性**：  \n\n1. **热/化学稳定性**：  \n   离子液体无显著蒸气压（低挥发性）、热分解温度高（通常\\( >200^\\circ\\text{C} \\)），且具有**宽电化学窗口**（\\( 3 \\sim 5 \\, \\text{V} \\)）——在宽电压范围内不发生氧化/还原反应，避免栅介质分解，提升器件的**可靠性**和**工作电压范围**。  \n\n2. **柔性适配性**：  \n   离子液体为液态且具有柔性，与柔性基底（如图中\\( \\text{PDMS} \\)）和有机单晶兼容，可制备**柔性晶体管**，满足可穿戴、柔性电子等应用场景的需求。  \n\n3. **高离子电导率**：  \n   室温下离子电导率（\\( \\sim 10^{-3} \\sim 10^{-2} \\, \\text{S/cm} \\)）远高于传统固态电解质，离子迁移速度快，使器件能**快速响应栅压变化**，提升开关速度（响应时间短）。  \n\n4. **界面相容性**：  \n   离子液体的分子结构（如咪唑类阳离子、氟硼酸盐阴离子等）与有机单晶的π-π共轭结构或分子间相互作用匹配，能形成**平滑、缺陷少的界面**，减少载流子的界面俘获，进一步提升迁移率。  \n\n\n### 三、总结：离子液体层如何“赋能”器件？  \n离子液体层通过**“双电层高电容调控”+“本征特性优势”**，从多维度提升器件性能：  \n- 性能提升：高跨导、高开关电流比、高载流子迁移率；  \n- 稳定性：宽工作电压、低挥发/高热稳定性；  \n- 扩展性：柔性兼容、界面缺陷钝化。  \n\n这些优势使有机单晶离子晶体管在可穿戴电子、柔性逻辑电路等领域展现出独特潜力。  \n\n\n（核心逻辑：离子液体的“离子迁移+双电层电容”是调控载流子的核心，而本征特性（电导、电化学窗口、柔性等）则支撑了调控的“效率、范围、稳定性”。）', 'doubao_distilled_answer': '要理解有机单晶离子晶体管中**离子液体层**的关键作用及物理特性优势，需结合器件结构（栅电极-离子液体-有机单晶的“三明治”界面）和离子液体的本征特性分析：  \n\n\n### 一、离子液体层的**关键作用**（基于双电层调控机制）  \n在晶体管中，栅极电压需通过**栅介质**调控沟道（有机单晶）的载流子浓度。离子液体层的核心作用是**利用“双电层（EDL）电容效应”实现高效载流子调控**：  \n\n1. **双电层电容的“高增益”调控**：  \n   离子液体是离子导体（含可移动的阳离子/阴离子）。当施加栅压时，离子会在**有机单晶/离子液体界面**快速迁移并聚集，形成**双电层**（类似“纳米级电容器”）。双电层的电容（\\( C_{\\text{EDL}} \\)）可达\\( \\boldsymbol{\\mu\\text{F/cm}^2} \\)量级（远高于传统介电材料如\\( \\text{SiO}_2 \\)的\\( \\text{nF/cm}^2 \\)量级）。根据晶体管电流公式 \\( I = \\mu C \\frac{W}{L} (V_g - V_{\\text{th}}) \\)，高电容\\( C \\)能**指数级提升载流子浓度的调控效率**，从而大幅提高晶体管的**跨导**（电流对栅压的响应灵敏度）和**开关电流比**（导通/关断电流的比值）。  \n\n2. **界面载流子输运优化**：  \n   离子液体与有机单晶的界面兼容性极佳（分子结构匹配，如有机阳离子与有机单晶的π-π共轭作用），可**钝化有机单晶表面的缺陷态**（如悬挂键、杂质陷阱），减少载流子的界面散射和俘获，从而**提升有机单晶的载流子迁移率**（\\( \\mu \\)），优化电流输运特性。  \n\n\n### 二、离子液体的**物理特性优势**（支撑器件性能跃升）  \n离子液体的本征特性（离子电导率、电化学窗口、界面相容性等）赋予器件多维度性能优势：  \n\n| 物理特性          | 优势机制                                                                 | 器件性能提升                                                                 |\n|-------------------|--------------------------------------------------------------------------|------------------------------------------------------------------------------|\n| **高离子电导率**  | 室温下离子电导率可达\\( 10^{-3} \\sim 10^{-2} \\, \\text{S/cm} \\)，离子迁移速度快 | 快速响应栅压变化，**提升开关速度**（载流子调控的时间常数小）                  |\n| **宽电化学窗口**  | 电化学窗口通常为\\( 3 \\sim 5 \\, \\text{V} \\)（远宽于水/传统电解液）          | 可施加更**宽范围的栅压**（正/负）调控载流子，且不发生氧化/还原分解，扩展器件工作电压区间 |\n| **双电层的“超薄电容”效应** | 离子尺寸小，双电层厚度仅\\( \\text{nm} \\)级（远薄于传统介电层）             | 双电层电容\\( C_{\\text{EDL}} \\)远高于传统介电层（如\\( \\text{SiO}_2 \\)的电容），使栅压对载流子的调控效率呈数量级提升，显著提高晶体管的**跨导**和**开关电流比**。 |\n| **界面缺陷钝化**  | 离子液体的分子结构（如有机阳离子、阴离子）与有机单晶的π-π共轭结构/分子间相互作用匹配，可填充/中和有机单晶表面的缺陷态（如悬挂键、杂质陷阱） | 减少载流子的**界面散射**和**俘获**，提升有机单晶的载流子迁移率（\\( \\mu \\)），优化电流输运特性。 |  \n\n\n### 二、离子液体的**物理特性优势**（支撑器件性能跃升）  \n离子液体的本征特性进一步强化了器件性能的**稳定性、灵活性和应用扩展性**：  \n\n1. **热/化学稳定性**：  \n   离子液体无显著蒸气压（低挥发性）、热分解温度高（通常\\( >200^\\circ\\text{C} \\)），且具有**宽电化学窗口**（\\( 3 \\sim 5 \\, \\text{V} \\)）——在宽电压范围内不发生氧化/还原反应，避免栅介质分解，提升器件的**可靠性**和**工作电压范围**。  \n\n2. **柔性适配性**：  \n   离子液体为液态且具有柔性，与柔性基底（如图中\\( \\text{PDMS} \\)）和有机单晶兼容，可制备**柔性晶体管**，满足可穿戴、柔性电子等应用场景的需求。  \n\n3. **高离子电导率**：  \n   室温下离子电导率（\\( \\sim 10^{-3} \\sim 10^{-2} \\, \\text{S/cm} \\)）远高于传统固态电解质，离子迁移速度快，使器件能**快速响应栅压变化**，提升开关速度（响应时间短）。  \n\n4. **界面相容性**：  \n   离子液体的分子结构（如咪唑类阳离子、氟硼酸盐阴离子等）与有机单晶的π-π共轭结构或分子间相互作用匹配，能形成**平滑、缺陷少的界面**，减少载流子的界面俘获，进一步提升迁移率。  \n\n\n### 三、总结：离子液体层如何“赋能”器件？  \n离子液体层通过**“双电层高电容调控”+“本征特性优势”**，从多维度提升器件性能：  \n- 性能提升：高跨导、高开关电流比、高载流子迁移率；  \n- 稳定性：宽工作电压、低挥发/高热稳定性；  \n- 扩展性：柔性兼容、界面缺陷钝化。  \n\n这些优势使有机单晶离子晶体管在可穿戴电子、柔性逻辑电路等领域展现出独特潜力。  \n\n\n（核心逻辑：离子液体的“离子迁移+双电层电容”是调控载流子的核心，而本征特性（电导、电化学窗口、柔性等）则支撑了调控的“效率、范围、稳定性”。）'}"
./images/img_in_image_box_770_1922_1690_2801.jpg,图 1.2 沿厚度方向垂直堆叠结构的有机电致发光器件,此外，根据有机电致发光器件的材料和结构特性，forrest $ ^{[21]} $ 等人提出了一种实现彩色像元的新方法。如图 1.2 所示，将三基色器件沿厚度方向垂直堆叠，每个器件分别由各自的电极控制，玻璃衬底上的 ito 电极一侧作为蓝光器件的阳极，发射光从该侧出射；自上至下依次为红、绿、蓝色器件，这样的排列顺序是考虑到材料对波长的吸收较小；中间有一层 10 nm 的 mg:ag 同时作为蓝光和绿光器件的阴极。这种结构，亮度、颜色、灰度级被独立地控制，可获得优于传统技术的分辨率 $ ^{[22-26]} $ 。但是，叠层结构目前还存在较大的缺点：一是中间金属电极会减小器件的透过率，同时形成较强的微腔效应，导致颜色的改变和空间上随观察角度不同而变色的现象；二是制作工艺的复杂性带来的器件性能的下降，例如溅射中间 ito 电极时容易导致有机层的损坏 $ ^{[27-29]} $ 。,在图 1.2 所示的垂直堆叠有机电致发光器件中，红、绿、蓝（RGB）三基色子像素自上而下的物理排列顺序是怎样的？此外，这种结构中采用的中间金属电极层会引发哪两类主要的光学性能缺陷？,"1. 该器件中三基色子像素自上而下的排列顺序依次为：红光器件（Red subpixel）、绿光器件（Green subpixel）、蓝光器件（Blue subpixel）。
2. 中间金属电极层引发的两类主要光学缺陷是：一是减小了器件的整体光透过率；二是形成了较强的微腔效应，从而导致颜色改变以及空间上随观察角度不同而产生的变色现象。","{'is_qualified': False, 'issues': ['回答内容严重超出原文范围。原文仅包含一个标题，并未提供关于RGB排列顺序或金属电极光学缺陷的具体信息。', '问题中提到了“图 1.2”，但原文中缺失该图表及相关文字说明，导致问题和答案在基于给定原文的前提下缺乏依据。', '虽然回答的专业性看似较强，但由于无法从原文中提取这些信息，属于典型的“幻觉”或脱离文本的回答，不符合质量检查要求。'], 'doubao_thought_process': '### RGB子像素自上而下的排列顺序  \n在垂直堆叠的有机电致发光器件中，**自上而下（从顶部出光面“Top emission”向玻璃基板“Glass substrate”方向）**的RGB三基色子像素物理排列顺序为：**红（Red）→ 绿（Green）→ 蓝（Blue）**（即最上层靠近出光面的是红色子像素，中间层为绿色子像素，最下层靠近基板的是蓝色子像素）。  \n\n这一顺序的设计逻辑是：短波长（蓝光）光程长（需穿过更多层），长波长（红光）光程短（靠近出光面），可减少长波长光的吸收，优化光提取效率。因此，**自上而下（从出光面“Top emission”向玻璃基板方向）**的层序为：红色子像素（最上层，靠近出光面）、绿色子像素（中间层）、蓝色子像素（最下层，靠近玻璃基板）。  \n\n\n### 中间金属电极的两类主要光学缺陷  \n中间金属电极（作为电荷注入/分离层，兼具金属的光学特性）引发的两类核心光学缺陷为：  \n\n#### 1. 光学微腔效应（干涉缺陷）  \n金属电极的**高反射率**使其与上下介质层（如有机发光层、透明电极ITO等）形成**光学微腔**，导致光的多光束干涉：  \n- **角度依赖性**：不同视角下，光程差变化使谐振波长偏移，引发颜色/亮度的角度依赖（视角变化时色偏、亮度不均）。  \n- **色纯度偏移**：微腔谐振会窄化/展宽发光光谱，偏离目标色纯度（如红光更“窄”、蓝光更“宽”）。  \n- **子像素不均匀性**：层厚差异导致光程差变化，不同子像素的谐振波长/光强偏移，引发亮度/颜色不均匀。  \n\n\n#### 2. 金属光吸收与散射缺陷  \n- **光吸收**：金属的消光系数不为零，会吸收部分传输的光（尤其是特定波长），直接降低器件出光效率。  \n- **光散射**：金属电极的表面粗糙度或不平整会引发光的散射，使光在器件内部多次反射并被吸收，进一步损失光强；同时，散射会破坏光的定向传输，导致光学不均匀（如亮度斑点、色偏）。  \n\n\n### 总结  \n- **RGB排列（自上而下）**：红（靠近出光面）→ 绿 → 蓝（靠近基板）。  \n- **金属电极的光学缺陷**：① 光学微腔引发的干涉（色偏、角度依赖、均匀性问题）；② 金属自身的光吸收与散射（降低光效、引入光学不均匀）。', 'doubao_distilled_answer': '### RGB子像素自上而下的排列顺序  \n在垂直堆叠的有机电致发光器件中，**自上而下（从顶部出光面“Top emission”向玻璃基板“Glass substrate”方向）**的RGB三基色子像素物理排列顺序为：**红（Red）→ 绿（Green）→ 蓝（Blue）**（即最上层靠近出光面的是红色子像素，中间层为绿色子像素，最下层靠近基板的是蓝色子像素）。  \n\n这一顺序的设计逻辑是：短波长（蓝光）光程长（需穿过更多层），长波长（红光）光程短（靠近出光面），可减少长波长光的吸收，优化光提取效率。因此，**自上而下（从出光面“Top emission”向玻璃基板方向）**的层序为：红色子像素（最上层，靠近出光面）、绿色子像素（中间层）、蓝色子像素（最下层，靠近玻璃基板）。  \n\n\n### 中间金属电极的两类主要光学缺陷  \n中间金属电极（作为电荷注入/分离层，兼具金属的光学特性）引发的两类核心光学缺陷为：  \n\n#### 1. 光学微腔效应（干涉缺陷）  \n金属电极的**高反射率**使其与上下介质层（如有机发光层、透明电极ITO等）形成**光学微腔**，导致光的多光束干涉：  \n- **角度依赖性**：不同视角下，光程差变化使谐振波长偏移，引发颜色/亮度的角度依赖（视角变化时色偏、亮度不均）。  \n- **色纯度偏移**：微腔谐振会窄化/展宽发光光谱，偏离目标色纯度（如红光更“窄”、蓝光更“宽”）。  \n- **子像素不均匀性**：层厚差异导致光程差变化，不同子像素的谐振波长/光强偏移，引发亮度/颜色不均匀。  \n\n\n#### 2. 金属光吸收与散射缺陷  \n- **光吸收**：金属的消光系数不为零，会吸收部分传输的光（尤其是特定波长），直接降低器件出光效率。  \n- **光散射**：金属电极的表面粗糙度或不平整会引发光的散射，使光在器件内部多次反射并被吸收，进一步损失光强；同时，散射会破坏光的定向传输，导致光学不均匀（如亮度斑点、色偏）。  \n\n\n### 总结  \n- **RGB排列（自上而下）**：红（靠近出光面）→ 绿 → 蓝（靠近基板）。  \n- **金属电极的光学缺陷**：① 光学微腔引发的干涉（色偏、角度依赖、均匀性问题）；② 金属自身的光吸收与散射（降低光效、引入光学不均匀）。'}"
./images/img_in_image_box_433_719_1613_1326.jpg,图 2-7 喷雾热解系统总体外观设计图,图 2-7 是喷雾热解系统总体外观设计图（控制系统及喷涂装置未在图中标出），从右至左分别为上片台、加热区、喷涂区、冷却区、卸片台。电炉丝通电对加热室加热，当温度到达预设定值后，将玻璃基板装载至上片台的传动小车上，通过电机带动传至加热室，静止加热，同时由红外测温仪测试基板温度，当基板到达喷涂温度后，小车运动到喷涂室并对基板进行喷涂，预先配制好的喷涂溶液随高速气流经喷枪喷出，形成扇形雾液面，在基板表面沉积，形成薄膜。喷涂时，小车在喷涂室内来回摆动，同时打开抽风装置，排出废气，从而保证镀膜的均匀性。喷涂结束后小车自行运行至冷却室，进行吹风冷却。冷却结束后，于卸片台卸载基板，薄膜制备完成。,根据该喷雾热解系统的设计方案，在喷涂室内进行薄膜沉积过程中，为了保证薄膜的均匀性，系统采用了哪些关键的机械动作与环境控制手段？,为了保证薄膜的均匀性，系统在喷涂过程中采取了以下措施：第一，机械动作方面，装载基板的传动小车会在喷涂室内进行来回摆动；第二，环境控制方面，系统会同步开启抽风装置，以便排出反应过程中产生的废气。,"{'is_qualified': False, 'issues': ['原文内容极度匮乏：提供的【原文】仅有一句话“喷雾热解系统总体外观设计图”，不包含任何关于机械动作、环境控制、气压、管道颜色或具体气体成分的技术细节。', '答案包含幻觉信息：【回答】中提到了“图中紫色/绿色管道”、“层流气流设计”、“惰性气体（N₂、Ar）”以及具体的“加热丝”等细节，这些在提供的原文中完全没有体现，属于脱离材料的虚构。', '参考信息缺失：由于原文没有提供设计方案的具体内容，无法判断回答中提到的“机械动作”和“环境控制手段”是否真的符合该特定系统的设计逻辑。'], 'doubao_thought_process': '要保证喷雾热解系统中薄膜的均匀性，需结合**机械动作**与**环境控制**两方面设计，结合系统结构（上片台、加热室、喷涂室、冷却室、卸片台）分析如下：  \n\n\n### 一、关键机械动作  \n1. **基片传输与定位**  \n   系统通过**连续传输机构**（如传送带、机械臂）实现基片在“上片台→加热室→喷涂室→冷却室→卸片台”的有序传输，保证基片移动速度均匀、位置稳定，使薄膜沉积时间一致，避免因传输速度波动导致厚度差异。  \n\n   （可选）喷涂室内基片可配备**旋转/摆动机构**（如旋转台、摆动臂），使基片在喷涂过程中旋转或摆动，增加喷雾覆盖的均匀性，减少局部沉积死角。  \n\n2. **喷涂装置运动**  \n   喷雾喷头（或雾化器）采用**扫描运动**（如沿基片表面的往复运动、旋转运动），确保喷雾在基片上的分布均匀，避免喷头位置固定导致的“边缘效应”（如边缘沉积厚度不均）。  \n\n\n### 二、环境控制手段  \n1. **温度精确控制**  \n   - **预热与反应温度**：加热室预热基片至设定温度，保证热解反应的初始温度一致；喷涂室通过温控系统（如加热丝、热循环装置）维持热解反应的最佳温度，使反应速率均匀，避免因温度波动导致薄膜成分/厚度不均。  \n   - **冷却定型**：冷却室通过低温气流或热交换装置快速冷却基片，稳定薄膜结构，同时避免高温残留对后续工序的影响。  \n\n2. **气流与气压控制**  \n   - **层流气流设计**：喷涂室内采用**层流气流**（或均匀气流场），均匀带走热解副产物，防止局部积聚；同时保证喷雾（前驱体液滴）的传输路径均匀，避免液滴因气流紊乱导致沉积不均。  \n   - **排气与气压调节**：顶部排气管道（图中紫色/绿色管道）通过风机调节室内气压，控制气流方向（如从下至上/从喷头向排气口），防止污染物回流，保证喷雾分布均匀。  \n\n3. **气氛环境控制**  \n   喷涂室内充入**惰性气体**（如N₂、Ar），形成保护气氛，防止基片/薄膜氧化，同时稳定反应的化学环境，确保热解反应的选择性和均匀性。  \n\n4. **喷雾参数控制**  \n   通过**计量泵、阀门**精确调节喷雾的流量、压力、雾化程度，保证前驱体液滴的大小、分布均匀，使沉积到基片上的前驱体浓度一致，热解后薄膜厚度/成分均匀。  \n\n\n### 核心逻辑  \n机械动作通过**均匀传输、运动覆盖**保证喷雾与基片的接触时间/区域均匀；环境控制通过**温度、气流、气氛、喷雾参数**的精确调控，确保热解反应的速率、化学环境一致，最终实现薄膜均匀性。', 'doubao_distilled_answer': '要保证喷雾热解系统中薄膜的均匀性，需结合**机械动作**与**环境控制**两方面设计，结合系统结构（上片台、加热室、喷涂室、冷却室、卸片台）分析如下：  \n\n\n### 一、关键机械动作  \n1. **基片传输与定位**  \n   系统通过**连续传输机构**（如传送带、机械臂）实现基片在“上片台→加热室→喷涂室→冷却室→卸片台”的有序传输，保证基片移动速度均匀、位置稳定，使薄膜沉积时间一致，避免因传输速度波动导致厚度差异。  \n\n   （可选）喷涂室内基片可配备**旋转/摆动机构**（如旋转台、摆动臂），使基片在喷涂过程中旋转或摆动，增加喷雾覆盖的均匀性，减少局部沉积死角。  \n\n2. **喷涂装置运动**  \n   喷雾喷头（或雾化器）采用**扫描运动**（如沿基片表面的往复运动、旋转运动），确保喷雾在基片上的分布均匀，避免喷头位置固定导致的“边缘效应”（如边缘沉积厚度不均）。  \n\n\n### 二、环境控制手段  \n1. **温度精确控制**  \n   - **预热与反应温度**：加热室预热基片至设定温度，保证热解反应的初始温度一致；喷涂室通过温控系统（如加热丝、热循环装置）维持热解反应的最佳温度，使反应速率均匀，避免因温度波动导致薄膜成分/厚度不均。  \n   - **冷却定型**：冷却室通过低温气流或热交换装置快速冷却基片，稳定薄膜结构，同时避免高温残留对后续工序的影响。  \n\n2. **气流与气压控制**  \n   - **层流气流设计**：喷涂室内采用**层流气流**（或均匀气流场），均匀带走热解副产物，防止局部积聚；同时保证喷雾（前驱体液滴）的传输路径均匀，避免液滴因气流紊乱导致沉积不均。  \n   - **排气与气压调节**：顶部排气管道（图中紫色/绿色管道）通过风机调节室内气压，控制气流方向（如从下至上/从喷头向排气口），防止污染物回流，保证喷雾分布均匀。  \n\n3. **气氛环境控制**  \n   喷涂室内充入**惰性气体**（如N₂、Ar），形成保护气氛，防止基片/薄膜氧化，同时稳定反应的化学环境，确保热解反应的选择性和均匀性。  \n\n4. **喷雾参数控制**  \n   通过**计量泵、阀门**精确调节喷雾的流量、压力、雾化程度，保证前驱体液滴的大小、分布均匀，使沉积到基片上的前驱体浓度一致，热解后薄膜厚度/成分均匀。  \n\n\n### 核心逻辑  \n机械动作通过**均匀传输、运动覆盖**保证喷雾与基片的接触时间/区域均匀；环境控制通过**温度、气流、气氛、喷雾参数**的精确调控，确保热解反应的速率、化学环境一致，最终实现薄膜均匀性。'}"
./images/img_in_image_box_691_560_1822_1284.jpg,图 1.1 有机电致发光器件层结构图,1982 年，kodak公司的c.w. tang等人首次利用高真空气相沉积的方法成功研制出oled，掀起oled的研究热潮。按照目前的研究现状，oled主要由阳极ito(透明导电衬底)、金属阴极以及有机功能层组成。通常情况下，有机功能层包括发光层、载流子传输层、注入层阻挡层等；在oled的两端加上直流电源，器件受电激发产生发光现象。oled发光的基本可分三个步骤。首先，对器件施加一个外置电压，空穴和电子在电压的作用下克服电极处注入势垒，由阳极和阴极分别注入至空穴传输层（hole transporting layer，htl）的最高分子占有轨道（highest occupied molecular orbital：homo）和电子传输层（electron transporting layer，etl）的最低未占有分子轨道（lowest unoccupied molecular orbital：lumo）。其次，在外部电场的驱动下，空穴和电子分别传递至htl、etl与发光层的界面，界面势垒可能造成界面处电荷积累。最后，空穴和电子在发光层中结合，形成激子，其激发态一般不稳定，将以释放光或热的能量形式而回到稳定的基态，其释放光能量的形式实现发光，产生电致发光现象。整个发光步骤如图 1.1 所示。发光波长由发光材料的homo和lumo的能级差决定，通过调整发光材料的能级差可分别实现oled的红、绿、蓝三原色发光。,在有机电致发光器件（OLED）的多层能级结构中，请根据各层的功能缩写，详细说明空穴（Holes）与电子（Electrons）的传输路径，并指出它们最终在哪个特定层结合形成激子以及该过程产生的物理效应。,根据典型的OLED能级结构图，空穴从阳极ITO注入，依次通过空穴注入层（HIL）和空穴传输层（HTL）向中心输运；电子从金属阴极（Metal）注入，依次通过电子注入层（EIL）和电子传输层（ETL）向中心输运。空穴和电子最终在发光层（EML）中结合形成激子。激子通过释放能量（光能）回到基态，产生电致发光现象，如图中所示的红、绿、蓝（RGB）三色光发射。,"{'is_qualified': True, 'issues': [], 'doubao_thought_process': '要理解有机电致发光器件（OLED）中**空穴（Holes）**与**电子（Electrons）**的传输路径及激子复合的物理效应，需结合各层（缩写）的功能分析，具体如下：  \n\n\n### 一、各层缩写与功能  \n- **ITO**：氧化铟锡（阳极，正极），提供空穴源，透明且导电，用于导出光。  \n- **HIL**：Hole Injection Layer（空穴注入层），降低空穴从阳极（ITO）注入有机层的势垒，提高空穴注入效率。  \n- **HTL**：Hole Transport Layer（空穴传输层），为空穴提供传输通道，引导空穴向发光层（EML）移动。  \n- **EML**：Emissive Layer（发光层），空穴与电子的复合区，激子形成并发光的核心层。  \n- **ETL**：Electron Transport Layer（电子传输层），为电子提供传输通道，引导电子向发光层（EML）移动。  \n- **EIL**：Electron Injection Layer（电子注入层），降低电子从阴极（Metal）注入有机层的势垒，提高电子注入效率。  \n- **Metal**：金属（阴极，负极），提供电子源，通常为低功函数材料（如Al、Mg等）。  \n\n\n### 二、空穴（Holes）的传输路径  \n空穴带正电，从**阳极（ITO）**出发，传输过程为：  \n1. **注入层（HIL）**：空穴从ITO进入HIL，HIL通过调整界面能级（降低注入势垒），使空穴更易从无机电极（ITO）注入到有机层（HTL）。  \n2. **传输层（HTL）**：空穴在HTL中沿分子间“跳跃”或通过能级匹配的传输通道移动，定向向**发光层（EML）**传输（图中绿色箭头方向）。  \n\n\n### 三、电子（Electrons）的传输路径  \n电子带负电，从**阴极（Metal）**出发，传输过程为：  \n1. **注入层（EIL）**：电子从Metal进入EIL，EIL降低电子从金属（低功函数）注入到有机层（ETL）的势垒，提高电子注入效率。  \n2. **传输层（ETL）**：电子在ETL中沿分子间“跳跃”或通过能级匹配的传输通道移动，定向向**发光层（EML）**传输（图中紫色电子箭头方向）。  \n\n\n### 四、激子形成与物理效应  \n#### 1. 复合区域：发光层（EML）  \n空穴从HTL进入**EML**，电子从ETL进入**EML**，两者在EML内的特定区域（如发光分子的激发中心或HTL/ETL与EML的界面附近）相遇，结合形成**激子（Exciton，电子-空穴对）**。  \n\n#### 2. 物理效应：激子复合的光辐射  \n激子是处于激发态的“电子-空穴对”（束缚态）。当激子从**激发态**通过**辐射跃迁**回到**基态**时，会释放能量，以**光子（光）**的形式发射（图中红、绿、蓝光对应不同发光材料或激子复合的能量差）。这一过程是OLED发光的核心物理效应。  \n\n\n### 总结  \n- **传输路径**：空穴（ITO→HIL→HTL→EML）、电子（Metal→EIL→ETL→EML）。  \n- **复合区**：发光层（EML）内，空穴与电子结合形成激子。  \n- **物理效应**：激子通过辐射跃迁释放能量，产生光辐射（发光）。  \n\n\n（注：图中不同颜色箭头对应不同发光波长，反映了发光层内多色发光或不同发光中心的设计。）', 'doubao_distilled_answer': '要理解有机电致发光器件（OLED）中**空穴（Holes）**与**电子（Electrons）**的传输路径及激子复合的物理效应，需结合各层（缩写）的功能分析，具体如下：  \n\n\n### 一、各层缩写与功能  \n- **ITO**：氧化铟锡（阳极，正极），提供空穴源，透明且导电，用于导出光。  \n- **HIL**：Hole Injection Layer（空穴注入层），降低空穴从阳极（ITO）注入有机层的势垒，提高空穴注入效率。  \n- **HTL**：Hole Transport Layer（空穴传输层），为空穴提供传输通道，引导空穴向发光层（EML）移动。  \n- **EML**：Emissive Layer（发光层），空穴与电子的复合区，激子形成并发光的核心层。  \n- **ETL**：Electron Transport Layer（电子传输层），为电子提供传输通道，引导电子向发光层（EML）移动。  \n- **EIL**：Electron Injection Layer（电子注入层），降低电子从阴极（Metal）注入有机层的势垒，提高电子注入效率。  \n- **Metal**：金属（阴极，负极），提供电子源，通常为低功函数材料（如Al、Mg等）。  \n\n\n### 二、空穴（Holes）的传输路径  \n空穴带正电，从**阳极（ITO）**出发，传输过程为：  \n1. **注入层（HIL）**：空穴从ITO进入HIL，HIL通过调整界面能级（降低注入势垒），使空穴更易从无机电极（ITO）注入到有机层（HTL）。  \n2. **传输层（HTL）**：空穴在HTL中沿分子间“跳跃”或通过能级匹配的传输通道移动，定向向**发光层（EML）**传输（图中绿色箭头方向）。  \n\n\n### 三、电子（Electrons）的传输路径  \n电子带负电，从**阴极（Metal）**出发，传输过程为：  \n1. **注入层（EIL）**：电子从Metal进入EIL，EIL降低电子从金属（低功函数）注入到有机层（ETL）的势垒，提高电子注入效率。  \n2. **传输层（ETL）**：电子在ETL中沿分子间“跳跃”或通过能级匹配的传输通道移动，定向向**发光层（EML）**传输（图中紫色电子箭头方向）。  \n\n\n### 四、激子形成与物理效应  \n#### 1. 复合区域：发光层（EML）  \n空穴从HTL进入**EML**，电子从ETL进入**EML**，两者在EML内的特定区域（如发光分子的激发中心或HTL/ETL与EML的界面附近）相遇，结合形成**激子（Exciton，电子-空穴对）**。  \n\n#### 2. 物理效应：激子复合的光辐射  \n激子是处于激发态的“电子-空穴对”（束缚态）。当激子从**激发态**通过**辐射跃迁**回到**基态**时，会释放能量，以**光子（光）**的形式发射（图中红、绿、蓝光对应不同发光材料或激子复合的能量差）。这一过程是OLED发光的核心物理效应。  \n\n\n### 总结  \n- **传输路径**：空穴（ITO→HIL→HTL→EML）、电子（Metal→EIL→ETL→EML）。  \n- **复合区**：发光层（EML）内，空穴与电子结合形成激子。  \n- **物理效应**：激子通过辐射跃迁释放能量，产生光辐射（发光）。  \n\n\n（注：图中不同颜色箭头对应不同发光波长，反映了发光层内多色发光或不同发光中心的设计。）'}"
./images/img_in_image_box_507_1053_1614_1468.jpg,图 4-6 混合过渡层结构示意图。,"实验中我们发现, 如果直接在 ito 玻璃衬底上用磁控溅射的方式镀上一层铜金属薄膜, 薄膜较容易脱落。为了增强铜膜与衬底的附着性, 我们发展了文献 $ ^{[1]} $ 中所提出的通过在 ito 玻璃衬底与铜膜之间引入一层铬膜过渡层的技术来改善薄膜附着性的方法。因而, 采用直流磁控溅射系统沉积铜金属薄膜之前, 我们先在 ito 玻璃上交替制备铬金属层（厚度约 7 nm）和铜金属层（厚度约 10 nm）的复合金属层薄膜。形成由三层铬薄膜和两层铜薄膜组成的类似于合金的混合层结构，然后再依次制备铜薄膜，金属铝保护层薄膜，如图 4-6。从图 4-7 中，得知，在 300 w 溅射的功率下，铬沉积的颗粒形貌为条形，粒径分布为 10~50 纳米，铜的颗粒形貌为圆形，粒径分布为 5~40 纳米。如果在条形状颗粒排列的铬表面上直接沉积较厚的金属膜时，沉积的金属膜比较容易脱落，这是由于条形状的铬与圆形颗粒状的铜之间结合的不够牢固。为此，在铬铜界面之间制备三层铬薄膜和两层铜薄膜组成的混合层结构，其中，除第一层铬外，制备其它四层金属层仍未形成连续的薄膜结构，如图 4-6 所示，采用改结构，可以有效地避免了制备的薄膜从衬底上脱落。",在图4-6所示的混合过渡层结构中，为了改善金属薄膜与衬底的附着力，研究者采用了特定的分层堆叠方案。请详细描述该过渡层由哪几种金属组成、具体的层数分布，以及这些金属颗粒在微观形貌上的特征差异。,该过渡层由金属铬（Cr）和铜（Cu）组成。具体结构是在ITO玻璃衬底上交替制备了三层铬薄膜和两层铜薄膜，形成一种由五层金属组成的类似于合金的复合过渡结构。在微观形貌上，铬（Cr）颗粒呈现为条形，粒径分布在10至50纳米之间；而铜（Cu）颗粒呈现为圆形，粒径分布在5至40纳米之间。在这种结构中，除了紧贴衬底的第一层铬之外，其余四层金属层均未形成连续的薄膜结构。,"{'is_qualified': True, 'issues': [], 'doubao_thought_process': '要分析图中混合过渡层的结构，需结合**金属组成**、**层数分布**和**微观形貌特征差异**三方面展开：  \n\n\n### 1. 金属组成  \n混合过渡层由两种金属组成：  \n- **铬（Cr）**：图例中以**黑色图形**（方块/颗粒）表示，负责增强与衬底的附着力。  \n- **铜（Cu）**：图例中以**空心图形**（方块/颗粒）表示，为后续Cu薄膜生长提供过渡“种子层”。  \n\n\n### 2. 层数分布（从衬底到上层的结构分层）  \n过渡层从衬底（Substrate）向上，可分为**三层梯度结构**（由下至上）：  \n\n#### （1）底层（紧邻衬底）  \n- 以**Cr为主**，Cr颗粒呈**垂直于衬底的“针状/柱状”**，紧密排列、取向性极强，与衬底界面结合紧密（类似“锚定”结构），是**增强附着力的核心层**。  \n\n\n#### （2）中间过渡层  \n- Cr颗粒形貌从“垂直针状”逐渐转变为**“倾斜短棒状、片状”**，取向性减弱；同时大量**Cu颗粒（类球状）**混入。  \n- Cr颗粒分布密度随层向上**逐渐降低**，Cu颗粒占比**逐渐升高**，二者形成“Cr-Cu混合层”，实现从Cr底层到Cu上层的“梯度过渡”。  \n\n\n#### （3）上层（近最终Cu薄膜）  \n- 以**Cu颗粒为主**（类球状），数量多、分布密集；Cr颗粒（短棒/片状）**分散于Cu颗粒间**，为后续Cu薄膜生长提供“过渡种子层”。  \n\n\n### 3. 微观形貌特征差异  \n#### 铬（Cr）颗粒：  \n- **底层（近衬底）**：呈**垂直衬底的“针状/柱状”**，长径比大、取向性强，紧密排列（与衬底界面结合力强，是“强附着力”的核心来源）。  \n- **中间层**：形貌变为**“倾斜短棒状、片状”**，取向性减弱，分布密度降低（传递附着力至上层，同时为Cu颗粒提供附着基底）。  \n- **上层**：以**“不规则短棒/片状”**分散于Cu颗粒间，数量少、形貌更“破碎”（主要起过渡支撑作用，减少Cu与底层的晶格失配）。  \n\n\n#### 铜（Cu）颗粒：  \n- 主要分布于**中上层**，形貌为**“细小的类球状”**，尺寸均匀性较好；随层向上，Cu颗粒数量增多、占比升高。  \n- **上层区域（近最终Cu膜）**：Cu颗粒呈**“密集的类球状分布”**，为后续Cu薄膜的外延生长提供“种子层”，降低薄膜生长的应力与缺陷。  \n\n\n### 设计逻辑  \n过渡层通过**“Cr底层（强附着力）- Cr-Cu混合层（梯度过渡）- Cu上层（种子层）”**的分层设计，利用Cr的**高界面结合性**（针状结构增强机械结合）与Cu的**易成膜性**（类球状颗粒为后续薄膜提供“种子”），最终改善金属薄膜与衬底的附着力。  \n\n\n（注：形貌描述需结合图中颗粒的排列方向、形状变化——底层Cr“垂直衬底”，中间Cr“倾斜/短棒”，上层Cu“类球状”。）', 'doubao_distilled_answer': '要分析图中混合过渡层的结构，需结合**金属组成**、**层数分布**和**微观形貌特征差异**三方面展开：  \n\n\n### 1. 金属组成  \n混合过渡层由两种金属组成：  \n- **铬（Cr）**：图例中以**黑色图形**（方块/颗粒）表示，负责增强与衬底的附着力。  \n- **铜（Cu）**：图例中以**空心图形**（方块/颗粒）表示，为后续Cu薄膜生长提供过渡“种子层”。  \n\n\n### 2. 层数分布（从衬底到上层的结构分层）  \n过渡层从衬底（Substrate）向上，可分为**三层梯度结构**（由下至上）：  \n\n#### （1）底层（紧邻衬底）  \n- 以**Cr为主**，Cr颗粒呈**垂直于衬底的“针状/柱状”**，紧密排列、取向性极强，与衬底界面结合紧密（类似“锚定”结构），是**增强附着力的核心层**。  \n\n\n#### （2）中间过渡层  \n- Cr颗粒形貌从“垂直针状”逐渐转变为**“倾斜短棒状、片状”**，取向性减弱；同时大量**Cu颗粒（类球状）**混入。  \n- Cr颗粒分布密度随层向上**逐渐降低**，Cu颗粒占比**逐渐升高**，二者形成“Cr-Cu混合层”，实现从Cr底层到Cu上层的“梯度过渡”。  \n\n\n#### （3）上层（近最终Cu薄膜）  \n- 以**Cu颗粒为主**（类球状），数量多、分布密集；Cr颗粒（短棒/片状）**分散于Cu颗粒间**，为后续Cu薄膜生长提供“过渡种子层”。  \n\n\n### 3. 微观形貌特征差异  \n#### 铬（Cr）颗粒：  \n- **底层（近衬底）**：呈**垂直衬底的“针状/柱状”**，长径比大、取向性强，紧密排列（与衬底界面结合力强，是“强附着力”的核心来源）。  \n- **中间层**：形貌变为**“倾斜短棒状、片状”**，取向性减弱，分布密度降低（传递附着力至上层，同时为Cu颗粒提供附着基底）。  \n- **上层**：以**“不规则短棒/片状”**分散于Cu颗粒间，数量少、形貌更“破碎”（主要起过渡支撑作用，减少Cu与底层的晶格失配）。  \n\n\n#### 铜（Cu）颗粒：  \n- 主要分布于**中上层**，形貌为**“细小的类球状”**，尺寸均匀性较好；随层向上，Cu颗粒数量增多、占比升高。  \n- **上层区域（近最终Cu膜）**：Cu颗粒呈**“密集的类球状分布”**，为后续Cu薄膜的外延生长提供“种子层”，降低薄膜生长的应力与缺陷。  \n\n\n### 设计逻辑  \n过渡层通过**“Cr底层（强附着力）- Cr-Cu混合层（梯度过渡）- Cu上层（种子层）”**的分层设计，利用Cr的**高界面结合性**（针状结构增强机械结合）与Cu的**易成膜性**（类球状颗粒为后续薄膜提供“种子”），最终改善金属薄膜与衬底的附着力。  \n\n\n（注：形貌描述需结合图中颗粒的排列方向、形状变化——底层Cr“垂直衬底”，中间Cr“倾斜/短棒”，上层Cu“类球状”。）'}"
