image_path,label,confidence,figure_title,figure_subtitle,related_text_strong,related_text_strong_list,image_parsing_result,category,confidence_1,path,rationale,extracted_keywords,extraction_reasoning,with_meta_data_results,without_meta_data_results,id,filter_with_meta_pass,filter_with_meta_score,filter_with_meta_reason,filter_without_meta_pass,filter_without_meta_score,filter_without_meta_reason,score_improvement
/mnt/storage/dataset/PPVL_reuslts_CN/中文/wanfang202507/有机发光二极管显示(OLED)/OLED材料科学/平板显示/树脂对颜料分散体系的影响/imgs/img_in_image_box_1286_1615_2111_2296.jpg,diagram,1.0,图 3 颜料细化过程图,,本文采取的工艺是将颜料、溶剂、以及添加的树脂、分散剂混合，首先将上述混合物进行预分散，然后将分散后的颜料混合物经由砂磨机进行研磨处理，通过严格控制工艺过程、设定工艺参数，制得满足性能要求的颜料分散体，图3为颜料细化过程图。,['本文采取的工艺是将颜料、溶剂、以及添加的树脂、分散剂混合，首先将上述混合物进行预分散，然后将分散后的颜料混合物经由砂磨机进行研磨处理，通过严格控制工艺过程、设定工艺参数，制得满足性能要求的颜料分散体，图3为颜料细化过程图。'],"{
  ""diagrams"": [
    {
      ""id"": ""sub_diagram_1"",
      ""domain"": ""Process Flowchart"",
      ""summary"": ""A flowchart depicting the process of pigment dispersion, including material preparation, testing, and dispersion工艺."",
      ""entities"": [
        {
          ""id"": ""e1"",
          ""label"": ""颜料分散剂溶剂"",
          ""type"": ""Material Input Box"",
          ""value"": null,
          ""location"": ""top-left""
        },
        {
          ""id"": ""e2"",
          ""label"": ""原材料检测"",
          ""type"": ""Decision Diamond"",
          ""value"": null,
          ""location"": ""top-center""
        },
        {
          ""id"": ""e3"",
          ""label"": ""颜料分散工艺"",
          ""type"": ""Process Rectangle"",
          ""value"": null,
          ""location"": ""center""
        },
        {
          ""id"": ""e4"",
          ""label"": ""粒度检测"",
          ""type"": ""Decision Diamond"",
          ""value"": null,
          ""location"": ""bottom-center""
        },
        {
          ""id"": ""e5"",
          ""label"": ""A"",
          ""type"": ""Terminal Circle"",
          ""value"": null,
          ""location"": ""bottom""
        },
        {
          ""id"": ""e6"",
          ""label"": ""可选择添加树脂材料"",
          ""type"": ""Optional Input Note"",
          ""value"": null,
          ""location"": ""left""
        }
      ],
      ""relations"": [
        {
          ""source"": ""e6"",
          ""target"": ""e1"",
          ""type"": ""optional_input"",
          ""details"": ""可选择添加树脂材料指向颜料分散剂溶剂输入框""
        },
        {
          ""source"": ""e1"",
          ""target"": ""e2"",
          ""type"": ""flows_to"",
          ""details"": ""颜料分散剂溶剂流向原材料检测""
        },
        {
          ""source"": ""e2"",
          ""target"": ""e3"",
          ""type"": ""flows_to"",
          ""details"": ""原材料检测流向颜料分散工艺""
        },
        {
          ""source"": ""e3"",
          ""target"": ""e4"",
          ""type"": ""flows_to"",
          ""details"": ""颜料分散工艺流向粒度检测""
        },
        {
          ""source"": ""e4"",
          ""target"": ""e5"",
          ""type"": ""flows_to"",
          ""details"": ""粒度检测流向终端A""
        }
      ]
    }
  ]
}",材料 (Materials)/有机 (Organic)/OLED材料科学,1.0,有机发光二极管显示(OLED)/OLED材料科学/平板显示/树脂对颜料分散体系的影响,The path explicitly identifies the research focus as OLED material science within the context of flat panel displays.,"[""颜料"",""分散剂"",""溶剂"",""树脂"",""颜料分散工艺"",""粒度检测""]",图片为颜料细化（分散）工艺流程图，展示了以颜料、分散剂、溶剂为基础原材料（可选择添加树脂），经原材料检测后进入颜料分散工艺，再通过粒度检测的流程；文本描述的工艺包含这些原材料混合、预分散、研磨等过程，图片中的原材料（颜料、分散剂、溶剂、树脂）、颜料分散工艺、粒度检测与文本内容对应。,"{""generated_question"":""颜料细化过程的第一步混合操作中，需要混合的物料有哪些？"",""generated_answer"":""颜料细化过程第一步混合操作需要混合的物料为颜料、溶剂、树脂和分散剂。"",""qa_reasoning"":null}","{""generated_question"":""颜料细化过程中，砂磨机研磨处理之前需要完成哪些工艺步骤？"",""generated_answer"":""在砂磨机研磨之前，需要先将颜料、溶剂、树脂、分散剂进行混合，然后对该混合物进行预分散处理。"",""qa_reasoning"":null}",0,True,1.0,答案严格依据上下文信息，准确指出颜料细化过程第一步混合操作所需的物料；问题与工艺技术相关且指向明确，可基于给定上下文得出答案。,True,1.0,答案严格依据上下文信息，准确指出砂磨机研磨前需完成的工艺步骤；问题聚焦颜料细化过程中砂磨机研磨前的工艺步骤，与显示技术相关且具体，基于上下文可回答。,0.0
/mnt/storage/dataset/PPVL_reuslts_CN/中文/wanfang202507/有机发光二极管显示(OLED)/OLED材料科学/平板显示/树脂对颜料分散体系的影响/imgs/img_in_image_box_434_1225_838_1994.jpg,diagram,0.98,图 4 颜料预混液制备工艺流程图,,"取一定量的分散剂、颜料、树脂和溶剂放入物料罐，设 1,200rpm 在搅拌机上进行预分散 45min 制得颜料预混液，具体工艺如图 4 所示。","['取一定量的分散剂、颜料、树脂和溶剂放入物料罐，设 1,200rpm 在搅拌机上进行预分散 45min 制得颜料预混液，具体工艺如图 4 所示。']","{
  ""diagrams"": [
    {
      ""id"": ""sub_diagram_1"",
      ""domain"": ""Chemical Process Flow"",
      ""summary"": ""A process flow diagram showing the preparation of a pigment pre-mix liquid from a starting material."",
      ""entities"": [
        {
          ""id"": ""e1"",
          ""label"": ""P.R127"",
          ""type"": ""Chemical Compound"",
          ""value"": ""P.R127"",
          ""location"": ""top box""
        },
        {
          ""id"": ""e2"",
          ""label"": ""Solsperse"",
          ""type"": ""Chemical Compound"",
          ""value"": ""Solsperse"",
          ""location"": ""top box""
        },
        {
          ""id"": ""e3"",
          ""label"": ""22000"",
          ""type"": ""Chemical Compound"",
          ""value"": ""22000"",
          ""location"": ""top box""
        },
        {
          ""id"": ""e4"",
          ""label"": ""PM"",
          ""type"": ""Chemical Compound"",
          ""value"": ""PM"",
          ""location"": ""top box""
        },
        {
          ""id"": ""e5"",
          ""label"": ""Setalux 127"",
          ""type"": ""Chemical Compound"",
          ""value"": ""Setalux 127"",
          ""location"": ""top box""
        },
        {
          ""id"": ""e6"",
          ""label"": ""SFJ-400"",
          ""type"": ""Equipment"",
          ""value"": ""SFJ-400"",
          ""location"": ""middle""
        },
        {
          ""id"": ""e7"",
          ""label"": ""2,500rpm, 45min"",
          ""type"": ""Process Parameter"",
          ""value"": ""2,500rpm, 45min"",
          ""location"": ""middle""
        },
        {
          ""id"": ""e8"",
          ""label"": ""颜料预混液"",
          ""type"": ""Product"",
          ""value"": ""颜料预混液"",
          ""location"": ""bottom box""
        },
        {
          ""id"": ""e9"",
          ""label"": ""oyuhu"",
          ""type"": ""Product"",
          ""value"": ""oyuhu"",
          ""location"": ""bottom box""
        }
      ],
      ""relations"": [
        {
          ""source"": ""e1"",
          ""target"": ""e6"",
          ""type"": ""input_to"",
          ""details"": ""P.R127 is an input to the SFJ-400 equipment.""
        },
        {
          ""source"": ""e2"",
          ""target"": ""e6"",
          ""type"": ""input_to"",
          ""details"": ""Solsperse is an input to the SFJ-400 equipment.""
        },
        {
          ""source"": ""e3"",
          ""target"": ""e6"",
          ""type"": ""input_to"",
          ""details"": ""22000 is an input to the SFJ-400 equipment.""
        },
        {
          ""source"": ""e4"",
          ""target"": ""e6"",
          ""type"": ""input_to"",
          ""details"": ""PM is an input to the SFJ-400 equipment.""
        },
        {
          ""source"": ""e5"",
          ""target"": ""e6"",
          ""type"": ""input_to"",
          ""details"": ""Setalux 127 is an input to the SFJ-400 equipment.""
        },
        {
          ""source"": ""e6"",
          ""target"": ""e8"",
          ""type"": ""produces"",
          ""details"": ""SFJ-400 produces 颜料预混液.""
        },
        {
          ""source"": ""e6"",
          ""target"": ""e9"",
          ""type"": ""produces"",
          ""details"": ""SFJ-400 produces oyuhu.""
        },
        {
          ""source"": ""e7"",
          ""target"": ""e6"",
          ""type"": ""operating_condition"",
          ""details"": ""The process runs at 2,500rpm for 45min.""
        }
      ]
    }
  ]
}",材料 (Materials)/有机 (Organic)/OLED材料科学,1.0,有机发光二极管显示(OLED)/OLED材料科学/平板显示/树脂对颜料分散体系的影响,The path explicitly identifies the research focus as OLED material science within the context of flat panel displays.,"[""分散剂"",""颜料"",""树脂"",""溶剂"",""预分散"",""45min"",""颜料预混液""]","图片为颜料预混液制备流程图，上方框内的物质（对应文本中的分散剂、颜料、树脂、溶剂等原料），经标注“2,500rpm,45min”的处理（对应文本“预分散”工艺）后，得到“颜料预混液”。文本中的“分散剂、颜料、树脂、溶剂”是原料，“预分散”是工艺，“45min”是时间，“颜料预混液”是产物，均在图片中有视觉对应（原料框、处理参数、产物框）。","{""generated_question"":""制备颜料预混液时，预分散的时间设定为多少？"",""generated_answer"":""制备颜料预混液时，预分散的时间设定为45分钟。"",""qa_reasoning"":null}","{""generated_question"":""颜料预混液制备时，预分散的时长是多少？"",""generated_answer"":""颜料预混液制备过程中，预分散的时间为45分钟。"",""qa_reasoning"":null}",1,True,1.0,问题聚焦制备颜料预混液的预分散时间这一具体工艺参数，答案严格匹配上下文文本中‘预分散45min’的信息；问题与显示技术相关的材料制备工艺（如彩色滤光片、有机发光材料制备等）紧密相关，且仅凭上下文即可推导答案，无幻觉，符合所有评估维度。,True,1.0,答案严格基于上下文文本中“预分散45min”的信息，问题针对颜料预混液制备的预分散时长这一具体工艺参数，与显示技术相关工艺紧密相关，且凭借上下文可明确回答。,0.0
/mnt/storage/dataset/PPVL_reuslts_CN/中文/wanfang202507/有机发光二极管显示(OLED)/OLED材料科学/平板显示/显示用透明导电氧化物/imgs/img_in_image_box_459_1237_2350_2182.jpg,diagram,0.99,"图 7 pdp 元件设计 $ ^{[8]} $ 。该图(分解图)中前面板和后面板分开显示,透明的扫描电极和支撑电极之间的窄间隙( $ \sim80\mu m $ )决定放电电压",,"在等离子体显示器中，通过在氖一氙等离子中触发约  $ 80 \mu m $  间隙 tco 电极间的放电来产生真空紫外线 见图 7。
目前, 据我们所知, fto 克服了  $ s\dot{d}_{2} $  障碍, 仅在线可用在钠钙玻璃上。该应用已经被证明可用于 pdp 中制备条纹电极(如图 7 所示)。","['在等离子体显示器中，通过在氖一氙等离子中触发约  $ 80 \\mu m $  间隙 tco 电极间的放电来产生真空紫外线 见图 7。', '目前, 据我们所知, fto 克服了  $ s\\dot{d}_{2} $  障碍, 仅在线可用在钠钙玻璃上。该应用已经被证明可用于 pdp 中制备条纹电极(如图 7 所示)。']","{
  ""diagrams"": [
    {
      ""id"": ""sub_diagram_1"",
      ""domain"": ""Display Technology / Fluorescent Panel Structure"",
      ""summary"": ""Cross-sectional view of a fluorescent display panel showing layered components including front and back panels, electrodes, barriers, and phosphor."",
      ""entities"": [
        {
          ""id"": ""e1"",
          ""label"": ""前面板"",
          ""type"": ""Panel"",
          ""location"": ""top""
        },
        {
          ""id"": ""e2"",
          ""label"": ""汇流电极"",
          ""type"": ""Electrode"",
          ""location"": ""top layer, beneath front panel""
        },
        {
          ""id"": ""e3"",
          ""label"": ""支撑电极 (ITO)"",
          ""type"": ""Electrode"",
          ""location"": ""middle layer""
        },
        {
          ""id"": ""e4"",
          ""label"": ""后面板"",
          ""type"": ""Panel"",
          ""location"": ""bottom""
        },
        {
          ""id"": ""e5"",
          ""label"": ""障壁"",
          ""type"": ""Barrier"",
          ""location"": ""between front and back panels""
        },
        {
          ""id"": ""e6"",
          ""label"": ""荧光粉"",
          ""type"": ""Phosphor"",
          ""location"": ""bottom layer, beneath barriers""
        },
        {
          ""id"": ""e7"",
          ""label"": ""寻址电极"",
          ""type"": ""Electrode"",
          ""location"": ""bottom layer, beneath barriers""
        },
        {
          ""id"": ""e8"",
          ""label"": ""介质 MgO"",
          ""type"": ""Dielectric Material"",
          ""location"": ""between electrodes and barriers""
        }
      ],
      ""relations"": [
        {
          ""source"": ""e1"",
          ""target"": ""e2"",
          ""type"": ""layered_structure"",
          ""details"": ""Front panel is above the current-collecting electrode.""
        },
        {
          ""source"": ""e2"",
          ""target"": ""e3"",
          ""type"": ""layered_structure"",
          ""details"": ""Current-collecting electrode is above the supporting electrode (ITO).""
        },
        {
          ""source"": ""e3"",
          ""target"": ""e5"",
          ""type"": ""layered_structure"",
          ""details"": ""Supporting electrode (ITO) is above the barrier.""
        },
        {
          ""source"": ""e5"",
          ""target"": ""e7"",
          ""type"": ""layered_structure"",
          ""details"": ""Barrier is above the addressing electrode.""
        },
        {
          ""source"": ""e7"",
          ""target"": ""e6"",
          ""type"": ""layered_structure"",
          ""details"": ""Addressing electrode is above the phosphor layer.""
        },
        {
          ""source"": ""e8"",
          ""target"": ""e3"",
          ""type"": ""layered_structure"",
          ""details"": ""Dielectric MgO is between the supporting electrode (ITO) and the barrier.""
        },
        {
          ""source"": ""e8"",
          ""target"": ""e7"",
          ""type"": ""layered_structure"",
          ""details"": ""Dielectric MgO is between the addressing electrode and the barrier.""
        }
      ]
    }
  ]
}",材料 (Materials)/有机 (Organic)/OLED材料科学,1.0,有机发光二极管显示(OLED)/OLED材料科学/平板显示/显示用透明导电氧化物,The path explicitly identifies the research focus as OLED material science within the context of display technologies.,"[""PDP"",""TCO电极"",""80μm间隙"",""条纹电极""]",图片展示等离子体显示器（PDP）的内部结构，包含电极（如支撑电极ITO，属TCO电极范畴）等，与文本中PDP的条纹电极制备、TCO电极间80μm间隙放电等描述对应。,"{""generated_question"":""在图7的PDP元件设计中，决定放电电压的结构因素是什么？"",""generated_answer"":""在图7的PDP元件设计中，决定放电电压的结构因素是透明的扫描电极和支撑电极之间的约80μm窄间隙。"",""qa_reasoning"":null}","{""generated_question"":""PDP中决定放电电压的扫描电极与支撑电极之间的间隙约为多少？"",""generated_answer"":""PDP中透明的扫描电极和支撑电极之间决定放电电压的窄间隙约为80μm（即~80μm）。"",""qa_reasoning"":null}",2,True,0.9,问题聚焦PDP显示技术的元件结构因素，与显示技术强相关且具体；答案基于上下文提到的“约80μm间隙的tco电极（图7中FTO制备的条纹电极）”推导，指出间隙是决定放电电压的结构因素，符合事实依据，逻辑上可通过上下文信息（电极间隙参数）推导，无幻觉，信息准确具体。,True,1.0,问题聚焦PDP（等离子显示技术）中决定放电电压的扫描电极与支撑电极间隙这一具体技术参数，与显示技术紧密相关且问题具体；答案依据上下文提到的‘约 80 μm 间隙 tco 电极间的放电’（PDP的扫描、支撑电极属tco电极）推导得出，事实依据充分、可回答，无幻觉。,-0.09999999999999998
/mnt/storage/dataset/PPVL_reuslts_CN/中文/wanfang202507/有机发光二极管显示(OLED)/OLED材料科学/平板显示/显示用透明导电氧化物/imgs/img_in_image_box_437_4051_4387_5688.jpg,diagram,0.98,图 4（a）浮法生产线概况；（b）前面部分的详细视图；（c）浮法线上的 cvd 反应器,,对于 pdp 来说，用二氧化锡  $ sno_{2} $  来替换 ito 是一个可能的选择。多亏了本文中描述的新型专有湿化学工艺，二氧化锡现在可以准确地以放电电极的形式组成图案。和 ito 相比，氟掺二氧化锡 fto 具有特别低的电阻，并且可以采用化学气相沉积工艺在浮法玻璃生产线上沉积。见图 4。通过在  $ 600^{\circ}c $  凝固沉积到玻璃上，需要用于实现低电阻的退火成本也降低了。dong-kim 和 sae-young kim 和 t. ishida 等 $ ^{[1]} $ 详细描述过这个工艺，并且很成功地得到了证明。二氧化锡已经被忽略掉，因为它不能像 ito 那样容易被光刻成图案。,['对于 pdp 来说，用二氧化锡  $ sno_{2} $  来替换 ito 是一个可能的选择。多亏了本文中描述的新型专有湿化学工艺，二氧化锡现在可以准确地以放电电极的形式组成图案。和 ito 相比，氟掺二氧化锡 fto 具有特别低的电阻，并且可以采用化学气相沉积工艺在浮法玻璃生产线上沉积。见图 4。通过在  $ 600^{\\circ}c $  凝固沉积到玻璃上，需要用于实现低电阻的退火成本也降低了。dong-kim 和 sae-young kim 和 t. ishida 等 $ ^{[1]} $ 详细描述过这个工艺，并且很成功地得到了证明。二氧化锡已经被忽略掉，因为它不能像 ito 那样容易被光刻成图案。'],"{
  ""diagrams"": [
    {
      ""id"": ""sub_diagram_a"",
      ""domain"": ""Industrial Process Flow"",
      ""summary"": ""Schematic representation of a glass manufacturing line with multiple processing zones."",
      ""entities"": [
        {
          ""id"": ""e1"",
          ""label"": ""前冷却器传输系统"",
          ""type"": ""Processing Unit"",
          ""location"": ""left side""
        },
        {
          ""id"": ""e2"",
          ""label"": ""顶端辊机"",
          ""type"": ""Roller Machine"",
          ""location"": ""middle-left""
        },
        {
          ""id"": ""e3"",
          ""label"": ""提升辊(3)"",
          ""type"": ""Roller"",
          ""location"": ""middle-right""
        },
        {
          ""id"": ""e4"",
          ""label"": ""韧化炉起点"",
          ""type"": ""Annealing Furnace Start Point"",
          ""location"": ""right side""
        },
        {
          ""id"": ""e5"",
          ""label"": ""出口端"",
          ""type"": ""Exit Point"",
          ""location"": ""center-right""
        },
        {
          ""id"": ""e6"",
          ""label"": ""浮渣箱"",
          ""type"": ""Slag Box"",
          ""location"": ""bottom-right""
        },
        {
          ""id"": ""e7"",
          ""label"": ""出口冷凝器"",
          ""type"": ""Exit Condenser"",
          ""location"": ""bottom-center""
        }
      ],
      ""relations"": [
        {
          ""source"": ""e1"",
          ""target"": ""e2"",
          ""type"": ""sequential_processing"",
          ""details"": ""Material flows from pre-cooler transport system to top rollers.""
        },
        {
          ""source"": ""e2"",
          ""target"": ""e3"",
          ""type"": ""sequential_processing"",
          ""details"": ""Material moves from top rollers to lifting rollers.""
        },
        {
          ""source"": ""e3"",
          ""target"": ""e4"",
          ""type"": ""sequential_processing"",
          ""details"": ""Material enters annealing furnace at start point.""
        },
        {
          ""source"": ""e4"",
          ""target"": ""e5"",
          ""type"": ""sequential_processing"",
          ""details"": ""Material exits furnace at exit point.""
        },
        {
          ""source"": ""e5"",
          ""target"": ""e6"",
          ""type"": ""material_discharge"",
          ""details"": ""Slag is collected in slag box.""
        },
        {
          ""source"": ""e5"",
          ""target"": ""e7"",
          ""type"": ""material_discharge"",
          ""details"": ""Glass is cooled by exit condenser.""
        }
      ]
    },
    {
      ""id"": ""sub_diagram_b"",
      ""domain"": ""Industrial Process Flow"",
      ""summary"": ""Schematic diagram of a glass production line with labeled components and material flow."",
      ""entities"": [
        {
          ""id"": ""e1"",
          ""label"": ""前冷却器传输系统"",
          ""type"": ""Processing Unit"",
          ""location"": ""left side""
        },
        {
          ""id"": ""e2"",
          ""label"": ""顶端辊机"",
          ""type"": ""Roller Machine"",
          ""location"": ""middle-left""
        },
        {
          ""id"": ""e3"",
          ""label"": ""提升辊(3)"",
          ""type"": ""Roller"",
          ""location"": ""middle-right""
        },
        {
          ""id"": ""e4"",
          ""label"": ""韧化炉起点"",
          ""type"": ""Annealing Furnace Start Point"",
          ""location"": ""right side""
        },
        {
          ""id"": ""e5"",
          ""label"": ""出口端"",
          ""type"": ""Exit Point"",
          ""location"": ""center-right""
        },
        {
          ""id"": ""e6"",
          ""label"": ""浮渣箱"",
          ""type"": ""Slag Box"",
          ""location"": ""bottom-right""
        },
        {
          ""id"": ""e7"",
          ""label"": ""出口冷凝器"",
          ""type"": ""Exit Condenser"",
          ""location"": ""bottom-center""
        },
        {
          ""id"": ""e8"",
          ""label"": ""玻璃带"",
          ""type"": ""Material Flow"",
          ""location"": ""center""
        }
      ],
      ""relations"": [
        {
          ""source"": ""e1"",
          ""target"": ""e2"",
          ""type"": ""sequential_processing"",
          ""details"": ""Material flows from pre-cooler transport system to top rollers.""
        },
        {
          ""source"": ""e2"",
          ""target"": ""e3"",
          ""type"": ""sequential_processing"",
          ""details"": ""Material moves from top rollers to lifting rollers.""
        },
        {
          ""source"": ""e3"",
          ""target"": ""e4"",
          ""type"": ""sequential_processing"",
          ""details"": ""Material enters annealing furnace at start point.""
        },
        {
          ""source"": ""e4"",
          ""target"": ""e5"",
          ""type"": ""sequential_processing"",
          ""details"": ""Material exits furnace at exit point.""
        },
        {
          ""source"": ""e5"",
          ""target"": ""e6"",
          ""type"": ""material_discharge"",
          ""details"": ""Slag is collected in slag box.""
        },
        {
          ""source"": ""e5"",
          ""target"": ""e7"",
          ""type"": ""material_discharge"",
          ""details"": ""Glass is cooled by exit condenser.""
        },
        {
          ""source"": ""e8"",
          ""target"": ""e1"",
          ""type"": ""material_flow"",
          ""details"": ""Glass ribbon enters the pre-cooler transport system.""
        },
        {
          ""source"": ""e8"",
          ""target"": ""e2"",
          ""type"": ""material_flow"",
          ""details"": ""Glass ribbon passes through top rollers.""
        },
        {
          ""source"": ""e8"",
          ""target"": ""e3"",
          ""type"": ""material_flow"",
          ""details"": ""Glass ribbon moves through lifting rollers.""
        },
        {
          ""source"": ""e8"",
          ""target"": ""e4"",
          ""type"": ""material_flow"",
          ""details"": ""Glass ribbon enters annealing furnace.""
        },
        {
          ""source"": ""e8"",
          ""target"": ""e5"",
          ""type"": ""material_flow"",
          ""details"": ""Glass ribbon exits furnace at exit point.""
        }
      ]
    },
    {
      ""id"": ""sub_diagram_c"",
      ""domain"": ""Photograph"",
      ""summary"": ""Photograph of an industrial glass production line, showing physical equipment."",
      ""entities"": [
        {
          ""id"": ""e1"",
          ""label"": ""Glass Production Line"",
          ""type"": ""Industrial Equipment"",
          ""location"": ""entire image""
        }
      ],
      ""relations"": []
    }
  ]
}",材料 (Materials)/有机 (Organic)/OLED材料科学,1.0,有机发光二极管显示(OLED)/OLED材料科学/平板显示/显示用透明导电氧化物,The path explicitly identifies the research focus as OLED material science within the context of display technologies.,"[""浮法玻璃生产线"",""二氧化锡（SnO₂）"",""氟掺二氧化锡（FTO）"",""化学气相沉积"",""600℃""]",图片展示浮法玻璃生产线的设备结构（含玻璃带、前冷却器传输系统、辊机、韧化炉等），与文本中“氟掺二氧化锡（FTO）可通过化学气相沉积在浮法玻璃生产线上沉积”的工艺描述对应；同时涉及二氧化锡（SnO₂）作为ITO的替代材料，以及600℃的凝固温度。,"{""generated_question"":""FTO沉积到玻璃上以实现低电阻的凝固温度是多少？"",""generated_answer"":""FTO沉积到玻璃上以实现低电阻的凝固温度是600℃。"",""qa_reasoning"":null}","{""generated_question"":""在浮法玻璃生产线上沉积氟掺二氧化锡（FTO）采用的是什么工艺，该工艺在成本控制方面有何体现？"",""generated_answer"":""在浮法玻璃生产线上沉积氟掺二氧化锡（FTO）采用的是化学气相沉积（CVD）工艺；成本控制方面的体现是，FTO在600°C凝固沉积到玻璃上，降低了实现低电阻所需的退火成本。"",""qa_reasoning"":null}",3,True,1.0,事实依据：答案严格基于上下文文本中“通过在 600°C 凝固沉积到玻璃上，需要用于实现低电阻的退火成本也降低了”的内容，无幻觉；相关性：问题围绕显示技术中FTO（氟掺二氧化锡）沉积到玻璃的凝固温度（与低电阻相关）展开，与显示技术紧密相关且匹配上下文；可回答性：上下文明确给出了凝固温度数据，逻辑上足以推导出答案；具体性：问题针对FTO沉积到玻璃实现低电阻的凝固温度这一具体参数提问，不宽泛。,True,1.0,问题聚焦显示技术领域中FTO的沉积工艺及成本控制，与上下文主题相关且具体；答案严格依据上下文内容，工艺为化学气相沉积，成本控制体现为600°C沉积降低退火成本，无幻觉，信息充分可推导。,0.0
/mnt/storage/dataset/PPVL_reuslts_CN/中文/wanfang202507/有机发光二极管显示(OLED)/OLED材料科学/平板显示/有机电致发光器件特性的改进/imgs/img_in_chart_box_738_1304_1459_1926.jpg,diagram,1.0,图 2-2 有机共轭分子轨道的能级和跃,,在光吸收的过程中，还必须考虑 n 电子的作用，它们所占据的轨道叫 n 轨道。这些电子虽然不能用于共价键合，但仍具有较高的能量。它实际上是价壳中的未共享电子。在成键分子的上方有各种空着的高能轨道，其中能量较低的有  $ \pi $ ， $ \sigma $  和相应的反键轨道  $ \pi^{*} $ ， $ \sigma^{*} $  等，由于基态的各电子都是成对的，使整个有机分子没有电子磁矩。分子轨道相对能级从低到高依次为： $ \pi $ ， $ \sigma $ ，n， $ \pi^{*} $ ， $ \sigma^{*} $ ，如图 2-2 所示。,['在光吸收的过程中，还必须考虑 n 电子的作用，它们所占据的轨道叫 n 轨道。这些电子虽然不能用于共价键合，但仍具有较高的能量。它实际上是价壳中的未共享电子。在成键分子的上方有各种空着的高能轨道，其中能量较低的有  $ \\pi $ ， $ \\sigma $  和相应的反键轨道  $ \\pi^{*} $ ， $ \\sigma^{*} $  等，由于基态的各电子都是成对的，使整个有机分子没有电子磁矩。分子轨道相对能级从低到高依次为： $ \\pi $ ， $ \\sigma $ ，n， $ \\pi^{*} $ ， $ \\sigma^{*} $ ，如图 2-2 所示。'],"{
  ""diagrams"": [
    {
      ""id"": ""sub_diagram_1"",
      ""domain"": ""Molecular Orbital Diagram"",
      ""summary"": ""Molecular orbital energy levels versus wavelength, showing σ, π, and σ* orbitals with transitions indicated."",
      ""entities"": [
        {""id"": ""e1"", ""label"": ""E"", ""type"": ""Energy Axis"", ""location"": ""vertical axis""},
        {""id"": ""e2"", ""label"": ""λ(nm)"", ""type"": ""Wavelength Axis"", ""location"": ""horizontal axis""},
        {""id"": ""e3"", ""label"": ""σ*"", ""type"": ""Molecular Orbital"", ""location"": ""topmost level""},
        {""id"": ""e4"", ""label"": ""π*"", ""type"": ""Molecular Orbital"", ""location"": ""second from top""},
        {""id"": ""e5"", ""label"": ""π"", ""type"": ""Molecular Orbital"", ""location"": ""third from top""},
        {""id"": ""e6"", ""label"": ""σ"", ""type"": ""Molecular Orbital"", ""location"": ""fourth from top""},
        {""id"": ""e7"", ""label"": ""孤对电子"", ""type"": ""Text Label"", ""location"": ""right side of diagram"", ""text"": ""孤对电子""}
      ],
      ""relations"": [
        {""source"": ""e1"", ""target"": ""e3"", ""type"": ""axis_label"", ""details"": ""Energy axis labeled E""},
        {""source"": ""e2"", ""target"": ""e3"", ""type"": ""axis_label"", ""details"": ""Wavelength axis labeled λ(nm)""},
        {""source"": ""e3"", ""target"": ""e4"", ""type"": ""energy_level"", ""details"": ""σ* orbital above π* orbital""},
        {""source"": ""e4"", ""target"": ""e5"", ""type"": ""energy_level"", ""details"": ""π* orbital above π orbital""},
        {""source"": ""e5"", ""target"": ""e6"", ""type"": ""energy_level"", ""details"": ""π orbital above σ orbital""},
        {""source"": ""e7"", ""target"": ""e4"", ""type"": ""annotation"", ""details"": ""Label '孤对电子' points to π* orbital""}
      ]
    }
  ]
}",器件 (Devices)/类型 (Types)/OLED (有机发光二极管),0.95,有机发光二极管显示(OLED)/OLED材料科学/平板显示/有机电致发光器件特性的改进,"The path explicitly identifies the research focus as OLED device performance improvement, which is confirmed by the abstract discussing OLED efficiency, structure, and material analysis.","[""n轨道"",""π"",""σ"",""π*"",""σ*"",""分子轨道能级"",""n电子"",""波长λ"",""能量E""]",图片为分子轨道能级与吸收波长（λ，nm）的关系图，展示了π、σ、n、π*、σ*等轨道的能级分布，与文本中分子轨道相对能级顺序（π、σ、n、π*、σ*）及n电子（孤对电子）的作用对应，坐标轴包含波长λ（nm）和能量E，体现光吸收过程中电子跃迁的波长范围。,"{""generated_question"":""stk6011p1-3v 封装的引脚总数是多少？"",""generated_answer"":""stk6011p1-3v 封装共有44个引脚。"",""qa_reasoning"":null}","{""generated_question"":""有机分子的分子轨道相对能级从低到高的顺序是什么？"",""generated_answer"":""有机分子的分子轨道相对能级从低到高依次为：$ \boldsymbol{\text{π}} $、$ \boldsymbol{\text{σ}} $、$ \boldsymbol{\text{n}} $、$ \boldsymbol{\text{π*}} $、$ \boldsymbol{\text{σ*}} $。"",""qa_reasoning"":null}",4,False,0.0,问题与“显示技术”无关，且上下文未提及“stk6011p1-3v”相关内容，答案无事实依据，无法通过提供的信息推导得出。,True,1.0,问题针对有机分子的分子轨道相对能级顺序，与显示技术相关（涉及光吸收过程的分子轨道）；答案严格基于上下文文本中的明确信息，无幻觉，可回答性强，问题具体。,-1.0
/mnt/storage/dataset/PPVL_reuslts_CN/中文/wanfang202507/有机发光二极管显示(OLED)/OLED材料科学/平板显示/有机电致发光器件特性的改进/imgs/img_in_image_box_641_569_1439_791.jpg,diagram,0.99,图 3-7 器件结构示意图,,"(1) 假设光垂直于器件表面输出，计算光输出透射率与输出光的角度最大值。模拟计算如下：光强为 1 的发光点 a 发出光后（假设 a 发光为自然光）经过发光层，由于样品对各个波长的吸收不同其透射率也不同。考虑到膜具有一定的厚度，所以对不同深度的发光点进行积分再取平均值$$ t=\frac{\int_{0}^{d}e^{-\alpha\cdot l}\,dl}{d} $$式中 t 为透射率；  $ \alpha $  为吸收系数； d 为 meh-ppv 层的厚度； l 为发光点的深度。光经过界面 2（图 3-7）会产生透射和折射，由于是垂直入射，入射角为 0 度，用菲涅尔公式计算反射率与透射率为，$$ r_{2}=\frac{n_{2}-n_{1}}{n_{2}+n_{1}}, $$$$ t_{2}=\frac{4n_{1}n_{2}}{(n_{1}+n_{2})^{2}}, $$光从界面 2 传到界面 3 的过程忽略吸收，到达界面 3 再次用菲涅尔公式计算出反射率和透射率。对于界面 4 也做同样计算。最后得出总透射率为，$$ t=(t_{1}\cdot t_{2}\cdot t_{3}\cdot t_{4})+(t_{1}\cdot t_{2}\cdot r_{3}\cdot r_{2}\cdot t_{3}\cdot t_{4})+(t_{1}\cdot t_{2}\cdot t_{3}\cdot r_{4}\cdot r_{3}\cdot r_{4}) $$得出的发光层透射光谱如图 3-6 所示，由图 3-6 可以看出，如果假设光是从 meh-ppv 层的不同深度发射出来的，以上计算的理论值比光谱仪测得的透射谱数值偏大，这是由于发光层中发光点处在不同深度 l，吸收正比于 l，l 最大值为 d。而光谱仪测量得到的吸收谱中，光都是经过了 d 长度的吸收，所以实验测得的吸收偏大，而透射率相对较低。","['(1) 假设光垂直于器件表面输出，计算光输出透射率与输出光的角度最大值。模拟计算如下：光强为 1 的发光点 a 发出光后（假设 a 发光为自然光）经过发光层，由于样品对各个波长的吸收不同其透射率也不同。考虑到膜具有一定的厚度，所以对不同深度的发光点进行积分再取平均值$$ t=\\frac{\\int_{0}^{d}e^{-\\alpha\\cdot l}\\,dl}{d} $$式中 t 为透射率；  $ \\alpha $  为吸收系数； d 为 meh-ppv 层的厚度； l 为发光点的深度。光经过界面 2（图 3-7）会产生透射和折射，由于是垂直入射，入射角为 0 度，用菲涅尔公式计算反射率与透射率为，$$ r_{2}=\\frac{n_{2}-n_{1}}{n_{2}+n_{1}}, $$$$ t_{2}=\\frac{4n_{1}n_{2}}{(n_{1}+n_{2})^{2}}, $$光从界面 2 传到界面 3 的过程忽略吸收，到达界面 3 再次用菲涅尔公式计算出反射率和透射率。对于界面 4 也做同样计算。最后得出总透射率为，$$ t=(t_{1}\\cdot t_{2}\\cdot t_{3}\\cdot t_{4})+(t_{1}\\cdot t_{2}\\cdot r_{3}\\cdot r_{2}\\cdot t_{3}\\cdot t_{4})+(t_{1}\\cdot t_{2}\\cdot t_{3}\\cdot r_{4}\\cdot r_{3}\\cdot r_{4}) $$得出的发光层透射光谱如图 3-6 所示，由图 3-6 可以看出，如果假设光是从 meh-ppv 层的不同深度发射出来的，以上计算的理论值比光谱仪测得的透射谱数值偏大，这是由于发光层中发光点处在不同深度 l，吸收正比于 l，l 最大值为 d。而光谱仪测量得到的吸收谱中，光都是经过了 d 长度的吸收，所以实验测得的吸收偏大，而透射率相对较低。']","{
  ""diagrams"": [
    {
      ""id"": ""sub_diagram_1"",
      ""domain"": ""Material Layer Structure"",
      ""summary"": ""A layered structure showing five interfaces between different material layers, labeled from bottom to top as Glass, ITO, MEH-PPV, and Al."",
      ""entities"": [
        {""id"": ""e1"", ""label"": ""Glass"", ""type"": ""Material Layer"", ""location"": ""bottom""},
        {""id"": ""e2"", ""label"": ""ITO"", ""type"": ""Material Layer"", ""location"": ""second from bottom""},
        {""id"": ""e3"", ""label"": ""MEH-PPV"", ""type"": ""Material Layer"", ""location"": ""third from bottom""},
        {""id"": ""e4"", ""label"": ""Al"", ""type"": ""Material Layer"", ""location"": ""top""},
        {""id"": ""e5"", ""label"": ""界面1"", ""type"": ""Interface"", ""location"": ""between Al and MEH-PPV""},
        {""id"": ""e6"", ""label"": ""界面2"", ""type"": ""Interface"", ""location"": ""between MEH-PPV and ITO""},
        {""id"": ""e7"", ""label"": ""界面3"", ""type"": ""Interface"", ""location"": ""between ITO and Glass""},
        {""id"": ""e8"", ""label"": ""界面4"", ""type"": ""Interface"", ""location"": ""between Glass and ITO""},
        {""id"": ""e9"", ""label"": ""界面5"", ""type"": ""Interface"", ""location"": ""between ITO and Glass (bottom interface)""}
      ],
      ""relations"": [
        {""source"": ""e1"", ""target"": ""e2"", ""type"": ""layered_on"", ""details"": ""Glass is the bottom layer, ITO is layered on top of it.""},
        {""source"": ""e2"", ""target"": ""e3"", ""type"": ""layered_on"", ""details"": ""ITO is layered on top of Glass, MEH-PPV is layered on top of ITO.""},
        {""source"": ""e3"", ""target"": ""e4"", ""type"": ""layered_on"", ""details"": ""MEH-PPV is layered on top of ITO, Al is layered on top of MEH-PPV.""},
        {""source"": ""e1"", ""target"": ""e9"", ""type"": ""interface_at"", ""details"": ""Interface 5 is located at the boundary between Glass and ITO.""},
        {""source"": ""e2"", ""target"": ""e8"", ""type"": ""interface_at"", ""details"": ""Interface 4 is located at the boundary between Glass and ITO.""},
        {""source"": ""e2"", ""target"": ""e7"", ""type"": ""interface_at"", ""details"": ""Interface 3 is located at the boundary between ITO and MEH-PPV.""},
        {""source"": ""e3"", ""target"": ""e6"", ""type"": ""interface_at"", ""details"": ""Interface 2 is located at the boundary between MEH-PPV and ITO.""},
        {""source"": ""e4"", ""target"": ""e5"", ""type"": ""interface_at"", ""details"": ""Interface 1 is located at the boundary between Al and MEH-PPV.""}
      ]
    }
  ]
}",器件 (Devices)/类型 (Types)/OLED (有机发光二极管),0.95,有机发光二极管显示(OLED)/OLED材料科学/平板显示/有机电致发光器件特性的改进,"The path explicitly identifies the research focus as OLED device performance improvement, which is confirmed by the abstract discussing OLED efficiency, structure, and material analysis.",,,"{""generated_question"":""在不改变发光颜色的前提下，多层器件结构可实现哪些性能优化？"",""generated_answer"":""在不改变发光颜色的前提下，多层器件结构能够降低驱动电压、提高对比度、增加量子效率、提高发光亮度。"",""qa_reasoning"":null}","{""generated_question"":""为何文中计算的发光层理论透射率比光谱仪测得的透射谱数值偏大？"",""generated_answer"":""理论计算中，发光层透射率是对不同深度（<l从0到d>）的发光点透射率积分后取平均（发光点在深度l处的吸收正比于l，l最大值为d）；而光谱仪测量时，光需穿过发光层的整个厚度d（吸收正比于d），实验测得的吸收量比理论平均吸收量更大，因此实验透射率更低，理论透射率数值偏大。"",""qa_reasoning"":null}",5,False,0.2,答案无事实依据，上下文仅围绕光输出透射率的计算及理论与实验透射谱差异展开，未提及多层器件结构在不改变发光颜色下可实现降低驱动电压、提高对比度等性能优化；问题虽属显示技术领域，但上下文无对应内容支撑回答，不满足可回答性。,True,1.0,问题聚焦显示技术中发光层理论与实验透射率的差异原因，与领域相关且匹配上下文内容；答案严格依据上下文，清晰阐述理论计算（对不同深度发光点积分平均，吸收正比于l）和实验测量（光穿过整个厚度d，吸收正比于d）的差异，无幻觉，可回答性与具体性均满足要求。,-0.8
/mnt/storage/dataset/PPVL_reuslts_CN/中文/wanfang202507/有机发光二极管显示(OLED)/OLED材料科学/平板显示/有机电致发光器件特性的改进/imgs/img_in_image_box_421_271_1712_1042.jpg,diagram,1.0,图 2-1 meh-ppv 的合成与聚合过程,,"第三步，聚合。把第二步得到的单体（2克，0.006mol）和4-异丁基氯苄（0.066克， $ 3.6\times10^{-4} $ mol）溶解于100ml四氢呋喃中，并在冰水混合物中冷却，同时搅拌溶液。然后立即加入53.3ml的浓度为1摩尔/升（1m）的2,6-双异丁基-4-甲基苯酚（t-buok）。整个反应在25℃下搅拌24小时，在聚合反应完成后，混合物在甲醇中沉淀，然后过滤沉淀物，并在真空下干燥。图2-1表示了合成meh-ppv的简要过程。 $ ^{[13]} $meh-ppv 朗缪尔单层是用朗缪尔型槽（langmuir through）制成的（mdt 公司， $ 240mm \times 100mm $ ）。先将 meh-ppv 粉末溶于氯仿中，浓度为  $ \frac{1mg}{ml} $ ，然后降解 2 个小时形成均匀聚合物溶液，所得溶液用  $ 0.5\mu m $  滤纸过滤。在水气交界面处的溶液总量在  $ 10-50\mu l $  范围内变化。为了使氯仿从水气交界面蒸发，只留下 meh-ppv 分子在界面中，压缩浮动的薄膜之前要等待 10 分钟。在朗缪尔单层中的负离子，其作用在水气交界面的亚相中可被观察到，其中包括各种负离子，例如纯水， $ fecl_{3} $ ， $ h_{2}so_{4} $  和 nacl，最后 meh-ppv 的 ls 薄膜（langmuir-schaefer 朗缪尔-谢菲尔 $ ^{[14]} $ ）在  $ 14mn/m $  的表面压力下被沉积在作为亚相的纯水中。","['第三步，聚合。把第二步得到的单体（2克，0.006mol）和4-异丁基氯苄（0.066克， $ 3.6\\times10^{-4} $ mol）溶解于100ml四氢呋喃中，并在冰水混合物中冷却，同时搅拌溶液。然后立即加入53.3ml的浓度为1摩尔/升（1m）的2,6-双异丁基-4-甲基苯酚（t-buok）。整个反应在25℃下搅拌24小时，在聚合反应完成后，混合物在甲醇中沉淀，然后过滤沉淀物，并在真空下干燥。图2-1表示了合成meh-ppv的简要过程。 $ ^{[13]} $meh-ppv 朗缪尔单层是用朗缪尔型槽（langmuir through）制成的（mdt 公司， $ 240mm \\times 100mm $ ）。先将 meh-ppv 粉末溶于氯仿中，浓度为  $ \\frac{1mg}{ml} $ ，然后降解 2 个小时形成均匀聚合物溶液，所得溶液用  $ 0.5\\mu m $  滤纸过滤。在水气交界面处的溶液总量在  $ 10-50\\mu l $  范围内变化。为了使氯仿从水气交界面蒸发，只留下 meh-ppv 分子在界面中，压缩浮动的薄膜之前要等待 10 分钟。在朗缪尔单层中的负离子，其作用在水气交界面的亚相中可被观察到，其中包括各种负离子，例如纯水， $ fecl_{3} $ ， $ h_{2}so_{4} $  和 nacl，最后 meh-ppv 的 ls 薄膜（langmuir-schaefer 朗缪尔-谢菲尔 $ ^{[14]} $ ）在  $ 14mn/m $  的表面压力下被沉积在作为亚相的纯水中。']","{
  ""diagrams"": [
    {
      ""id"": ""sub_diagram_1"",
      ""domain"": ""Organic Chemistry"",
      ""summary"": ""A two-step synthesis pathway starting from a phenol and alkyl bromide to form a substituted phenol, followed by conversion to a polymer."",
      ""entities"": [
        {
          ""id"": ""e1"",
          ""label"": ""OCH₃"",
          ""type"": ""Functional Group"",
          ""location"": ""top-left""
        },
        {
          ""id"": ""e2"",
          ""label"": ""OH"",
          ""type"": ""Functional Group"",
          ""location"": ""top-left""
        },
        {
          ""id"": ""e3"",
          ""label"": ""Br"",
          ""type"": ""Functional Group"",
          ""location"": ""top-middle""
        },
        {
          ""id"": ""e4"",
          ""label"": ""K₂CO₃"",
          ""type"": ""Reagent"",
          ""location"": ""top-middle""
        },
        {
          ""id"": ""e5"",
          ""label"": ""Acetone"",
          ""type"": ""Solvent"",
          ""location"": ""top-middle""
        },
        {
          ""id"": ""e6"",
          ""label"": ""HCl"",
          ""type"": ""Reagent"",
          ""location"": ""top-right""
        },
        {
          ""id"": ""e7"",
          ""label"": ""HONO"",
          ""type"": ""Reagent"",
          ""location"": ""top-right""
        },
        {
          ""id"": ""e8"",
          ""label"": ""CH₃O"",
          ""type"": ""Functional Group"",
          ""location"": ""top-right""
        },
        {
          ""id"": ""e9"",
          ""label"": ""Cl"",
          ""type"": ""Functional Group"",
          ""location"": ""bottom-left""
        },
        {
          ""id"": ""e10"",
          ""label"": ""CH₃O"",
          ""type"": ""Functional Group"",
          ""location"": ""bottom-left""
        },
        {
          ""id"": ""e11"",
          ""label"": ""CH₂Cl"",
          ""type"": ""Functional Group"",
          ""location"": ""bottom-middle""
        },
        {
          ""id"": ""e12"",
          ""label"": ""t-BuOK"",
          ""type"": ""Reagent"",
          ""location"": ""bottom-middle""
        },
        {
          ""id"": ""e13"",
          ""label"": ""n"",
          ""type"": ""Polymerization Indicator"",
          ""location"": ""bottom-right""
        },
        {
          ""id"": ""e14"",
          ""label"": ""CH=CH"",
          ""type"": ""Functional Group"",
          ""location"": ""bottom-right""
        }
      ],
      ""relations"": [
        {
          ""source"": ""e1"",
          ""target"": ""e2"",
          ""type"": ""chemical_structure"",
          ""details"": ""Both groups attached to the benzene ring.""
        },
        {
          ""source"": ""e3"",
          ""target"": ""e4"",
          ""type"": ""reaction_condition"",
          ""details"": ""K₂CO₃ is the base used in the reaction with alkyl bromide.""
        },
        {
          ""source"": ""e4"",
          ""target"": ""e5"",
          ""type"": ""reaction_condition"",
          ""details"": ""Reaction performed in acetone solvent.""
        },
        {
          ""source"": ""e6"",
          ""target"": ""e7"",
          ""type"": ""reaction_condition"",
          ""details"": ""HCl and HONO are used together in the second step.""
        },
        {
          ""source"": ""e8"",
          ""target"": ""e9"",
          ""type"": ""chemical_structure"",
          ""details"": ""Both groups attached to the benzene ring.""
        },
        {
          ""source"": ""e10"",
          ""target"": ""e11"",
          ""type"": ""chemical_structure"",
          ""details"": ""Both groups attached to the benzene ring.""
        },
        {
          ""source"": ""e12"",
          ""target"": ""e13"",
          ""type"": ""reaction_condition"",
          ""details"": ""Reaction performed at room temperature for 24 hours.""
        },
        {
          ""source"": ""e14"",
          ""target"": ""e13"",
          ""type"": ""polymerization"",
          ""details"": ""CH=CH group indicates polymerization to form a polymer chain.""
        }
      ]
    }
  ]
}",器件 (Devices)/类型 (Types)/OLED (有机发光二极管),0.95,有机发光二极管显示(OLED)/OLED材料科学/平板显示/有机电致发光器件特性的改进,"The path explicitly identifies the research focus as OLED device performance improvement, which is confirmed by the abstract discussing OLED efficiency, structure, and material analysis.","[""meh-ppv"",""t-BuOK"",""单体""]",图片展示meh-ppv的合成反应流程图，包含多步反应（如K₂CO₃/Acetone、t-BuOK/rt/24h等条件），生成单体（结构2）后聚合为meh-ppv（结构3），与文本中meh-ppv的合成过程对应，涉及产物meh-ppv、反应试剂t-BuOK、反应物单体。,"{""generated_question"":""当bcp层厚度为1.5 nm时，器件ii的电致光谱中两个发光峰的波长分别是多少？"",""generated_answer"":""器件ii的电致光谱中两个发光峰的波长分别为435 nm和530 nm。"",""qa_reasoning"":null}","{""generated_question"":""聚合反应中加入的2,6-双异丁基-4-甲基苯酚（t - buok）的物质的量是多少？"",""generated_answer"":""0.0533mol"",""qa_reasoning"":null}",6,False,0.0,上下文仅介绍了meh - ppv的合成及朗缪尔单层的制备过程，未提及bcp层、器件ii及电致光谱发光峰波长相关内容，答案无事实依据，问题与上下文不匹配且无法回答。,True,1.0,问题针对聚合反应中t - buok的物质的量，具有具体性；答案通过上下文给出的体积（53.3ml即0.0533L）和浓度（1mol/L），利用物质的量=体积×浓度（0.0533L×1mol/L=0.0533mol）计算得出，严格基于上下文事实，可回答且与显示技术相关的材料合成过程（meh - ppv合成）紧密相关。,-1.0
/mnt/storage/dataset/PPVL_reuslts_CN/中文/wanfang202507/有机发光二极管显示(OLED)/OLED材料科学/平板显示/有机电致发光器件特性的改进/imgs/img_in_image_box_836_1562_1368_1856.jpg,diagram,0.99,图 3-3 倒金字塔形 led,,这种方法旨在减小光在led内部反射而造成的有源层及自由载流子对光的吸收 $ ^{[9]} $ 内部反射的次数越多，路径越长，造成的损失越大。通过改变led的几何形状，可以缩短光在led内部反射的路程。这种新技术在1999年被提出 $ ^{[10]} $ 。它是在透明衬底led基础上的再次加工。将粘合后的led晶片倒置，切去四个方向的下角，斜面与垂直方向的夹角为35°。图3-3是横截面的示意图，它显示了光出射的路径。led的这种几何外形可以使内部反射的光从侧壁的内表面再次传播到上表面，而以小于临界角的角度出射。同时使那些传播到上表面大于临界角的光重新从侧面出射。这两种过程能同时减小光在内部传播的路程。,['这种方法旨在减小光在led内部反射而造成的有源层及自由载流子对光的吸收 $ ^{[9]} $ 内部反射的次数越多，路径越长，造成的损失越大。通过改变led的几何形状，可以缩短光在led内部反射的路程。这种新技术在1999年被提出 $ ^{[10]} $ 。它是在透明衬底led基础上的再次加工。将粘合后的led晶片倒置，切去四个方向的下角，斜面与垂直方向的夹角为35°。图3-3是横截面的示意图，它显示了光出射的路径。led的这种几何外形可以使内部反射的光从侧壁的内表面再次传播到上表面，而以小于临界角的角度出射。同时使那些传播到上表面大于临界角的光重新从侧面出射。这两种过程能同时减小光在内部传播的路程。'],"{
  ""diagrams"": [
    {
      ""id"": ""sub_diagram_1"",
      ""domain"": ""Semiconductor Physics / Heterostructure"",
      ""summary"": ""A cross-sectional diagram of a semiconductor heterostructure, showing an n-GaP layer on top of a p-GaP layer, with n-type contact at the top."",
      ""entities"": [
        {
          ""id"": ""e1"",
          ""label"": ""衬底"",
          ""type"": ""Substrate"",
          ""location"": ""bottom layer""
        },
        {
          ""id"": ""e2"",
          ""label"": ""p-GaP"",
          ""type"": ""Semiconductor Layer"",
          ""location"": ""bottom layer""
        },
        {
          ""id"": ""e3"",
          ""label"": ""GaAlInP有源层"",
          ""type"": ""Active Layer"",
          ""location"": ""middle layer""
        },
        {
          ""id"": ""e4"",
          ""label"": ""n-GaP"",
          ""type"": ""Semiconductor Layer"",
          ""location"": ""top layer""
        },
        {
          ""id"": ""e5"",
          ""label"": ""n型接触"",
          ""type"": ""n-type Contact"",
          ""location"": ""top surface""
        }
      ],
      ""relations"": [
        {
          ""source"": ""e1"",
          ""target"": ""e2"",
          ""type"": ""composed_of"",
          ""details"": ""Substrate forms the base of the p-GaP layer.""
        },
        {
          ""source"": ""e2"",
          ""target"": ""e3"",
          ""type"": ""stacked_on"",
          ""details"": ""p-GaP layer is below the active layer.""
        },
        {
          ""source"": ""e3"",
          ""target"": ""e4"",
          ""type"": ""stacked_on"",
          ""details"": ""Active layer is below the n-GaP layer.""
        },
        {
          ""source"": ""e4"",
          ""target"": ""e5"",
          ""type"": ""connected_to"",
          ""details"": ""n-type contact is on top of the n-GaP layer.""
        }
      ]
    }
  ]
}",器件 (Devices)/类型 (Types)/OLED (有机发光二极管),0.95,有机发光二极管显示(OLED)/OLED材料科学/平板显示/有机电致发光器件特性的改进,"The path explicitly identifies the research focus as OLED device performance improvement, which is confirmed by the abstract discussing OLED efficiency, structure, and material analysis.","[""LED"",""有源层"",""光出射路径"",""内部反射"",""几何形状""]",图片为LED的横截面示意图，展示了衬底、n型接触、n - GaP、GaAlInP有源层、p - GaP等结构层，以及光的传播（出射）路径；与文本中“改变LED几何形状以缩短光在内部反射路程”的技术对应，图中光的路径体现内部反射与出射过程，有源层、LED结构清晰可见。,"{""generated_question"":""凸版印刷的印版中，图文部分与空白部分的高度关系及位置要求是什么？"",""generated_answer"":""凸版印刷的印版中，图文部分高于空白部分且高低悬殊，同时图文部分需处于同一平面或同一半径弧的弧面上。"",""qa_reasoning"":null}","{""generated_question"":""倒金字塔形LED在加工时，切去四个下角后形成的斜面与垂直方向的夹角是多少？"",""generated_answer"":""35°"",""qa_reasoning"":null}",7,False,0.0,生成的问题与上下文所涉及的LED显示技术领域无关，答案内容也非上下文所涉及的知识，属于无依据的幻觉内容且不满足相关性要求。,True,1.0,答案严格基于上下文文本中“斜面与垂直方向的夹角为35°”的事实；问题聚焦于倒金字塔形LED加工时的具体角度参数，与显示技术（LED结构）紧密相关、可回答且具体，满足所有评估维度要求。,-1.0
/mnt/storage/dataset/PPVL_reuslts_CN/中文/wanfang202507/有机发光二极管显示(OLED)/OLED材料科学/平板显示/有机电致发光器件特性的改进/imgs/img_in_image_box_753_335_1391_996.jpg,diagram,0.99,图 4-3 xyz 制色度图,,与 rgb 计色制相类似，可将自然界所有颜色表示在 xy 直角坐标系中，这就是国际上通用的 cie 色度图，如图 4-3 所示。它的用途极广，是色度学中有用的工具。对于任意功率谱的彩色，其色度坐标可用式（4.19）和式（4.20）求出；或者先求它们的 rgb 制的色系数 r、g、b，然后再利用坐标变换成 x、y、z 或 x、y、z。各种颜色在色度图上的位置，可用图 4-3 所示的色域图表示，该图分成许多小区，每一小区代表一种颜色。各种颜色的色度，无论是用色度坐标或用主色波长和色纯度来表示，均需两个参量，方能确定。但对于谱色轨迹上的谱色光，因其色饱和度最高都等于 1，所以只需知其波长就能确定它的色度坐标。,['与 rgb 计色制相类似，可将自然界所有颜色表示在 xy 直角坐标系中，这就是国际上通用的 cie 色度图，如图 4-3 所示。它的用途极广，是色度学中有用的工具。对于任意功率谱的彩色，其色度坐标可用式（4.19）和式（4.20）求出；或者先求它们的 rgb 制的色系数 r、g、b，然后再利用坐标变换成 x、y、z 或 x、y、z。各种颜色在色度图上的位置，可用图 4-3 所示的色域图表示，该图分成许多小区，每一小区代表一种颜色。各种颜色的色度，无论是用色度坐标或用主色波长和色纯度来表示，均需两个参量，方能确定。但对于谱色轨迹上的谱色光，因其色饱和度最高都等于 1，所以只需知其波长就能确定它的色度坐标。'],"{
  ""diagrams"": [
    {
      ""id"": ""sub_diagram_1"",
      ""domain"": ""Spectroscopy / Color Spectrum"",
      ""summary"": ""A graph depicting the visible light spectrum with wavelength values and a note indicating white light is at the center."",
      ""entities"": [
        {""id"": ""e1"", ""label"": ""x-axis"", ""type"": ""Coordinate Axis"", ""text"": ""R"", ""location"": ""horizontal axis""},
        {""id"": ""e2"", ""label"": ""y-axis"", ""type"": ""Coordinate Axis"", ""text"": ""G"", ""location"": ""vertical axis""},
        {""id"": ""e3"", ""label"": ""Curve"", ""type"": ""Spectral Curve"", ""location"": ""center of plot""},
        {""id"": ""e4"", ""label"": ""Data Point 1"", ""type"": ""Data Point"", ""value"": ""400"", ""location"": ""bottom-left of curve""},
        {""id"": ""e5"", ""label"": ""Data Point 2"", ""type"": ""Data Point"", ""value"": ""480"", ""location"": ""left side of curve""},
        {""id"": ""e6"", ""label"": ""Data Point 3"", ""type"": ""Data Point"", ""value"": ""490"", ""location"": ""left side of curve""},
        {""id"": ""e7"", ""label"": ""Data Point 4"", ""type"": ""Data Point"", ""value"": ""500"", ""location"": ""left side of curve""},
        {""id"": ""e8"", ""label"": ""Data Point 5"", ""type"": ""Data Point"", ""value"": ""510"", ""location"": ""left side of curve""},
        {""id"": ""e9"", ""label"": ""Data Point 6"", ""type"": ""Data Point"", ""value"": ""520"", ""location"": ""peak of curve""},
        {""id"": ""e10"", ""label"": ""Data Point 7"", ""type"": ""Data Point"", ""value"": ""550"", ""location"": ""right side of curve""},
        {""id"": ""e11"", ""label"": ""Data Point 8"", ""type"": ""Data Point"", ""value"": ""580"", ""location"": ""right side of curve""},
        {""id"": ""e12"", ""label"": ""Data Point 9"", ""type"": ""Data Point"", ""value"": ""600"", ""location"": ""right side of curve""},
        {""id"": ""e13"", ""label"": ""Data Point 10"", ""type"": ""Data Point"", ""value"": ""700"", ""location"": ""bottom-right of curve""},
        {""id"": ""e14"", ""label"": ""Text Annotation 1"", ""type"": ""Text Label"", ""text"": ""白光的颜色在中心"", ""location"": ""center of curve""},
        {""id"": ""e15"", ""label"": ""Text Annotation 2"", ""type"": ""Text Label"", ""text"": ""实际不存在的光线"", ""location"": ""bottom-right of curve""}
      ],
      ""relations"": [
        {""source"": ""e1"", ""target"": ""e3"", ""type"": ""plots_along"", ""details"": ""x-axis represents wavelength""},
        {""source"": ""e2"", ""target"": ""e3"", ""type"": ""plots_along"", ""details"": ""y-axis represents intensity or magnitude""},
        {""source"": ""e3"", ""target"": ""e4"", ""type"": ""contains"", ""details"": ""curve passes through data point 400""},
        {""source"": ""e3"", ""target"": ""e5"", ""type"": ""contains"", ""details"": ""curve passes through data point 480""},
        {""source"": ""e3"", ""target"": ""e6"", ""type"": ""contains"", ""details"": ""curve passes through data point 490""},
        {""source"": ""e3"", ""target"": ""e7"", ""type"": ""contains"", ""details"": ""curve passes through data point 500""},
        {""source"": ""e3"", ""target"": ""e8"", ""type"": ""contains"", ""details"": ""curve passes through data point 510""},
        {""source"": ""e3"", ""target"": ""e9"", ""type"": ""contains"", ""details"": ""curve passes through data point 550""},
        {""source"": ""e3"", ""target"": ""e10"", ""type"": ""contains"", ""details"": ""curve passes through data point 580""},
        {""source"": ""e3"", ""target"": ""e11"", ""type"": ""contains"", ""details"": ""curve passes through data point 600""},
        {""source"": ""e3"", ""target"": ""e12"", ""type"": ""contains"", ""details"": ""curve passes through data point 700""},
        {""source"": ""e14"", ""target"": ""e3"", ""type"": ""annotates"", ""details"": ""indicates white light is at the center of the curve""},
        {""source"": ""e15"", ""target"": ""e3"", ""type"": ""annotates"", ""details"": ""indicates the region beyond 700 is 'actual non-existent light'""},
        {""source"": ""e1"", ""target"": ""e13"", ""type"": ""extends_to"", ""details"": ""x-axis extends to 700""}
      ]
    }
  ]
}",器件 (Devices)/类型 (Types)/OLED (有机发光二极管),0.95,有机发光二极管显示(OLED)/OLED材料科学/平板显示/有机电致发光器件特性的改进,"The path explicitly identifies the research focus as OLED device performance improvement, which is confirmed by the abstract discussing OLED efficiency, structure, and material analysis.","[""cie色度图"",""xy直角坐标系"",""波长"",""白光"",""rgb"",""谱色光""]",图片为CIE色度图（xy直角坐标系，x轴对应R、y轴对应G，B在原点），标注400 - 700nm波长点（谱色轨迹上的谱色光位置），中心标注‘白光的颜色在中心’，含‘实际不存在的光线’（谱外色线）。与文本中‘cie色度图’‘xy直角坐标系’‘波长’‘白光’‘rgb计色制’（图中R、G、B轴逻辑对应）‘谱色光’（波长点代表）等术语对应，直观呈现色度学中颜色的表示与参数关系。,"{""generated_question"":""谱色轨迹上的谱色光确定其色度坐标需要几个参量？"",""generated_answer"":""1个，只需知道其波长即可确定其色度坐标。"",""qa_reasoning"":null}","{""generated_question"":""为什么谱色轨迹上的谱色光只需知道波长就能确定其色度坐标？"",""generated_answer"":""因为谱色轨迹上的谱色光的色饱和度最高且都等于1，而确定颜色的色度通常需要两个参量，但谱色光由于色饱和度固定为1，因此只需知道其波长这一个参量就能确定其色度坐标。"",""qa_reasoning"":null}",8,True,1.0,问题聚焦于显示技术相关的色度学领域（谱色光色度坐标确定的参量数），答案严格依据上下文‘谱色轨迹上的谱色光只需知其波长就能确定色度坐标’得出，问题具体、可回答且答案无幻觉。,True,1.0,答案严格依据上下文内容，解释了谱色轨迹上的谱色光因色饱和度固定为1，而通常确定颜色色度需两个参量，故只需波长即可确定其色度坐标；问题与显示技术领域的色度学内容紧密相关，针对谱色光色度坐标确定的原因提问，具体且可回答。,0.0
/mnt/storage/dataset/PPVL_reuslts_CN/中文/wanfang202507/有机发光二极管显示(OLED)/OLED材料科学/平板显示/有机电致发光器件特性的改进/imgs/img_in_image_box_778_1850_1366_2345.jpg,diagram,0.99,图 1-6 电子与空穴在有机发光层中复合后的能量分配图,,无论怎样设计 el 器件的结构，载流子在所设计的复合区相遇时复合所释放的能量，只有少部分被用于荧光。图 1-6 中所表示的是一个简单的电子与空穴在有机发光层中复合后的能量分配图。,['无论怎样设计 el 器件的结构，载流子在所设计的复合区相遇时复合所释放的能量，只有少部分被用于荧光。图 1-6 中所表示的是一个简单的电子与空穴在有机发光层中复合后的能量分配图。'],"{
  ""diagrams"": [
    {
      ""id"": ""sub_diagram_1"",
      ""domain"": ""Quantum Physics / Semiconductor Physics"",
      ""summary"": ""A diagram illustrating the probability distribution of electrons and holes transitioning between different energy states (1S1, 3T0, 1S0) in the presence of impurities and the host material."",
      ""entities"": [
        {
          ""id"": ""e1"",
          ""label"": ""电子 + 空穴"",
          ""type"": ""Electron-Hole Pair"",
          ""location"": ""top-center""
        },
        {
          ""id"": ""e2"",
          ""label"": ""1S1"",
          ""type"": ""Energy State"",
          ""location"": ""middle-left""
        },
        {
          ""id"": ""e3"",
          ""label"": ""3T0"",
          ""type"": ""Energy State"",
          ""location"": ""middle-right""
        },
        {
          ""id"": ""e4"",
          ""label"": ""1S0"",
          ""type"": ""Energy State"",
          ""location"": ""bottom-center""
        },
        {
          ""id"": ""e5"",
          ""label"": ""掺杂剂"",
          ""type"": ""Dopant"",
          ""location"": ""bottom-left""
        },
        {
          ""id"": ""e6"",
          ""label"": ""基质"",
          ""type"": ""Host Material"",
          ""location"": ""bottom-right""
        }
      ],
      ""relations"": [
        {
          ""source"": ""e1"",
          ""target"": ""e2"",
          ""type"": ""probability_transition"",
          ""details"": ""Probability 1/4""
        },
        {
          ""source"": ""e1"",
          ""target"": ""e3"",
          ""type"": ""probability_transition"",
          ""details"": ""Probability 3/4""
        },
        {
          ""source"": ""e2"",
          ""target"": ""e4"",
          ""type"": ""transition"",
          ""details"": ""Downward transition""
        },
        {
          ""source"": ""e3"",
          ""target"": ""e4"",
          ""type"": ""transition"",
          ""details"": ""Downward transition""
        },
        {
          ""source"": ""e2"",
          ""target"": ""e5"",
          ""type"": ""transition"",
          ""details"": ""Downward transition""
        },
        {
          ""source"": ""e3"",
          ""target"": ""e6"",
          ""type"": ""transition"",
          ""details"": ""Downward transition""
        }
      ]
    }
  ]
}",器件 (Devices)/类型 (Types)/OLED (有机发光二极管),0.95,有机发光二极管显示(OLED)/OLED材料科学/平板显示/有机电致发光器件特性的改进,"The path explicitly identifies the research focus as OLED device performance improvement, which is confirmed by the abstract discussing OLED efficiency, structure, and material analysis.","[""电子"",""空穴"",""载流子"",""能量"",""能量分配图""]",图片展示电子与空穴（载流子）复合后的能量分配，含能量比例（1/4、3/4）、能级（¹S₁、¹S₀、³T₀）及能量去向（掺杂剂、基质）；文本描述载流子复合释放能量的分配，图片视觉元素（电子+空穴、能量分配结构）与文本中“电子”“空穴”“载流子”“能量”“能量分配图”对应（均在文本出现且图片有视觉依据）。,"{""generated_question"":""图1-6中电子与空穴在有机发光层复合后，释放的能量中用于荧光的占比情况如何？"",""generated_answer"":""图1-6中电子与空穴在有机发光层复合后，释放的能量只有少部分被用于荧光。"",""qa_reasoning"":null}","{""generated_question"":""图1-6中，电子与空穴在有机发光层复合后释放的能量，用于荧光的比例具有什么特征？"",""generated_answer"":""电子与空穴在有机发光层复合后释放的能量，只有少部分被用于荧光，即用于荧光的能量比例较低。"",""qa_reasoning"":null}",9,True,1.0,问题聚焦于显示技术领域中EL器件有机发光层内电子空穴复合后能量用于荧光的占比，与上下文匹配且具体；答案严格依据上下文‘只有少部分被用于荧光’得出，事实依据充分、可回答。,True,1.0,问题聚焦显示技术中EL器件有机发光层的能量分配，针对荧光能量比例特征，具体且相关；答案严格依据上下文‘只有少部分被用于荧光’得出，无幻觉，可回答性满足。,0.0
/mnt/storage/dataset/PPVL_reuslts_CN/中文/wanfang202507/有机发光二极管显示(OLED)/OLED材料科学/平板显示/有机电致发光器件特性的改进/imgs/img_in_image_box_651_1647_1470_2311.jpg,diagram,1.0,图 3-10 计算中所用的几何关系,,"原器件中虽然用了反射膜将侧面的光反射出来但是仍有一部分光（图3-10中灰色区域）在玻璃与空气的界面上发生全反射造成外量子效率的减小。用上文计算过的理论对其改进，即将玻璃衬底制成透镜形状，这样使 $ \alpha $ 角度范围内的光能有效输出。
为计算改进后的光输出特性，利用图3-10中所示的几何关系和参数。以q=0.7$ \left(q=r_{1}/h\right)\quad\beta=40^{\circ} $  为例 利用几何关系以及菲涅尔定律得出，透镜曲率半径 r 及厚度 a 与 h 的比例关系为 r/h=2.4; a/h=0.56 时就能消除 a 范围内的角的全反射。原子件光输出能量由两部分组成，一是锥形 conel 内的光能  $ p_{1} $ ，二是 cone3 内的光能  $ p_{2} $ 。总光能 p 为$$ p = p_{1} + p_{2} = \int_{0}^{2\pi} d\phi \int_{0}^{\theta_{1}} f(\theta) \sin\theta \, d\theta + \int_{0}^{2\pi} d\phi \int_{0}^{\theta_{2}} f(\theta) \sin\theta \, d\theta $$改进后的器件增加了 cone2 部分的光能，总光能 p 为$$ p=p_{1}+p_{2}+p_{3}=\int_{0}^{2\pi}d\phi\int_{0}^{\theta_{1}}f(\theta)\sin\theta d\theta+\int_{0}^{2\pi}d\phi\int_{\theta_{1}}^{\theta_{2}}f(\theta)\sin\theta d\theta+\int_{0}^{2\pi}d\phi\int_{\theta_{1}}^{\theta_{2}}f(\theta)d\theta, $$其中 $ f(\theta) $ 为$$ f(\theta) = \frac{n_{glass}^2 \cos \theta}{2 \pi n_{org}^2 \left[1 - \left(\frac{n_{glass}}{n_{org}} \sin \theta\right)^2\right]^{1/2}} $$计算表明，改进后的器件在  $ \theta_{c}=0.755; \theta_{1}=0.996; \theta_{2}=1.514 $  时得到最大的光输出，输出光能在原先的基础上提高了 31%。","['原器件中虽然用了反射膜将侧面的光反射出来但是仍有一部分光（图3-10中灰色区域）在玻璃与空气的界面上发生全反射造成外量子效率的减小。用上文计算过的理论对其改进，即将玻璃衬底制成透镜形状，这样使 $ \\alpha $ 角度范围内的光能有效输出。', '为计算改进后的光输出特性，利用图3-10中所示的几何关系和参数。以q=0.7$ \\left(q=r_{1}/h\\right)\\quad\\beta=40^{\\circ} $  为例 利用几何关系以及菲涅尔定律得出，透镜曲率半径 r 及厚度 a 与 h 的比例关系为 r/h=2.4; a/h=0.56 时就能消除 a 范围内的角的全反射。原子件光输出能量由两部分组成，一是锥形 conel 内的光能  $ p_{1} $ ，二是 cone3 内的光能  $ p_{2} $ 。总光能 p 为$$ p = p_{1} + p_{2} = \\int_{0}^{2\\pi} d\\phi \\int_{0}^{\\theta_{1}} f(\\theta) \\sin\\theta \\, d\\theta + \\int_{0}^{2\\pi} d\\phi \\int_{0}^{\\theta_{2}} f(\\theta) \\sin\\theta \\, d\\theta $$改进后的器件增加了 cone2 部分的光能，总光能 p 为$$ p=p_{1}+p_{2}+p_{3}=\\int_{0}^{2\\pi}d\\phi\\int_{0}^{\\theta_{1}}f(\\theta)\\sin\\theta d\\theta+\\int_{0}^{2\\pi}d\\phi\\int_{\\theta_{1}}^{\\theta_{2}}f(\\theta)\\sin\\theta d\\theta+\\int_{0}^{2\\pi}d\\phi\\int_{\\theta_{1}}^{\\theta_{2}}f(\\theta)d\\theta, $$其中 $ f(\\theta) $ 为$$ f(\\theta) = \\frac{n_{glass}^2 \\cos \\theta}{2 \\pi n_{org}^2 \\left[1 - \\left(\\frac{n_{glass}}{n_{org}} \\sin \\theta\\right)^2\\right]^{1/2}} $$计算表明，改进后的器件在  $ \\theta_{c}=0.755; \\theta_{1}=0.996; \\theta_{2}=1.514 $  时得到最大的光输出，输出光能在原先的基础上提高了 31%。']","{
  ""diagrams"": [
    {
      ""id"": ""sub_diagram_1"",
      ""domain"": ""3D Geometry"",
      ""summary"": ""A geometric diagram showing three cones and their dimensional relationships, including labeled angles and radii."",
      ""entities"": [
        {""id"": ""e1"", ""label"": ""Cone1"", ""type"": ""Cone"", ""location"": ""bottom""},
        {""id"": ""e2"", ""label"": ""Cone2"", ""type"": ""Cone"", ""location"": ""middle-left""},
        {""id"": ""e3"", ""label"": ""Cone3"", ""type"": ""Cone"", ""location"": ""top""},
        {""id"": ""e4"", ""label"": ""Rt"", ""type"": ""Dimension Label"", ""value"": ""Rt"", ""location"": ""top-right""},
        {""id"": ""e5"", ""label"": ""h"", ""type"": ""Dimension Label"", ""value"": ""h"", ""location"": ""right""},
        {""id"": ""e6"", ""label"": ""β"", ""type"": ""Angle Label"", ""location"": ""top""},
        {""id"": ""e7"", ""label"": ""α"", ""type"": ""Angle Label"", ""location"": ""middle-left""},
        {""id"": ""e8"", ""label"": ""θ"", ""type"": ""Angle Label"", ""location"": ""middle""},
        {""id"": ""e9"", ""label"": ""c"", ""type"": ""Dimension Label"", ""value"": ""c"", ""location"": ""middle""},
        {""id"": ""e10"", ""label"": ""a"", ""type"": ""Dimension Label"", ""value"": ""a"", ""location"": ""middle-left""},
        {""id"": ""e11"", ""label"": ""b"", ""type"": ""Dimension Label"", ""value"": ""b"", ""location"": ""middle""},
        {""id"": ""e12"", ""label"": ""A"", ""type"": ""Dimension Label"", ""value"": ""A"", ""location"": ""right""},
        {""id"": ""e13"", ""label"": ""B"", ""type"": ""Dimension Label"", ""value"": ""B"", ""location"": ""right""}
      ],
      ""relations"": [
        {""source"": ""e1"", ""target"": ""e2"", ""type"": ""adjacent_to"", ""details"": ""Cone1 is adjacent to Cone2""},
        {""source"": ""e2"", ""target"": ""e3"", ""type"": ""adjacent_to"", ""details"": ""Cone2 is adjacent to Cone3""},
        {""source"": ""e1"", ""target"": ""e3"", ""type"": ""part_of"", ""details"": ""Cone1, Cone2, and Cone3 are part of the same geometric structure""},
        {""source"": ""e1"", ""target"": ""e4"", ""type"": ""dimensional_relation"", ""details"": ""Rt is a dimension related to the top radius of Cone3""},
        {""source"": ""e1"", ""target"": ""e5"", ""type"": ""dimensional_relation"", ""details"": ""h is the height dimension of the entire structure""},
        {""source"": ""e1"", ""target"": ""e6"", ""type"": ""angle_relation"", ""details"": ""β is an angle at the apex of the top cone""},
        {""source"": ""e2"", ""target"": ""e7"", ""type"": ""angle_relation"", ""details"": ""α is an angle associated with Cone2""},
        {""source"": ""e2"", ""target"": ""e8"", ""type"": ""angle_relation"", ""details"": ""θ is an angle associated with Cone2""},
        {""source"": ""e2"", ""target"": ""e9"", ""type"": ""dimensional_relation"", ""details"": ""c is a dimension associated with Cone2""},
        {""source"": ""e2"", ""target"": ""e10"", ""type"": ""dimensional_relation"", ""details"": ""a is a dimension associated with Cone2""},
        {""source"": ""e2"", ""target"": ""e11"", ""type"": ""dimensional_relation"", ""details"": ""b is a dimension associated with Cone2""},
        {""source"": ""e3"", ""target"": ""e12"", ""type"": ""dimensional_relation"", ""details"": ""A is a dimension associated with Cone3""},
        {""source"": ""e3"", ""target"": ""e13"", ""type"": ""dimensional_relation"", ""details"": ""B is a dimension associated with Cone3""}
      ]
    }
  ]
}",器件 (Devices)/类型 (Types)/OLED (有机发光二极管),0.95,有机发光二极管显示(OLED)/OLED材料科学/平板显示/有机电致发光器件特性的改进,"The path explicitly identifies the research focus as OLED device performance improvement, which is confirmed by the abstract discussing OLED efficiency, structure, and material analysis.",,,"{""generated_question"":""ITO纳米线的生长过程依次经历哪些阶段？"",""generated_answer"":""ITO纳米线的生长过程依次为：①在Si基底上形成ITO薄膜；②溅射时间延长，形成大的球形In颗粒（基于ITO薄膜）；③以In颗粒为基础，纳米棒逐渐形成；④In - Sn合金出现后，ITO纳米线开始生长；⑤纳米线长度足够长时交织成网络，最终纳米棒被纳米线覆盖。"",""qa_reasoning"":null}","{""generated_question"":""当θ_c=0.755、θ₁=0.996、θ₂=1.514时，改进后的器件光输出相比原器件提高了多少百分比？"",""generated_answer"":""31%"",""qa_reasoning"":null}",10,False,0.0,上下文内容围绕显示技术中器件的光输出改进（如反射膜、透镜形状设计、光输出能量计算等）展开，未涉及ITO纳米线的生长过程相关信息，答案存在幻觉；且问题（关于ITO纳米线生长阶段）与上下文的显示技术主题不相关。,True,1.0,问题聚焦显示技术中器件光输出改进的具体参数（θ_c、θ₁、θ₂）下的提升百分比，与显示技术紧密相关且匹配上下文；答案“31%”严格来自上下文的计算结论，有事实依据；仅凭上下文即可回答，可回答性满足；问题针对具体参数下的提升比例，具体性达标。,-1.0
/mnt/storage/dataset/PPVL_reuslts_CN/中文/wanfang202507/有机发光二极管显示(OLED)/OLED材料科学/平板显示/有机电致发光器件特性的改进/imgs/img_in_image_box_1085_2005_1620_2379.jpg,diagram,0.99,图 1-3 双层 el 器件结构图,(b) 空穴导电型材料,如果发光材料是电子导电型的有机分子，则在它和阳极之间配以空穴导电型分子(如图1-3a)，如果发光材料是空穴导电型有机分子，则在它和阴极之间配以电子导电型的分子(如图1-3b)。因为当复合区越靠近电极就越容易使发光被猝灭，影响有机物的有效发光，这样会使电子与空穴的复合区自然的远离某一电极，从而避免了电极猝灭。另外，传输层还起着阻挡载流子的作用，这样更有利于控制空穴和电子在发光层复合，得到所需要的发光颜色 $ ^{[31]} $ 。美国kodak公司首先提出了双层有机膜结构，有效的解决了电子和空穴的复合区远离电极和平衡载流子注入速率问题，提高了有机el器件的发光效率。,['如果发光材料是电子导电型的有机分子，则在它和阳极之间配以空穴导电型分子(如图1-3a)，如果发光材料是空穴导电型有机分子，则在它和阴极之间配以电子导电型的分子(如图1-3b)。因为当复合区越靠近电极就越容易使发光被猝灭，影响有机物的有效发光，这样会使电子与空穴的复合区自然的远离某一电极，从而避免了电极猝灭。另外，传输层还起着阻挡载流子的作用，这样更有利于控制空穴和电子在发光层复合，得到所需要的发光颜色 $ ^{[31]} $ 。美国kodak公司首先提出了双层有机膜结构，有效的解决了电子和空穴的复合区远离电极和平衡载流子注入速率问题，提高了有机el器件的发光效率。'],"{
  ""diagrams"": [
    {
      ""id"": ""sub_diagram_1"",
      ""domain"": ""Organic Chemistry / OLED Structure"",
      ""summary"": ""A layered structure of an OLED (Organic Light-Emitting Diode) device, showing its main components from bottom to top."",
      ""entities"": [
        {
          ""id"": ""e1"",
          ""label"": ""玻璃衬底"",
          ""type"": ""Substrate"",
          ""location"": ""bottom layer""
        },
        {
          ""id"": ""e2"",
          ""label"": ""ITO"",
          ""type"": ""Electrode"",
          ""location"": ""second from bottom""
        },
        {
          ""id"": ""e3"",
          ""label"": ""传导空穴的发光层"",
          ""type"": ""Emissive Layer"",
          ""location"": ""third from bottom""
        },
        {
          ""id"": ""e4"",
          ""label"": ""电子传输层"",
          ""type"": ""Electron Transport Layer"",
          ""location"": ""fourth from bottom""
        },
        {
          ""id"": ""e5"",
          ""label"": ""阴极"",
          ""type"": ""Cathode"",
          ""location"": ""top layer""
        }
      ],
      ""relations"": [
        {
          ""source"": ""e1"",
          ""target"": ""e2"",
          ""type"": ""stacked_on"",
          ""details"": ""Glass substrate supports ITO layer""
        },
        {
          ""source"": ""e2"",
          ""target"": ""e3"",
          ""type"": ""stacked_on"",
          ""details"": ""ITO layer is below the hole-transporting emissive layer""
        },
        {
          ""source"": ""e3"",
          ""target"": ""e4"",
          ""type"": ""stacked_on"",
          ""details"": ""Hole-transporting emissive layer is below the electron transport layer""
        },
        {
          ""source"": ""e4"",
          ""target"": ""e5"",
          ""type"": ""stacked_on"",
          ""details"": ""Electron transport layer is below the cathode""
        }
      ]
    }
  ]
}",器件 (Devices)/类型 (Types)/OLED (有机发光二极管),0.95,有机发光二极管显示(OLED)/OLED材料科学/平板显示/有机电致发光器件特性的改进,"The path explicitly identifies the research focus as OLED device performance improvement, which is confirmed by the abstract discussing OLED efficiency, structure, and material analysis.",,,"{""generated_question"":""有机电致发光通常包含哪几个过程？"",""generated_answer"":""有机电致发光通常包括5个过程，分别是载流子的注入、载流子的传输、激子的形成、激子的迁移、电致发光过程。"",""qa_reasoning"":null}","{""generated_question"":""当发光材料为电子导电型有机分子时，双层EL器件中该发光材料与阳极之间的传输层材料具有什么导电类型？"",""generated_answer"":""空穴导电型"",""qa_reasoning"":null}",11,False,0.2,提供的上下文主要介绍有机EL器件的双层有机膜结构（传输层与发光层的配合）、传输层的作用（阻挡载流子、控制复合区远离电极、平衡载流子注入速率）及Kodak公司双层结构的贡献，**未提及有机电致发光的具体过程（如载流子注入、传输、激子形成等）**。答案中关于“5个过程”的内容在上下文中无依据，属于幻觉；且上下文未涉及电致发光过程的步骤，无法从现有信息推导出答案，可回答性不满足。,True,1.0,问题聚焦显示技术领域的有机EL器件传输层导电类型，具有针对性；答案严格依据上下文“发光材料是电子导电型的有机分子时，其与阳极之间配以空穴导电型分子”得出，事实依据充分、可回答性强。,-0.8
/mnt/storage/dataset/PPVL_reuslts_CN/中文/wanfang202507/有机发光二极管显示(OLED)/OLED材料科学/平板显示/有机电致发光器件特性的改进/imgs/img_in_image_box_1298_509_1850_1053.jpg,diagram,0.99,图 1-5 多层 el 器件结构,,在实际的器件设计中，为了使有机 el 器件的各项性能最优，充分地发挥各个功能层的作用，通常采用如图 1-5 所示的多层器件结构。这种器件结构不但保证了有机 el 功能层与玻璃间的良好附着性，而且还使来自阳极和金属阴极的载流子更容易注入到有机功能薄膜中 $ ^{[32]} $ 。,['在实际的器件设计中，为了使有机 el 器件的各项性能最优，充分地发挥各个功能层的作用，通常采用如图 1-5 所示的多层器件结构。这种器件结构不但保证了有机 el 功能层与玻璃间的良好附着性，而且还使来自阳极和金属阴极的载流子更容易注入到有机功能薄膜中 $ ^{[32]} $ 。'],"{
  ""diagrams"": [
    {
      ""id"": ""sub_diagram_1"",
      ""domain"": ""Organic Light-Emitting Diode (OLED) Structure"",
      ""summary"": ""A cross-sectional diagram of an OLED device showing layered structure from bottom to top."",
      ""entities"": [
        {
          ""id"": ""e1"",
          ""label"": ""玻璃衬底"",
          ""type"": ""Substrate"",
          ""location"": ""bottom""
        },
        {
          ""id"": ""e2"",
          ""label"": ""ITO"",
          ""type"": ""Electrode"",
          ""location"": ""below the hole injection layer""
        },
        {
          ""id"": ""e3"",
          ""label"": ""空穴注入层"",
          ""type"": ""Layer"",
          ""location"": ""above ITO""
        },
        {
          ""id"": ""e4"",
          ""label"": ""空穴传输层"",
          ""type"": ""Layer"",
          ""location"": ""above hole injection layer""
        },
        {
          ""id"": ""e5"",
          ""label"": ""发光层"",
          ""type"": ""Layer"",
          ""location"": ""above hole transport layer""
        },
        {
          ""id"": ""e6"",
          ""label"": ""电子传输层"",
          ""type"": ""Layer"",
          ""location"": ""above emissive layer""
        },
        {
          ""id"": ""e7"",
          ""label"": ""电子注入层"",
          ""type"": ""Layer"",
          ""location"": ""above electron transport layer""
        },
        {
          ""id"": ""e8"",
          ""label"": ""阴极"",
          ""type"": ""Electrode"",
          ""location"": ""top""
        }
      ],
      ""relations"": [
        {
          ""source"": ""e1"",
          ""target"": ""e2"",
          ""type"": ""stacked_on"",
          ""details"": ""Glass substrate supports ITO layer""
        },
        {
          ""source"": ""e2"",
          ""target"": ""e3"",
          ""type"": ""stacked_on"",
          ""details"": ""ITO layer is below hole injection layer""
        },
        {
          ""source"": ""e3"",
          ""target"": ""e4"",
          ""type"": ""stacked_on"",
          ""details"": ""Hole injection layer is below hole transport layer""
        },
        {
          ""source"": ""e4"",
          ""target"": ""e5"",
          ""type"": ""stacked_on"",
          ""details"": ""Hole transport layer is below emissive layer""
        },
        {
          ""source"": ""e5"",
          ""target"": ""e6"",
          ""type"": ""stacked_on"",
          ""details"": ""Emissive layer is below electron transport layer""
        },
        {
          ""source"": ""e6"",
          ""target"": ""e7"",
          ""type"": ""stacked_on"",
          ""details"": ""Electron transport layer is below electron injection layer""
        },
        {
          ""source"": ""e7"",
          ""target"": ""e8"",
          ""type"": ""stacked_on"",
          ""details"": ""Electron injection layer is below cathode""
        }
      ]
    }
  ]
}",器件 (Devices)/类型 (Types)/OLED (有机发光二极管),0.95,有机发光二极管显示(OLED)/OLED材料科学/平板显示/有机电致发光器件特性的改进,"The path explicitly identifies the research focus as OLED device performance improvement, which is confirmed by the abstract discussing OLED efficiency, structure, and material analysis.","[""有机el器件"",""多层器件结构"",""功能层"",""玻璃"",""阳极"",""阴极"",""载流子""]",图片展示了有机EL器件的多层结构（含玻璃衬底、ITO、空穴注入层、空穴传输层、发光层、电子传输层、电子注入层、阴极等功能层）；文本说明该多层结构用于优化有机EL器件性能，保证功能层与玻璃的附着性并促进载流子注入。关键词对应文本术语（如有机el器件、多层结构、功能层等）与图片结构元素（玻璃、阳极、阴极等）。,"{""generated_question"":""本视野仪标定时，光强亮度被划分为多少级？每级的光强变化量是多少？"",""generated_answer"":""本视野仪标定时将光强亮度分为21级，每一级的光强变化量为1分贝（db）。"",""qa_reasoning"":null}","{""generated_question"":""多层有机EL器件结构的作用有哪些？"",""generated_answer"":""多层有机EL器件结构的作用包括：一是保证有机EL功能层与玻璃间的良好附着性；二是使来自阳极和金属阴极的载流子更容易注入到有机功能薄膜中。"",""qa_reasoning"":null}",12,False,0.0,提供的上下文介绍的是有机el器件的多层结构，与视野仪的光强亮度分级无关，问题和答案的内容在上下文中无依据，答案属于幻觉，且问题与上下文主题不相关。,True,1.0,答案严格依据上下文文本，准确回答了多层有机EL器件结构的作用，问题与显示技术（有机EL器件）紧密相关且可通过上下文推导得出答案，内容具体明确，无幻觉内容。,-1.0
/mnt/storage/dataset/PPVL_reuslts_CN/中文/wanfang202507/有机发光二极管显示(OLED)/OLED材料科学/平板显示/有机电致发光器件特性的改进/imgs/img_in_image_box_796_817_1340_1095.jpg,diagram,0.99,图 1-2 单层 el 器件结构图,,"在器件的正极和负极间，制作由一种或数种物质（混合）组成的发光层，这种结构(如图1-2)在聚合物el中较为常见 $ ^{[28,29]} $ 。1990年英国人以共轭高分子聚对苯乙炔（ppv）作为发光层，以ito及al（7~15nm）为电极，用正向偏压10v得到了电致发光。他们认为在电致发光中，电子及空穴分别从阴极和阳极注入，在ppv中复合，然后导致发光。","['在器件的正极和负极间，制作由一种或数种物质（混合）组成的发光层，这种结构(如图1-2)在聚合物el中较为常见 $ ^{[28,29]} $ 。1990年英国人以共轭高分子聚对苯乙炔（ppv）作为发光层，以ito及al（7~15nm）为电极，用正向偏压10v得到了电致发光。他们认为在电致发光中，电子及空穴分别从阴极和阳极注入，在ppv中复合，然后导致发光。']","{
  ""diagrams"": [
    {
      ""id"": ""sub_diagram_1"",
      ""domain"": ""Organic Chemistry / Display Technology"",
      ""summary"": ""A cross-sectional diagram of an OLED (Organic Light-Emitting Diode) structure, showing layered components from bottom to top."",
      ""entities"": [
        {
          ""id"": ""e1"",
          ""label"": ""玻璃衬底"",
          ""type"": ""Substrate"",
          ""value"": null,
          ""location"": ""bottom layer""
        },
        {
          ""id"": ""e2"",
          ""label"": ""ITO"",
          ""type"": ""Electrode"",
          ""value"": null,
          ""location"": ""second from bottom""
        },
        {
          ""id"": ""e3"",
          ""label"": ""发光层"",
          ""type"": ""Emissive Layer"",
          ""value"": null,
          ""location"": ""middle layer""
        },
        {
          ""id"": ""e4"",
          ""label"": ""阴极"",
          ""type"": ""Cathode"",
          ""value"": null,
          ""location"": ""top layer""
        },
        {
          ""id"": ""e5"",
          ""label"": ""电源符号"",
          ""type"": ""Power Source"",
          ""value"": null,
          ""location"": ""left side""
        }
      ],
      ""relations"": [
        {
          ""source"": ""e1"",
          ""target"": ""e2"",
          ""type"": ""layered_on"",
          ""details"": ""ITO is deposited on the glass substrate.""
        },
        {
          ""source"": ""e2"",
          ""target"": ""e3"",
          ""type"": ""layered_on"",
          ""details"": ""Emissive layer is deposited on the ITO electrode.""
        },
        {
          ""source"": ""e3"",
          ""target"": ""e4"",
          ""type"": ""layered_on"",
          ""details"": ""Cathode is deposited on the emissive layer.""
        },
        {
          ""source"": ""e5"",
          ""target"": ""e4"",
          ""type"": ""electrically_connected"",
          ""details"": ""Power source connects to the cathode.""
        },
        {
          ""source"": ""e5"",
          ""target"": ""e2"",
          ""type"": ""electrically_connected"",
          ""details"": ""Power source connects to the ITO electrode (anode).""
        }
      ]
    }
  ]
}",器件 (Devices)/类型 (Types)/OLED (有机发光二极管),0.95,有机发光二极管显示(OLED)/OLED材料科学/平板显示/有机电致发光器件特性的改进,"The path explicitly identifies the research focus as OLED device performance improvement, which is confirmed by the abstract discussing OLED efficiency, structure, and material analysis.","[""玻璃衬底"",""ITO"",""发光层"",""阴极"",""电极""]",图片展示电致发光器件的层状结构，从下到上依次为玻璃衬底、ITO（阳极）、发光层、阴极（电极），与文本中‘正极和负极间制作发光层’的器件结构对应。文本中的‘发光层’‘ITO’‘阴极’（作为电极）、‘玻璃衬底’（器件结构组成）及‘电极’（ITO、阴极构成电极）在图中有视觉体现，‘聚对苯乙炔’‘Al’等无视觉依据故排除。,"{""generated_question"":""对于由圆柱和半球形针尖组成的金属表面凸起，若凸起高度h为20nm，半球形针尖的半径r为2nm，其电场增强因子β约为多少？"",""generated_answer"":""该凸起的电场增强因子β约为12。"",""qa_reasoning"":null}","{""generated_question"":""1990年英国人制备的电致发光器件中，发光层的材料是什么？"",""generated_answer"":""1990年英国人制备的电致发光器件中，发光层的材料是共轭高分子聚对苯乙炔（PPV）。"",""qa_reasoning"":null}",13,False,0.0,生成的问题和答案涉及的金属表面凸起、电场增强因子等内容，在提供的上下文（关于电致发光器件结构与原理）中无任何相关信息，属于无事实依据的幻觉，问答对质量差。,True,1.0,答案严格依据上下文信息，准确回答了问题；问题聚焦于1990年英国人制备的电致发光器件的发光层材料，与显示技术领域相关且具体，基于上下文可明确回答。,-1.0
/mnt/storage/dataset/PPVL_reuslts_CN/中文/wanfang202507/有机发光二极管显示(OLED)/OLED材料科学/平板显示/有机电致发光器件特性的改进/imgs/img_in_image_box_737_1398_1271_1822.jpg,diagram,0.99,图1-7 oel三层电致发光器件中的能级图,,有机电致发光器件的典型结构如图 1-4 所示，在透明电极（ito 膜，阳极）上，由有空穴传输层 htl、有机发光层 eml、有机电子传输层 etl 及金属背电极（阴极）等组成。图 1-7 是其相应的能级图。,['有机电致发光器件的典型结构如图 1-4 所示，在透明电极（ito 膜，阳极）上，由有空穴传输层 htl、有机发光层 eml、有机电子传输层 etl 及金属背电极（阴极）等组成。图 1-7 是其相应的能级图。'],"{
  ""diagrams"": [
    {
      ""id"": ""sub_diagram_1"",
      ""domain"": ""Organic Chemistry / OLED Structure"",
      ""summary"": ""A schematic diagram of an organic light-emitting diode (OLED) structure showing layers and energy levels."",
      ""entities"": [
        {""id"": ""e1"", ""label"": ""ITO"", ""type"": ""Electrode"", ""location"": ""left side""},
        {""id"": ""e2"", ""label"": ""HTL"", ""type"": ""Layer"", ""location"": ""left side""},
        {""id"": ""e3"", ""label"": ""h1"", ""type"": ""Energy Level"", ""location"": ""between HTL and EL"", ""text"": ""h1""},
        {""id"": ""e4"", ""label"": ""EL"", ""type"": ""Layer"", ""text"": ""发光层"", ""location"": ""center"", ""description"": ""Emissive Layer""},
        {""id"": ""e5"", ""label"": ""LUMO"", ""type"": ""Energy Level"", ""location"": ""top of EL"", ""description"": ""Lowest Unoccupied Molecular Orbital""},
        {""id"": ""e6"", ""label"": ""HOMO"", ""type"": ""Energy Level"", ""location"": ""bottom of EL"", ""description"": ""Highest Occupied Molecular Orbital""},
        {""id"": ""e7"", ""label"": ""ETL"", ""type"": ""Layer"", ""location"": ""right side""},
        {""id"": ""e8"", ""label"": ""h2"", ""type"": ""Energy Level"", ""location"": ""between ETL and MgAg"", ""text"": ""h2""},
        {""id"": ""e9"", ""label"": ""MgAg"", ""type"": ""Electrode"", ""location"": ""right side""}
      ],
      ""relations"": [
        {""source"": ""e1"", ""target"": ""e2"", ""type"": ""layer_on_top_of"", ""details"": ""ITO is connected to HTL""},
        {""source"": ""e2"", ""target"": ""e4"", ""type"": ""layer_on_top_of"", ""details"": ""HTL is connected to EL""},
        {""source"": ""e4"", ""target"": ""e7"", ""type"": ""layer_on_top_of"", ""details"": ""EL is connected to ETL""},
        {""source"": ""e7"", ""target"": ""e9"", ""type"": ""layer_on_top_of"", ""details"": ""ETL is connected to MgAg""},
        {""source"": ""e3"", ""target"": ""e4"", ""type"": ""energy_level_associated_with"", ""details"": ""h1 is associated with HTL/EL interface""},
        {""source"": ""e8"", ""target"": ""e7"", ""type"": ""energy_level_associated_with"", ""details"": ""h2 is associated with ETL/MgAg interface""},
        {""source"": ""e5"", ""target"": ""e4"", ""type"": ""energy_level_associated_with"", ""details"": ""LUMO is associated with top of EL""},
        {""source"": ""e6"", ""target"": ""e4"", ""type"": ""energy_level_associated_with"", ""details"": ""HOMO is associated with bottom of EL""}
      ]
    }
  ]
}",器件 (Devices)/类型 (Types)/OLED (有机发光二极管),0.95,有机发光二极管显示(OLED)/OLED材料科学/平板显示/有机电致发光器件特性的改进,"The path explicitly identifies the research focus as OLED device performance improvement, which is confirmed by the abstract discussing OLED efficiency, structure, and material analysis.","[""ITO"",""HTL"",""EL发光层"",""ETL"",""LUMO"",""HOMO"",""MgAg""]",图片展示有机电致发光器件的能级结构，包含透明电极（ITO）、空穴传输层（HTL）、有机发光层（EL）、电子传输层（ETL）、金属背电极（MgAg），并标注能级LUMO、HOMO，与文本描述的器件结构（ITO、HTL、EML、ETL、金属背电极）及能级图（LUMO、HOMO）对应。,"{""generated_question"":""在OEL三层电致发光器件的能级图中，空穴传输层（HTL）的HOMO能级和电子传输层（ETL）的LUMO能级分别与发光层（EML）的HOMO、LUMO能级有何关系，以促进载流子在EML中复合？"",""generated_answer"":""HTL的HOMO能级略高于（或等于）EML的HOMO能级，ETL的LUMO能级略低于（或等于）EML的LUMO能级。这样的设计使空穴被限制在EML的HOMO（难返回HTL）、电子被限制在EML的LUMO（难返回ETL），从而促进两者在EML中复合发光。"",""qa_reasoning"":null}","{""generated_question"":""图1-7的OEL三层电致发光器件能级图中，空穴传输层（HTL）的HOMO能级与有机发光层（EML）的HOMO能级需满足什么关系以保证空穴有效传输？"",""generated_answer"":""HTL的HOMO能级通常**高于（能量值更正，即能量更高）或等于**EML的HOMO能级，以减小空穴从HTL注入到EML的能垒，促进空穴传输。"",""qa_reasoning"":null}",14,True,0.9,问题聚焦有机电致发光器件（显示技术）的能级设计原理，与上下文（含能级图）强相关；答案基于显示技术专业知识（能级匹配促进载流子复合的标准设计逻辑），无幻觉，清晰解释了能级关系对载流子限制与复合的作用，满足事实依据、相关性、可回答性与具体性要求。,True,1.0,问题聚焦显示技术领域的有机电致发光器件中HTL与EML的HOMO能级关系（具体技术原理），答案基于该领域原理，说明HTL的HOMO能级需高于或等于EML的HOMO能级以减小空穴注入能垒，事实依据充分、相关性强、可回答且问题具体，符合所有评估维度。,-0.09999999999999998
/mnt/storage/dataset/PPVL_reuslts_CN/中文/wanfang202507/有机发光二极管显示(OLED)/OLED材料科学/平板显示/新型含三苯胺基团有机电致发光材料的合成及性能研究/imgs/img_in_image_box_366_1778_1944_2352.jpg,diagram,0.99,图 3.1 化合物 p1 的分子结构图,,"为了进一步对合成的化合物 p1 的结构有进一步的认识，我们利用溶剂挥发法培养出了化合物 1,4-二甲基-2,5-二（（4-n,n'-二苯基）氨基-苯乙烯基）苯(p1)的单晶，并用 x-射线单晶衍射仪进行测试。经 x-单晶衍射法确定了其单晶结构，结构分析表明，晶体属于三斜晶系，空间群 p-1，晶胞参数： $ a=9.1757(19) $  nm,  $ b=9.494(2) $  nm,  $ c=12.222(3) $  nm,  $ \alpha=101.680(8)^{\circ}\beta=94.453(7)^{\circ}\gamma=118.483(7)^{\circ} $ ,  $ v=897.4(4) $  nm $ ^{3} $ , z=1, d $ _{c} $ =1.189 g/cm $ ^{3} $ , mu=0.069 mm $ ^{-1} $ , f(000)=340,  $ \lambda=0.71073 $ 。图 3.1 和图 3.2 分别为化合物 p1 的分子结构图和晶胞图。表 3.1，3.2，3.3 中分别为主要的键长、键角、二面角数据。
(c)1994-2021 china academic journal electronic publishing house. all rights reserved. http://www.cnki.net结合图 3.1、3.2 和表 3.1、3.2、3.3 中的数据可以看出，化合物 p1 的分子结构具有良好的对称性。分子中间的苯环与三苯胺基团中通过单双键相连的苯环具有很好的共面性。其中连接中间苯环和三苯胺基团苯环的碳碳单键与碳碳双键的键长平均化程度都很明显，都表现出了明显的共轭特征，这就说明这种分子的共轭性效果很好。三苯胺结构中三个苯环之间的夹角分别为：35.08°、38.42°和 55.35°，表现出一种类似于螺旋桨状的结构。这种非共面的共轭分子结构能够有效地降低化合物在分子态时的聚集作用，从而有效地降低分子在固体状态时发生紧密堆积的可能性。","[""为了进一步对合成的化合物 p1 的结构有进一步的认识，我们利用溶剂挥发法培养出了化合物 1,4-二甲基-2,5-二（（4-n,n'-二苯基）氨基-苯乙烯基）苯(p1)的单晶，并用 x-射线单晶衍射仪进行测试。经 x-单晶衍射法确定了其单晶结构，结构分析表明，晶体属于三斜晶系，空间群 p-1，晶胞参数： $ a=9.1757(19) $  nm,  $ b=9.494(2) $  nm,  $ c=12.222(3) $  nm,  $ \\alpha=101.680(8)^{\\circ}\\beta=94.453(7)^{\\circ}\\gamma=118.483(7)^{\\circ} $ ,  $ v=897.4(4) $  nm $ ^{3} $ , z=1, d $ _{c} $ =1.189 g/cm $ ^{3} $ , mu=0.069 mm $ ^{-1} $ , f(000)=340,  $ \\lambda=0.71073 $ 。图 3.1 和图 3.2 分别为化合物 p1 的分子结构图和晶胞图。表 3.1，3.2，3.3 中分别为主要的键长、键角、二面角数据。"", '(c)1994-2021 china academic journal electronic publishing house. all rights reserved. http://www.cnki.net结合图 3.1、3.2 和表 3.1、3.2、3.3 中的数据可以看出，化合物 p1 的分子结构具有良好的对称性。分子中间的苯环与三苯胺基团中通过单双键相连的苯环具有很好的共面性。其中连接中间苯环和三苯胺基团苯环的碳碳单键与碳碳双键的键长平均化程度都很明显，都表现出了明显的共轭特征，这就说明这种分子的共轭性效果很好。三苯胺结构中三个苯环之间的夹角分别为：35.08°、38.42°和 55.35°，表现出一种类似于螺旋桨状的结构。这种非共面的共轭分子结构能够有效地降低化合物在分子态时的聚集作用，从而有效地降低分子在固体状态时发生紧密堆积的可能性。']","{
  ""diagrams"": [
    {
      ""id"": ""sub_diagram_1"",
      ""domain"": ""Organic Chemistry"",
      ""summary"": ""A complex organic molecule with multiple rings and substituents, labeled with carbon atom identifiers."",
      ""entities"": [
        {
          ""id"": ""e1"",
          ""label"": ""C1"",
          ""type"": ""Carbon Atom"",
          ""location"": ""left side of molecule""
        },
        {
          ""id"": ""e2"",
          ""label"": ""C2"",
          ""type"": ""Carbon Atom"",
          ""location"": ""left side of molecule""
        },
        {
          ""id"": ""e3"",
          ""label"": ""C3"",
          ""type"": ""Carbon Atom"",
          ""location"": ""middle of molecule""
        },
        {
          ""id"": ""e4"",
          ""label"": ""C4"",
          ""type"": ""Carbon Atom"",
          ""location"": ""middle of molecule""
        },
        {
          ""id"": ""e5"",
          ""label"": ""C5"",
          ""type"": ""Carbon Atom"",
          ""location"": ""middle of molecule""
        },
        {
          ""id"": ""e6"",
          ""label"": ""C6"",
          ""type"": ""Carbon Atom"",
          ""location"": ""middle of molecule""
        },
        {
          ""id"": ""e7"",
          ""label"": ""C7"",
          ""type"": ""Carbon Atom"",
          ""location"": ""middle of molecule""
        },
        {
          ""id"": ""e8"",
          ""label"": ""C8"",
          ""type"": ""Carbon Atom"",
          ""location"": ""middle of molecule""
        },
        {
          ""id"": ""e9"",
          ""label"": ""C9"",
          ""type"": ""Carbon Atom"",
          ""location"": ""middle of molecule""
        },
        {
          ""id"": ""e10"",
          ""label"": ""C10"",
          ""type"": ""Carbon Atom"",
          ""location"": ""middle of molecule""
        },
        {
          ""id"": ""e11"",
          ""label"": ""C11"",
          ""type"": ""Carbon Atom"",
          ""location"": ""middle of molecule""
        },
        {
          ""id"": ""e12"",
          ""label"": ""C12"",
          ""type"": ""Carbon Atom"",
          ""location"": ""middle of molecule""
        },
        {
          ""id"": ""e13"",
          ""label"": ""C13"",
          ""type"": ""Carbon Atom"",
          ""location"": ""middle of molecule""
        },
        {
          ""id"": ""e14"",
          ""label"": ""C14"",
          ""type"": ""Carbon Atom"",
          ""location"": ""middle of molecule""
        },
        {
          ""id"": ""e15"",
          ""label"": ""C15"",
          ""type"": ""Carbon Atom"",
          ""location"": ""middle of molecule""
        },
        {
          ""id"": ""e16"",
          ""label"": ""C16"",
          ""type"": ""Carbon Atom"",
          ""location"": ""middle of molecule""
        },
        {
          ""id"": ""e17"",
          ""label"": ""C17"",
          ""type"": ""Carbon Atom"",
          ""location"": ""left side of molecule""
        },
        {
          ""id"": ""e18"",
          ""label"": ""C18"",
          ""type"": ""Carbon Atom"",
          ""location"": ""left side of molecule""
        },
        {
          ""id"": ""e19"",
          ""label"": ""C19"",
          ""type"": ""Carbon Atom"",
          ""location"": ""left side of molecule""
        },
        {
          ""id"": ""e20"",
          ""label"": ""C20"",
          ""type"": ""Carbon Atom"",
          ""location"": ""left side of molecule""
        },
        {
          ""id"": ""e21"",
          ""label"": ""C21"",
          ""type"": ""Carbon Atom"",
          ""location"": ""left side of molecule""
        },
        {
          ""id"": ""e22"",
          ""label"": ""C22"",
          ""type"": ""Carbon Atom"",
          ""location"": ""left side of molecule""
        },
        {
          ""id"": ""e23"",
          ""label"": ""C23"",
          ""type"": ""Carbon Atom"",
          ""location"": ""left side of molecule""
        },
        {
          ""id"": ""e24"",
          ""label"": ""C24"",
          ""type"": ""Carbon Atom"",
          ""location"": ""left side of molecule""
        },
        {
          ""id"": ""e25"",
          ""label"": ""C25"",
          ""type"": ""Carbon Atom"",
          ""location"": ""right side of molecule""
        },
        {
          ""id"": ""e26"",
          ""label"": ""C26"",
          ""type"": ""Carbon Atom"",
          ""location"": ""right side of molecule""
        },
        {
          ""id"": ""e27"",
          ""label"": ""C27"",
          ""type"": ""Carbon Atom"",
          ""location"": ""right side of molecule""
        },
        {
          ""id"": ""e28"",
          ""label"": ""C28"",
          ""type"": ""Carbon Atom"",
          ""location"": ""right side of molecule""
        },
        {
          ""id"": ""e29"",
          ""label"": ""C29"",
          ""type"": ""Carbon Atom"",
          ""location"": ""right side of molecule""
        },
        {
          ""id"": ""e30"",
          ""label"": ""C30"",
          ""type"": ""Carbon Atom"",
          ""location"": ""right side of molecule""
        },
        {
          ""id"": ""e31"",
          ""label"": ""C31"",
          ""type"": ""Carbon Atom"",
          ""location"": ""right side of molecule""
        },
        {
          ""id"": ""e32"",
          ""label"": ""C32"",
          ""type"": ""Carbon Atom"",
          ""location"": ""right side of molecule""
        },
        {
          ""id"": ""e33"",
          ""label"": ""C33"",
          ""type"": ""Carbon Atom"",
          ""location"": ""right side of molecule""
        },
        {
          ""id"": ""e34"",
          ""label"": ""C34"",
          ""type"": ""Carbon Atom"",
          ""location"": ""right side of molecule""
        },
        {
          ""id"": ""e35"",
          ""label"": ""C35"",
          ""type"": ""Carbon Atom"",
          ""location"": ""right side of molecule""
        },
        {
          ""id"": ""e36"",
          ""label"": ""C36"",
          ""type"": ""Carbon Atom"",
          ""location"": ""right side of molecule""
        },
        {
          ""id"": ""e37"",
          ""label"": ""C37"",
          ""type"": ""Carbon Atom"",
          ""location"": ""right side of molecule""
        },
        {
          ""id"": ""e38"",
          ""label"": ""C38"",
          ""type"": ""Carbon Atom"",
          ""location"": ""right side of molecule""
        },
        {
          ""id"": ""e39"",
          ""label"": ""C39"",
          ""type"": ""Carbon Atom"",
          ""location"": ""right side of molecule""
        },
        {
          ""id"": ""e40"",
          ""label"": ""C40"",
          ""type"": ""Carbon Atom"",
          ""location"": ""right side of molecule""
        },
        {
          ""id"": ""e41"",
          ""label"": ""C41"",
          ""type"": ""Carbon Atom"",
          ""location"": ""right side of molecule""
        },
        {
          ""id"": ""e42"",
          ""label"": ""C42"",
          ""type"": ""Carbon Atom"",
          ""location"": ""right side of molecule""
        },
        {
          ""id"": ""e43"",
          ""label"": ""C43"",
          ""type"": ""Carbon Atom"",
          ""location"": ""right side of molecule""
        },
        {
          ""id"": ""e44"",
          ""label"": ""C44"",
          ""type"": ""Carbon Atom"",
          ""location"": ""right side of molecule""
        },
        {
          ""id"": ""e45"",
          ""label"": ""C45"",
          ""type"": ""Carbon Atom"",
          ""location"": ""right side of molecule""
        },
        {
          ""id"": ""e46"",
          ""label"": ""C46"",
          ""type"": ""Carbon Atom"",
          ""location"": ""right side of molecule""
        },
        {
          ""id"": ""e47"",
          ""label"": ""C47"",
          ""type"": ""Carbon Atom"",
          ""location"": ""right side of molecule""
        },
        {
          ""id"": ""e48"",
          ""label"": ""C48"",
          ""type"": ""Carbon Atom"",
          ""location"": ""right side of molecule""
        },
        {
          ""id"": ""e49"",
          ""label"": ""C49"",
          ""type"": ""Carbon Atom"",
          ""location"": ""right side of molecule""
        },
        {
          ""id"": ""e50"",
          ""label"": ""C50"",
          ""type"": ""Carbon Atom"",
          ""location"": ""right side of molecule""
        },
        {
          ""id"": ""e51"",
          ""label"": ""C51"",
          ""type"": ""Carbon Atom"",
          ""location"": ""right side of molecule""
        },
        {
          ""id"": ""e52"",
          ""label"": ""C52"",
          ""type"": ""Carbon Atom"",
          ""location"": ""right side of molecule""
        },
        {
          ""id"": ""e53"",
          ""label"": ""C53"",
          ""type"": ""Carbon Atom"",
          ""location"": ""right side of molecule""
        },
        {
          ""id"": ""e54"",
          ""label"": ""C54"",
          ""type"": ""Carbon Atom"",
          ""location"": ""right side of molecule""
        },
        {
          ""id"": ""e55"",
          ""label"": ""C55"",
          ""type"": ""Carbon Atom"",
          ""location"": ""right side of molecule""
        },
        {
          ""id"": ""e56"",
          ""label"": ""C56"",
          ""type"": ""Carbon Atom"",
          ""location"": ""right side of molecule""
        },
        {
          ""id"": ""e57"",
          ""label"": ""C57"",
          ""type"": ""Carbon Atom"",
          ""location"": ""right side of molecule""
        },
        {
          ""id"": ""e58"",
          ""label"": ""C58"",
          ""type"": ""Carbon Atom"",
          ""location"": ""right side of molecule""
        },
        {
          ""id"": ""e59"",
          ""label"": ""C59"",
          ""type"": ""Carbon Atom"",
          ""location"": ""right side of molecule""
        },
        {
          ""id"": ""e60"",
          ""label"": ""C60"",
          ""type"": ""Carbon Atom"",
          ""location"": ""right side of molecule""
        },
        {
          ""id"": ""e61"",
          ""label"": ""C61"",
          ""type"": ""Carbon Atom"",
          ""location"": ""right side of molecule""
        },
        {
          ""id"": ""e62"",
          ""label"": ""C62"",
          ""type"": ""Carbon Atom"",
          ""location"": ""right side of molecule""
        },
        {
          ""id"": ""e63"",
          ""label"": ""C63"",
          ""type"": ""Carbon Atom"",
          ""location"": ""right side of molecule""
        },
        {
          ""id"": ""e64"",
          ""label"": ""C64"",
          ""type"": ""Carbon Atom"",
          ""location"": ""right side of molecule""
        },
        {
          ""id"": ""e65"",
          ""label"": ""C65"",
          ""type"": ""Carbon Atom"",
          ""location"": ""right side of molecule""
        },
        {
          ""id"": ""e66"",
          ""label"": ""C66"",
          ""type"": ""Carbon Atom"",
          ""location"": ""right side of molecule""
        },
        {
          ""id"": ""e67"",
          ""label"": ""C67"",
          ""type"": ""Carbon Atom"",
          ""location"": ""right side of molecule""
        },
        {
          ""id"": ""e68"",
          ""label"": ""C68"",
          ""type"": ""Carbon Atom"",
          ""location"": ""right side of molecule""
        },
        {
          ""id"": ""e69"",
          ""label"": ""C69"",
          ""type"": ""Carbon Atom"",
          ""location"": ""right side of molecule""
        },
        {
          ""id"": ""e70"",
          ""label"": ""C70"",
          ""type"": ""Carbon Atom"",
          ""location"": ""right side of molecule""
        },
        {
          ""id"": ""e71"",
          ""label"": ""C71"",
          ""type"": ""Carbon Atom"",
          ""location"": ""right side of molecule""
        },
        {
          ""id"": ""e72"",
          ""label"": ""C72"",
          ""type"": ""Carbon Atom"",
          ""location"": ""right side of molecule""
        },
        {
          ""id"": ""e73"",
          ""label"": ""C73"",
          ""type"": ""Carbon Atom"",
          ""location"": ""right side of molecule""
        },
        {
          ""id"": ""e74"",
          ""label"": ""C74"",
          ""type"": ""Carbon Atom"",
          ""location"": ""right side of molecule""
        },
        {
          ""id"": ""e75"",
          ""label"": ""C75"",
          ""type"": ""Carbon Atom"",
          ""location"": ""right side of molecule""
        },
        {
          ""id"": ""e76"",
          ""label"": ""C76"",
          ""type"": ""Carbon Atom"",
          ""location"": ""right side of molecule""
        },
        {
          ""id"": ""e77"",
          ""label"": ""C77"",
          ""type"": ""Carbon Atom"",
          ""location"": ""right side of molecule""
        },
        {
          ""id"": ""e78"",
          ""label"": ""C78"",
          ""type"": ""Carbon Atom"",
          ""location"": ""right side of molecule""
        },
        {
          ""id"": ""e79"",
          ""label"": ""C79"",
          ""type"": ""Carbon Atom"",
          ""location"": ""right side of molecule""
        },
        {
          ""id"": ""e80"",
          ""label"": ""C80"",
          ""type"": ""Carbon Atom"",
          ""location"": ""right side of molecule""
        },
        {
          ""id"": ""e81"",
          ""label"": ""C81"",
          ""type"": ""Carbon Atom"",
          ""location"": ""right side of molecule""
        },
        {
          ""id"": ""e82"",
          ""label"": ""C82"",
          ""type"": ""Carbon Atom"",
          ""location"": ""right side of molecule""
        },
        {
          ""id"": ""e83"",
          ""label"": ""C83"",
          ""type"": ""Carbon Atom"",
          ""location"": ""right side of molecule""
        },
        {
          ""id"": ""e84"",
          ""label"": ""C84"",
          ""type"": ""Carbon Atom"",
          ""location"": ""right side of molecule""
        },
        {
          ""id"": ""e85"",
          ""label"": ""C85"",
          ""type"": ""Carbon Atom"",
          ""location"": ""right side of molecule""
        },
        {
          ""id"": ""e86"",
          ""label"": ""C86"",
          ""type"": ""Carbon Atom"",
          ""location"": ""right side of molecule""
        },
        {
          ""id"": ""e87"",
          ""label"": ""C87"",
          ""type"": ""Carbon Atom"",
          ""location"": ""right side of molecule""
        },
        {
          ""id"": ""e88"",
          ""label"": ""C88"",
          ""type"": ""Carbon Atom"",
          ""location"": ""right side of molecule""
        },
        {
          ""id"": ""e89"",
          ""label"": ""C89"",
          ""type"": ""Carbon Atom"",
          ""location"": ""right side of molecule""
        },
        {
          ""id"": ""e90"",
          ""label"": ""C90"",
          ""type"": ""Carbon Atom"",
          ""location"": ""right side of molecule""
        },
        {
          ""id"": ""e91"",
          ""label"": ""C91"",
          ""type"": ""Carbon Atom"",
          ""location"": ""right side of molecule""
        },
        {
          ""id"": ""e92"",
          ""label"": ""C92"",
          ""type"": ""Carbon Atom"",
          ""location"": ""right side of molecule""
        },
        {
          ""id"": ""e93"",
          ""label"": ""C93"",
          ""type"": ""Carbon Atom"",
          ""location"": ""right side of molecule""
        },
        {
          ""id"": ""e94"",
          ""label"": ""C94"",
          ""type"": ""Carbon Atom"",
          ""location"": ""right side of molecule""
        },
        {
          ""id"": ""e95"",
          ""label"": ""C95"",
          ""type"": ""Carbon Atom"",
          ""location"": ""right side of molecule""
        },
        {
          ""id"": ""e96"",
          ""label"": ""C96"",
          ""type"": ""Carbon Atom"",
          ""location"": ""right side of molecule""
        },
        {
          ""id"": ""e97"",
          ""label"": ""C97"",
          ""type"": ""Carbon Atom"",
          ""location"": ""right side of molecule""
        },
        {
          ""id"": ""e98"",
          ""label"": ""C98"",
          ""type"": ""Carbon Atom"",
          ""location"": ""right side of molecule""
        },
        {
          ""id"": ""e99"",
          ""label"": ""C99"",
          ""type"": ""Carbon Atom"",
          ""location"": ""right side of molecule""
        },
        {
          ""id"": ""e100"",
          ""label"": ""C100"",
          ""type"": ""Carbon Atom"",
          ""location"": ""right side of molecule""
        },
        {
          ""id"": ""e101"",
          ""label"": ""C101"",
          ""type"": ""Carbon Atom"",
          ""location"": ""right side of molecule""
        },
        {
          ""id"": ""e102"",
          ""label"": ""C102"",
          ""type"": """,材料 (Materials)/有机 (Organic)/OLED材料科学,0.95,有机发光二极管显示(OLED)/OLED材料科学/平板显示/新型含三苯胺基团有机电致发光材料的合成及性能研究,"The path explicitly identifies the research as OLED material science, and the abstract focuses on the synthesis and properties of triphenylamine-based organic electroluminescent materials for OLEDs.","[""化合物p1"",""分子结构"",""苯环"",""三苯胺基团"",""共轭""]",图片为化合物p1的分子结构图，展示了分子中碳（C）、氮（N）原子的连接方式及编号，对应文本中p1的分子结构、苯环、三苯胺基团等结构描述，为分析分子共轭特征等结构性质提供了视觉依据。,"{""generated_question"":""化合物p1分子中连接中间苯环与三苯胺基团苯环的碳碳键表现出明显共轭特征的依据是什么？"",""generated_answer"":""依据是连接中间苯环和三苯胺基团苯环的碳碳单键与碳碳双键的键长平均化程度都很明显，这种键长平均化是共轭体系的典型特征，表明分子的共轭性效果很好。"",""qa_reasoning"":null}","{""generated_question"":""化合物p1的分子结构中，哪些结构特征体现出了明显的共轭特征？"",""generated_answer"":""化合物p1分子结构中体现共轭特征的结构特征包括：1）分子中间的苯环与三苯胺基团中通过单双键相连的苯环具有很好的共面性；2）连接中间苯环和三苯胺基团苯环的碳碳单键与碳碳双键的键长平均化程度很明显。"",""qa_reasoning"":null}",15,True,1.0,答案严格基于上下文文本，明确指出键长平均化程度明显是共轭特征的依据；问题针对化合物p1分子中碳碳键共轭特征的依据，具有具体性，且结合上下文（化合物结构分析可能服务于显示技术材料研究），问题具备相关性，依据上下文信息可有效回答该问题。,True,0.9,答案严格依据上下文信息，准确指出了体现共轭特征的两个结构特征；问题与上下文内容相关，针对化合物p1分子结构中共轭特征的体现这一具体点提问，可回答性良好。,0.09999999999999998
/mnt/storage/dataset/PPVL_reuslts_CN/中文/wanfang202507/有机发光二极管显示(OLED)/OLED材料科学/平板显示/新型含三苯胺基团有机电致发光材料的合成及性能研究/imgs/img_in_image_box_528_1839_1832_2834.jpg,diagram,0.99,图 1.3 常见电子传输材料的分子结构,,"电子传输材料大都具有缺电子体系的分子结构特征，因此其吸电子能力相对较强，同时由于其可以形成相对稳定的负离子，故其电子亲和势也相对较高。到目前为止，专门用作电子传输材料的化合物种类还是相对较少的，已经开发研究出的电子传输材料主要有多环共轭芳香类化合物、喹喔啉类化合物、噁唑类衍生物及含氮杂环类化合物等。在2003年，jenekhe发现五种二苯二氮蒽衍生物，这些小分子衍生物都具有较高的电子亲和力和较高的热稳定性，因此有希望成为oled电子传输材料；在2008年，glossman-mitnik通过对分子结构和替代效应的理论研究证明二苯二氮蒽具有良好的homo-lumo能差，是一种潜在的n型有机半导体材料 $ ^{[13]} $ 。其中当前对含氮杂环类化合物的研究发展较快，主要包括五元杂环化合物(如三唑类电子传输材料)和六元杂环化合物（如三嗪类、吡啶类电子传输材料） $ ^{[14-16]} $ ，如图1.3。其中在六元杂环化合物中1,3,5-三嗪类衍生物的 $ e_{a} $ 值能够达到2.48ev $ ^{[17]} $ ，比一般的1,3,4-噁二唑(pbd)化合物和1,2,4-三唑化合物的 $ e_{a} $ 值都要高，并且其大都具有较高的热稳定性，因此可作为电子传输材料应用于oled研究之中。近年来光电转换材料的研究越来越热门，尤其是有机光伏材料领域的研究尤为热门，在此背景下，关于有机小分子的研究日趋引起人们的关注，因为小分子具有聚合物所不具有的优势：确定的分子结构、易提纯、电荷迁移率比聚合物好、具有更高的分子消光系数，其中含有推挽式的发色基团的材料（分子中含有给电子基团和吸电子基团，通过共轭桥连接）也引起人们的广泛研究 $ ^{[18]} $ 。图1.3中列出了常见的电子传输材料的分子结构。","['电子传输材料大都具有缺电子体系的分子结构特征，因此其吸电子能力相对较强，同时由于其可以形成相对稳定的负离子，故其电子亲和势也相对较高。到目前为止，专门用作电子传输材料的化合物种类还是相对较少的，已经开发研究出的电子传输材料主要有多环共轭芳香类化合物、喹喔啉类化合物、噁唑类衍生物及含氮杂环类化合物等。在2003年，jenekhe发现五种二苯二氮蒽衍生物，这些小分子衍生物都具有较高的电子亲和力和较高的热稳定性，因此有希望成为oled电子传输材料；在2008年，glossman-mitnik通过对分子结构和替代效应的理论研究证明二苯二氮蒽具有良好的homo-lumo能差，是一种潜在的n型有机半导体材料 $ ^{[13]} $ 。其中当前对含氮杂环类化合物的研究发展较快，主要包括五元杂环化合物(如三唑类电子传输材料)和六元杂环化合物（如三嗪类、吡啶类电子传输材料） $ ^{[14-16]} $ ，如图1.3。其中在六元杂环化合物中1,3,5-三嗪类衍生物的 $ e_{a} $ 值能够达到2.48ev $ ^{[17]} $ ，比一般的1,3,4-噁二唑(pbd)化合物和1,2,4-三唑化合物的 $ e_{a} $ 值都要高，并且其大都具有较高的热稳定性，因此可作为电子传输材料应用于oled研究之中。近年来光电转换材料的研究越来越热门，尤其是有机光伏材料领域的研究尤为热门，在此背景下，关于有机小分子的研究日趋引起人们的关注，因为小分子具有聚合物所不具有的优势：确定的分子结构、易提纯、电荷迁移率比聚合物好、具有更高的分子消光系数，其中含有推挽式的发色基团的材料（分子中含有给电子基团和吸电子基团，通过共轭桥连接）也引起人们的广泛研究 $ ^{[18]} $ 。图1.3中列出了常见的电子传输材料的分子结构。']","{
  ""diagrams"": [
    {
      ""id"": ""sub_diagram_1"",
      ""domain"": ""Organic Chemistry"",
      ""summary"": ""A symmetric organic molecule with a central triazine core bonded to four phenyl rings and one naphthalene ring."",
      ""entities"": [
        {""id"": ""e1"", ""label"": ""central triazine ring"", ""type"": ""Chemical Ring"", ""location"": ""center""},
        {""id"": ""e2"", ""label"": ""phenyl ring"", ""type"": ""Chemical Ring"", ""location"": ""top-left""},
        {""id"": ""e3"", ""label"": ""phenyl ring"", ""type"": ""Chemical Ring"", ""location"": ""top-right""},
        {""id"": ""e4"", ""label"": ""phenyl ring"", ""type"": ""Chemical Ring"", ""location"": ""bottom-left""},
        {""id"": ""e5"", ""label"": ""phenyl ring"", ""type"": ""Chemical Ring"", ""location"": ""bottom-right""},
        {""id"": ""e6"", ""label"": ""naphthalene ring"", ""type"": ""Chemical Ring"", ""location"": ""bottom-center""}
      ],
      ""relations"": [
        {""source"": ""e1"", ""target"": ""e2"", ""type"": ""chemical_bond"", ""details"": ""bonded via nitrogen atom""},
        {""source"": ""e1"", ""target"": ""e3"", ""type"": ""chemical_bond"", ""details"": ""bonded via nitrogen atom""},
        {""source"": ""e1"", ""target"": ""e4"", ""type"": ""chemical_bond"", ""details"": ""bonded via nitrogen atom""},
        {""source"": ""e1"", ""target"": ""e5"", ""type"": ""chemical_bond"", ""details"": ""bonded via nitrogen atom""},
        {""source"": ""e1"", ""target"": ""e6"", ""type"": ""chemical_bond"", ""details"": ""bonded via nitrogen atom""}
      ]
    },
    {
      ""id"": ""sub_diagram_2"",
      ""domain"": ""Organic Chemistry"",
      ""summary"": ""A symmetric molecule with a central triazine core bonded to four pyridine rings."",
      ""entities"": [
        {""id"": ""e1"", ""label"": ""central triazine ring"", ""type"": ""Chemical Ring"", ""location"": ""center""},
        {""id"": ""e2"", ""label"": ""pyridine ring"", ""type"": ""Chemical Ring"", ""location"": ""top-left""},
        {""id"": ""e3"", ""label"": ""pyridine ring"", ""type"": ""Chemical Ring"", ""location"": ""top-right""},
        {""id"": ""e4"", ""label"": ""pyridine ring"", ""type"": ""Chemical Ring"", ""location"": ""bottom-left""},
        {""id"": ""e5"", ""label"": ""pyridine ring"", ""type"": ""Chemical Ring"", ""location"": ""bottom-right""}
      ],
      ""relations"": [
        {""source"": ""e1"", ""target"": ""e2"", ""type"": ""chemical_bond"", ""details"": ""bonded via nitrogen atom""},
        {""source"": ""e1"", ""target"": ""e3"", ""type"": ""chemical_bond"", ""details"": ""bonded via nitrogen atom""},
        {""source"": ""e1"", ""target"": ""e4"", ""type"": ""chemical_bond"", ""details"": ""bonded via nitrogen atom""},
        {""source"": ""e1"", ""target"": ""e5"", ""type"": ""chemical_bond"", ""details"": ""bonded via nitrogen atom""}
      ]
    },
    {
      ""id"": ""sub_diagram_3"",
      ""domain"": ""Organic Chemistry"",
      ""summary"": ""A linear organic molecule with a central 1,3,4-oxadiazole ring bonded to a tert-butylphenyl group and a diphenyl group."",
      ""entities"": [
        {""id"": ""e1"", ""label"": ""1,3,4-oxadiazole ring"", ""type"": ""Chemical Ring"", ""location"": ""center""},
        {""id"": ""e2"", ""label"": ""tert-butylphenyl group"", ""type"": ""Chemical Group"", ""location"": ""left""},
        {""id"": ""e3"", ""label"": ""diphenyl group"", ""type"": ""Chemical Group"", ""location"": ""right""}
      ],
      ""relations"": [
        {""source"": ""e1"", ""target"": ""e2"", ""type"": ""chemical_bond"", ""details"": ""bonded via carbon atom""},
        {""source"": ""e1"", ""target"": ""e3"", ""type"": ""chemical_bond"", ""details"": ""bonded via carbon atom""}
      ]
    },
    {
      ""id"": ""sub_diagram_4"",
      ""domain"": ""Organic Chemistry"",
      ""summary"": ""A complex branched organic molecule with a central triazine core bonded to multiple pyridine and phenyl rings."",
      ""entities"": [
        {""id"": ""e1"", ""label"": ""central triazine ring"", ""type"": ""Chemical Ring"", ""location"": ""center""},
        {""id"": ""e2"", ""label"": ""pyridine ring"", ""type"": ""Chemical Ring"", ""location"": ""top-left""},
        {""id"": ""e3"", ""label"": ""pyridine ring"", ""type"": ""Chemical Ring"", ""location"": ""top-right""},
        {""id"": ""e4"", ""label"": ""phenyl ring"", ""type"": ""Chemical Ring"", ""location"": ""middle-left""},
        {""id"": ""e5"", ""label"": ""phenyl ring"", ""type"": ""Chemical Ring"", ""location"": ""middle-right""},
        {""id"": ""e6"", ""label"": ""phenyl ring"", ""type"": ""Chemical Ring"", ""location"": ""bottom-center""},
        {""id"": ""e7"", ""label"": ""pyridine ring"", ""type"": ""Chemical Ring"", ""location"": ""bottom-left""},
        {""id"": ""e8"", ""label"": ""pyridine ring"", ""type"": ""Chemical Ring"", ""location"": ""bottom-right""}
      ],
      ""relations"": [
        {""source"": ""e1"", ""target"": ""e2"", ""type"": ""chemical_bond"", ""details"": ""bonded via nitrogen atom""},
        {""source"": ""e1"", ""target"": ""e3"", ""type"": ""chemical_bond"", ""details"": ""bonded via nitrogen atom""},
        {""source"": ""e1"", ""target"": ""e4"", ""type"": ""chemical_bond"", ""details"": ""bonded via nitrogen atom""},
        {""source"": ""e1"", ""target"": ""e5"", ""type"": ""chemical_bond"", ""details"": ""bonded via nitrogen atom""},
        {""source"": ""e1"", ""target"": ""e6"", ""type"": ""chemical_bond"", ""details"": ""bonded via nitrogen atom""},
        {""source"": ""e1"", ""target"": ""e7"", ""type"": ""chemical_bond"", ""details"": ""bonded via nitrogen atom""},
        {""source"": ""e1"", ""target"": ""e8"", ""type"": ""chemical_bond"", ""details"": ""bonded via nitrogen atom""}
      ]
    }
  ]
}",材料 (Materials)/有机 (Organic)/OLED材料科学,0.95,有机发光二极管显示(OLED)/OLED材料科学/平板显示/新型含三苯胺基团有机电致发光材料的合成及性能研究,"The path explicitly identifies the research as OLED material science, and the abstract focuses on the synthesis and properties of triphenylamine-based organic electroluminescent materials for OLEDs.","[""电子传输材料"",""含氮杂环类化合物"",""1,3,5-三嗪类衍生物"",""吡啶类"",""1,3,4-噁二唑""]","图片展示了电子传输材料的分子结构，包含含氮杂环（如1,3,5-三嗪、吡啶）、1,3,4-噁二唑类等化合物的结构，与文本中描述的电子传输材料分子结构对应，其中1,3,5-三嗪、吡啶（含氮杂环）、1,3,4-噁二唑的结构在图中可见，符合文本中对电子传输材料分子结构的描述。","{""generated_question"":""1,3,5-三嗪类衍生物的电子亲和势（eₐ）值是多少？相比1,3,4-噁二唑化合物，它作为电子传输材料有哪些优势？"",""generated_answer"":""1,3,5-三嗪类衍生物的电子亲和势（eₐ）值为2.48eV。相比1,3,4-噁二唑（PBD）化合物，它的优势在于：①电子亲和势（eₐ）值更高；②大都具有较高的热稳定性，因此适合作为电子传输材料应用于OLED研究中。"",""qa_reasoning"":null}","{""generated_question"":""1,3,5-三嗪类衍生物的电子亲和势（$E_a$）值是多少？"",""generated_answer"":""1,3,5-三嗪类衍生物的电子亲和势（$E_a$）值能够达到2.48eV。"",""qa_reasoning"":null}",16,True,1.0,"答案严格依据上下文内容：1,3,5-三嗪类衍生物的eₐ值及与1,3,4-噁二唑化合物的对比优势（eₐ值、热稳定性）均来自文本；问题聚焦显示技术（OLED电子传输材料）的具体参数与优势，相关性、可回答性、具体性均满足要求，无幻觉内容。",True,1.0,"答案严格依据上下文文本中“在六元杂环化合物中1,3,5-三嗪类衍生物的eₐ值能够达到2.48ev”的内容，事实依据充分；问题聚焦于1,3,5-三嗪类衍生物的电子亲和势具体数值，与显示技术（电子传输材料）相关且具有具体性，仅凭上下文即可推导出答案。",0.0
/mnt/storage/dataset/PPVL_reuslts_CN/中文/wanfang202507/有机发光二极管显示(OLED)/OLED材料科学/平板显示/新型含三苯胺基团有机电致发光材料的合成及性能研究/imgs/img_in_image_box_691_1667_1770_2339.jpg,diagram,1.0,图 1.2 多层有机电致发光器件结构,,"到目前为止，由于对有机电致发光机理的研究尚不明了，因此还未能形成较为系统和广泛认可的理论研究体系，当前被大家较为认同的理论模型是借鉴了半导体器件理论的激子模型 $ ^{[10]} $ ，即机电致发光器件的发光机理类似于载流子双极注入型发光，其大体过程就是在外加驱动电压的作用之下，电子从阴极注入，空穴从阳极注入，注入的电子和空穴在外界电压的作用之下迁移到发光层，他们相遇之后发生复合并产生激子，激子复合之后发生辐射式的跃迁（产生了一个光子），或者是发生非辐射式的复合（产生了多个声子），最后能量通过衰减以光能形式放出。其大体过程如下：有机电致发光器件的发光过程可以分为五个过程：(1)、载流子注入。有机电致发光器件在外加电压的驱动之下，电子从阴极注入，空穴从阳极注入；(2)、载流子迁移。电子和空穴注入之后各自从相应的电子传输层和空穴传输层向中间迁移，到达发光层；(3)、载流子复合。在外加电场的作用之下，注入的电子和空穴相遇复合，进而产生激子；(4)、激子迁移。在外加电场的驱动之下激子开始迁移，并将能量传递出去，同时被激发的电子也从基态跃迁到了激发态；(5)、发光。激子复合产生光子或声子，并释放出光能，即观察到发光。有机电致发光器件的结构：当前有机电致发光器件采用的结构大多为类似于三明治夹层式的结构，即两侧为阴阳电极中间夹着发光层，其中阳极和阴极材料通常采用氧化铟锡(ito)玻璃电极和具有低功函数的金属(如mg, ca等)，制作过程一般是通过蒸镀或者旋涂的方式在ito玻璃电极上得到单层或多层的有机膜；通常根据发光层结构的不同特点，又可以将有机电致发光器件分为四种，即单层器件、双层器件、三层器件和多层器件结构。随着加工技术和新材料的不断出现，目前大采用多层器件结构，因为其可以通过引入具有不同作用的功能层来优化能级结构和载流子的传输过程，进而使得器件性能达到最佳，如图1.2。","['到目前为止，由于对有机电致发光机理的研究尚不明了，因此还未能形成较为系统和广泛认可的理论研究体系，当前被大家较为认同的理论模型是借鉴了半导体器件理论的激子模型 $ ^{[10]} $ ，即机电致发光器件的发光机理类似于载流子双极注入型发光，其大体过程就是在外加驱动电压的作用之下，电子从阴极注入，空穴从阳极注入，注入的电子和空穴在外界电压的作用之下迁移到发光层，他们相遇之后发生复合并产生激子，激子复合之后发生辐射式的跃迁（产生了一个光子），或者是发生非辐射式的复合（产生了多个声子），最后能量通过衰减以光能形式放出。其大体过程如下：有机电致发光器件的发光过程可以分为五个过程：(1)、载流子注入。有机电致发光器件在外加电压的驱动之下，电子从阴极注入，空穴从阳极注入；(2)、载流子迁移。电子和空穴注入之后各自从相应的电子传输层和空穴传输层向中间迁移，到达发光层；(3)、载流子复合。在外加电场的作用之下，注入的电子和空穴相遇复合，进而产生激子；(4)、激子迁移。在外加电场的驱动之下激子开始迁移，并将能量传递出去，同时被激发的电子也从基态跃迁到了激发态；(5)、发光。激子复合产生光子或声子，并释放出光能，即观察到发光。有机电致发光器件的结构：当前有机电致发光器件采用的结构大多为类似于三明治夹层式的结构，即两侧为阴阳电极中间夹着发光层，其中阳极和阴极材料通常采用氧化铟锡(ito)玻璃电极和具有低功函数的金属(如mg, ca等)，制作过程一般是通过蒸镀或者旋涂的方式在ito玻璃电极上得到单层或多层的有机膜；通常根据发光层结构的不同特点，又可以将有机电致发光器件分为四种，即单层器件、双层器件、三层器件和多层器件结构。随着加工技术和新材料的不断出现，目前大采用多层器件结构，因为其可以通过引入具有不同作用的功能层来优化能级结构和载流子的传输过程，进而使得器件性能达到最佳，如图1.2。']","{
  ""diagrams"": [
    {
      ""id"": ""sub_diagram_1"",
      ""domain"": ""Organic Light-Emitting Diode (OLED) Structure"",
      ""summary"": ""Cross-sectional view of an OLED device showing layered structure and electrode connections."",
      ""entities"": [
        {
          ""id"": ""e1"",
          ""label"": ""负极"",
          ""type"": ""Electrode"",
          ""text"": ""负极"",
          ""location"": ""top-right""
        },
        {
          ""id"": ""e2"",
          ""label"": ""电子注入和传输层"",
          ""type"": ""Layer"",
          ""text"": ""电子注入和传输层"",
          ""location"": ""middle-top""
        },
        {
          ""id"": ""e3"",
          ""label"": ""发光层"",
          ""type"": ""Layer"",
          ""text"": ""发光层"",
          ""location"": ""middle-center""
        },
        {
          ""id"": ""e4"",
          ""label"": ""空穴注入和传输层"",
          ""type"": ""Layer"",
          ""text"": ""空穴注入和传输层"",
          ""location"": ""middle-bottom""
        },
        {
          ""id"": ""e5"",
          ""label"": ""ITO正极"",
          ""type"": ""Electrode"",
          ""text"": ""ITO正极"",
          ""location"": ""bottom-right""
        },
        {
          ""id"": ""e6"",
          ""label"": ""玻璃"",
          ""type"": ""Substrate"",
          ""text"": ""玻璃"",
          ""location"": ""bottom""
        },
        {
          ""id"": ""e7"",
          ""label"": ""电源"",
          ""type"": ""Power Source"",
          ""text"": ""电源"",
          ""location"": ""top-left""
        }
      ],
      ""relations"": [
        {
          ""source"": ""e7"",
          ""target"": ""e1"",
          ""type"": ""electrical_connection"",
          ""details"": ""Power source connected to the negative electrode.""
        },
        {
          ""source"": ""e1"",
          ""target"": ""e2"",
          ""type"": ""electrical_connection"",
          ""details"": ""Negative electrode connected to electron injection and transport layer.""
        },
        {
          ""source"": ""e2"",
          ""target"": ""e3"",
          ""type"": ""layer_stack"",
          ""details"": ""Electron injection and transport layer above the emissive layer.""
        },
        {
          ""source"": ""e3"",
          ""target"": ""e4"",
          ""type"": ""layer_stack"",
          ""details"": ""Emissive layer above the hole injection and transport layer.""
        },
        {
          ""source"": ""e4"",
          ""target"": ""e5"",
          ""type"": ""electrical_connection"",
          ""details"": ""Hole injection and transport layer connected to ITO positive electrode.""
        },
        {
          ""source"": ""e5"",
          ""target"": ""e6"",
          ""type"": ""physical_attachment"",
          ""details"": ""ITO positive electrode attached to glass substrate.""
        }
      ]
    }
  ]
}",材料 (Materials)/有机 (Organic)/OLED材料科学,0.95,有机发光二极管显示(OLED)/OLED材料科学/平板显示/新型含三苯胺基团有机电致发光材料的合成及性能研究,"The path explicitly identifies the research as OLED material science, and the abstract focuses on the synthesis and properties of triphenylamine-based organic electroluminescent materials for OLEDs.","[""有机电致发光器件"",""ITO正极"",""负极"",""发光层"",""空穴注入和传输层"",""电子注入和传输层"",""玻璃"",""氧化铟锡(ITO)""]",图片展示有机电致发光器件的多层结构，包含玻璃基底、ITO正极（阳极）、空穴注入和传输层、发光层、电子注入和传输层、负极（阴极），与文本中“有机电致发光器件”的多层结构（三明治夹层、功能层优化载流子传输）及电极/功能层（ITO、金属负极、空穴/电子传输层、发光层）的描述对应。,"{""generated_question"":""为什么当前有机电致发光器件大多采用多层器件结构？"",""generated_answer"":""因为多层器件结构可以通过引入具有不同作用的功能层来优化能级结构和载流子的传输过程，进而使得器件性能达到最佳。"",""qa_reasoning"":null}","{""generated_question"":""有机电致发光器件的发光过程包含哪几个阶段？"",""generated_answer"":""有机电致发光器件的发光过程包含五个阶段，分别是：（1）载流子注入：电子从阴极注入，空穴从阳极注入；（2）载流子迁移：电子和空穴分别从电子传输层和空穴传输层向中间迁移，到达发光层；（3）载流子复合：电子和空穴相遇复合产生激子；（4）激子迁移：激子在外加电场驱动下迁移并传递能量，被激发的电子从基态跃迁到激发态；（5）发光：激子复合产生光子或声子，释放出光能。"",""qa_reasoning"":null}",17,True,1.0,问题与显示技术领域的有机电致发光器件结构相关，答案严格依据上下文内容，逻辑上可通过上下文推导出，问题具体针对多层器件结构的采用原因。,True,1.0,问题聚焦有机电致发光器件发光过程的阶段，属于显示技术范畴，相关性强；答案严格依据上下文内容，准确还原了五个阶段的定义与过程，无幻觉，且问题具体、可回答。,0.0
/mnt/storage/dataset/PPVL_reuslts_CN/中文/wanfang202507/有机发光二极管显示(OLED)/OLED材料科学/平板显示/新型含三苯胺基团有机电致发光材料的合成及性能研究/imgs/img_in_image_box_462_294_1941_1379.jpg,diagram,1.0,图 1.4 两种目标化合物的分子结构式,,"1,3,5-三嗪类化合物较常见的噁二唑和三唑类化合物的电子亲和势值要高，前者热稳定性也更好，因此在 oled 研究中可以作为电子传输材料来应用。同时三甲基均三嗪分子中由于含有三个 n 原子，其结构与吡啶相似，因此其具有极强的吸电子诱导和共轭效应，从而具备了作为电子传输材料所需的一些基本要求 $ ^{[66-69]} $ 。本文结合三苯胺结构和三嗪结构的上述特点，设计并合成了以三嗪基团为核心，末端含有三苯胺结构的化合物(p2)，本文合成的两种目标化合物的分子结构式如图 1.4 所示。","['1,3,5-三嗪类化合物较常见的噁二唑和三唑类化合物的电子亲和势值要高，前者热稳定性也更好，因此在 oled 研究中可以作为电子传输材料来应用。同时三甲基均三嗪分子中由于含有三个 n 原子，其结构与吡啶相似，因此其具有极强的吸电子诱导和共轭效应，从而具备了作为电子传输材料所需的一些基本要求 $ ^{[66-69]} $ 。本文结合三苯胺结构和三嗪结构的上述特点，设计并合成了以三嗪基团为核心，末端含有三苯胺结构的化合物(p2)，本文合成的两种目标化合物的分子结构式如图 1.4 所示。']","{
  ""diagrams"": [
    {
      ""id"": ""sub_diagram_1"",
      ""domain"": ""Organic Chemistry"",
      ""summary"": ""Chemical structure of compound P1, featuring multiple benzene rings, methoxy groups, and an amine linkage."",
      ""entities"": [
        {""id"": ""e1"", ""label"": ""P1"", ""type"": ""Chemical Compound"", ""text"": ""P1"", ""location"": ""bottom-left""},
        {""id"": ""e2"", ""label"": ""Benzene Ring"", ""type"": ""Benzene Ring"", ""location"": ""top-left""},
        {""id"": ""e3"", ""label"": ""Benzene Ring"", ""type"": ""Benzene Ring"", ""location"": ""top-right""},
        {""id"": ""e4"", ""label"": ""Nitrogen Atom"", ""type"": ""Nitrogen Atom"", ""location"": ""center-top""},
        {""id"": ""e5"", ""label"": ""Methyl Group"", ""type"": ""Methyl Group"", ""text"": ""CH3"", ""location"": ""middle-right""},
        {""id"": ""e6"", ""label"": ""Methyl Group"", ""type"": ""Methyl Group"", ""text"": ""H3C"", ""location"": ""middle-left""},
        {""id"": ""e7"", ""label"": ""Benzene Ring"", ""type"": ""Benzene Ring"", ""location"": ""bottom-left""},
        {""id"": ""e8"", ""label"": ""Benzene Ring"", ""type"": ""Benzene Ring"", ""location"": ""bottom-right""},
        {""id"": ""e9"", ""label"": ""Nitrogen Atom"", ""type"": ""Nitrogen Atom"", ""location"": ""bottom-center""},
        {""id"": ""e10"", ""label"": ""Carbon-Carbon Double Bond"", ""type"": ""Carbon-Carbon Double Bond"", ""location"": ""middle""},
        {""id"": ""e11"", ""label"": ""Carbon-Carbon Double Bond"", ""type"": ""Carbon-Carbon Double Bond"", ""location"": ""lower-middle""}
      ],
      ""relations"": [
        {""source"": ""e2"", ""target"": ""e4"", ""type"": ""chemical_bond"", ""details"": ""bonded via nitrogen""},
        {""source"": ""e3"", ""target"": ""e4"", ""type"": ""chemical_bond"", ""details"": ""bonded via nitrogen""},
        {""source"": ""e4"", ""target"": ""e10"", ""type"": ""chemical_bond"", ""details"": ""bonded via carbon chain""},
        {""source"": ""e10"", ""target"": ""e5"", ""type"": ""chemical_bond"", ""details"": ""bonded to methyl group""},
        {""source"": ""e10"", ""target"": ""e6"", ""type"": ""chemical_bond"", ""details"": ""bonded to methyl group""},
        {""source"": ""e10"", ""target"": ""e11"", ""type"": ""chemical_bond"", ""details"": ""bonded to lower carbon chain""},
        {""source"": ""e11"", ""target"": ""e7"", ""type"": ""chemical_bond"", ""details"": ""bonded to benzene ring""},
        {""source"": ""e11"", ""target"": ""e8"", ""type"": ""chemical_bond"", ""details"": ""bonded to benzene ring""},
        {""source"": ""e7"", ""target"": ""e9"", ""type"": ""chemical_bond"", ""details"": ""bonded via nitrogen""},
        {""source"": ""e8"", ""target"": ""e9"", ""type"": ""chemical_bond"", ""details"": ""bonded via nitrogen""},
        {""source"": ""e9"", ""target"": ""e1"", ""type"": ""label_association"", ""details"": ""labeled as P1""}
      ]
    },
    {
      ""id"": ""sub_diagram_2"",
      ""domain"": ""Organic Chemistry"",
      ""summary"": ""Chemical structure of compound P2, featuring a central triazole ring, phenolic groups, and substituted benzene rings."",
      ""entities"": [
        {""id"": ""e1"", ""label"": ""P2"", ""type"": ""Chemical Compound"", ""text"": ""P2"", ""location"": ""bottom-right""},
        {""id"": ""e2"", ""label"": ""Benzene Ring"", ""type"": ""Benzene Ring"", ""location"": ""top-left""},
        {""id"": ""e3"", ""label"": ""Benzene Ring"", ""type"": ""Benzene Ring"", ""location"": ""top-right""},
        {""id"": ""e4"", ""label"": ""Hydroxyl Group"", ""type"": ""Hydroxyl Group"", ""text"": ""OH"", ""location"": ""top-left""},
        {""id"": ""e5"", ""label"": ""Hydroxyl Group"", ""type"": ""Hydroxyl Group"", ""text"": ""HO"", ""location"": ""top-right""},
        {""id"": ""e6"", ""label"": ""Triazole Ring"", ""type"": ""Triazole Ring"", ""location"": ""center""},
        {""id"": ""e7"", ""label"": ""Benzene Ring"", ""type"": ""Benzene Ring"", ""location"": ""middle""},
        {""id"": ""e8"", ""label"": ""Benzene Ring"", ""type"": ""Benzene Ring"", ""location"": ""bottom-left""},
        {""id"": ""e9"", ""label"": ""Benzene Ring"", ""type"": ""Benzene Ring"", ""location"": ""bottom-right""},
        {""id"": ""e10"", ""label"": ""Nitrogen Atom"", ""type"": ""Nitrogen Atom"", ""location"": ""center""},
        {""id"": ""e11"", ""label"": ""Carbon-Carbon Double Bond"", ""type"": ""Carbon-Carbon Double Bond"", ""location"": ""top""},
        {""id"": ""e12"", ""label"": ""Carbon-Carbon Double Bond"", ""type"": ""Carbon-Carbon Double Bond"", ""location"": ""bottom""},
        {""id"": ""e13"", ""label"": ""Carbon-Carbon Double Bond"", ""type"": ""Carbon-Carbon Double Bond"", ""location"": ""middle""},
        {""id"": ""e14"", ""label"": ""Carbon-Carbon Double Bond"", ""type"": ""Carbon-Carbon Double Bond"", ""location"": ""middle-left""},
        {""id"": ""e15"", ""label"": ""Carbon-Carbon Double Bond"", ""type"": ""Carbon-Carbon Double Bond"", ""location"": ""middle-right""}
      ],
      ""relations"": [
        {""source"": ""e2"", ""target"": ""e11"", ""type"": ""chemical_bond"", ""details"": ""bonded via double bond""},
        {""source"": ""e3"", ""target"": ""e15"", ""type"": ""chemical_bond"", ""details"": ""bonded via double bond""},
        {""source"": ""e11"", ""target"": ""e6"", ""type"": ""chemical_bond"", ""details"": ""bonded to triazole ring""},
        {""source"": ""e15"", ""target"": ""e6"", ""type"": ""chemical_bond"", ""details"": ""bonded to triazole ring""},
        {""source"": ""e4"", ""target"": ""e2"", ""type"": ""chemical_bond"", ""details"": ""bonded to benzene ring""},
        {""source"": ""e5"", ""target"": ""e3"", ""type"": ""chemical_bond"", ""details"": ""bonded to benzene ring""},
        {""source"": ""e6"", ""target"": ""e13"", ""type"": ""chemical_bond"", ""details"": ""bonded via double bond""},
        {""source"": ""e13"", ""target"": ""e7"", ""type"": ""chemical_bond"", ""details"": ""bonded to benzene ring""},
        {""source"": ""e7"", ""target"": ""e14"", ""type"": ""chemical_bond"", ""details"": ""bonded via double bond""},
        {""source"": ""e14"", ""target"": ""e8"", ""type"": ""chemical_bond"", ""details"": ""bonded to benzene ring""},
        {""source"": ""e7"", ""target"": ""e12"", ""type"": ""chemical_bond"", ""details"": ""bonded via double bond""},
        {""source"": ""e12"", ""target"": ""e9"", ""type"": ""chemical_bond"", ""details"": ""bonded to benzene ring""},
        {""source"": ""e8"", ""target"": ""e10"", ""type"": ""chemical_bond"", ""details"": ""bonded via nitrogen""},
        {""source"": ""e9"", ""target"": ""e10"", ""type"": ""chemical_bond"", ""details"": ""bonded via nitrogen""},
        {""source"": ""e10"", ""target"": ""e1"", ""type"": ""label_association"", ""details"": ""labeled as P2""}
      ]
    }
  ]
}",材料 (Materials)/有机 (Organic)/OLED材料科学,0.95,有机发光二极管显示(OLED)/OLED材料科学/平板显示/新型含三苯胺基团有机电致发光材料的合成及性能研究,"The path explicitly identifies the research as OLED material science, and the abstract focuses on the synthesis and properties of triphenylamine-based organic electroluminescent materials for OLEDs.","[""1,3,5-三嗪"",""三苯胺结构"",""化合物(P2)"",""分子结构式""]","图片展示了两种目标化合物（P1、P2）的分子结构式，其中P2的结构以1,3,5-三嗪基团（含三个N原子的六元环）为核心，末端包含三苯胺结构（N连接多苯环的结构），与文本中设计合成的“以三嗪基团为核心、末端含三苯胺结构的化合物(P2)”的结构描述对应。","{""generated_question"":""化合物(P2)的分子结构核心和末端分别包含什么基团？"",""generated_answer"":""化合物(P2)的分子结构核心包含1,3,5-三嗪基团，末端包含三苯胺结构。"",""qa_reasoning"":null}","{""generated_question"":""化合物(P2)的分子结构具有怎样的特点？"",""generated_answer"":""化合物(P2)的分子结构以三嗪基团为核心，末端含有三苯胺结构。"",""qa_reasoning"":null}",18,True,1.0,答案严格依据上下文信息，上下文明确指出化合物(P2)以三嗪基团为核心、末端含三苯胺结构，且问题聚焦显示技术领域的材料分子结构，具备相关性、可回答性与具体性。,True,1.0,答案严格依据上下文内容，准确回答了化合物(P2)的分子结构特点；问题聚焦于化合物(P2)的分子结构特点，与显示技术（OLED研究）相关且匹配上下文内容，逻辑上可通过上下文推导出答案，问题具有具体性。,0.0
/mnt/storage/dataset/PPVL_reuslts_CN/中文/wanfang202507/有机发光二极管显示(OLED)/OLED材料科学/平板显示/新型含三苯胺基团有机电致发光材料的合成及性能研究/imgs/img_in_image_box_551_268_1817_728.jpg,diagram,0.98,图 4.2 化合物 p1 的激发态优化几何结构,,"比较得到的基态几何优化构型数据和单晶解析数据, 发现理论计算结果与实验解析数据误差较小, 吻合较好。在同一水平下, 利用组态相关 cis 方法对其激发态分子几何构型进行优化, 化合物 p1 的激发态优化几何结构如图 4.2。
从图 4.2 中可以看出，激发态时三苯胺结构中三个苯环互相扭曲的程度比基态时更大，因此分子内电荷转移可能较为强烈。","['比较得到的基态几何优化构型数据和单晶解析数据, 发现理论计算结果与实验解析数据误差较小, 吻合较好。在同一水平下, 利用组态相关 cis 方法对其激发态分子几何构型进行优化, 化合物 p1 的激发态优化几何结构如图 4.2。', '从图 4.2 中可以看出，激发态时三苯胺结构中三个苯环互相扭曲的程度比基态时更大，因此分子内电荷转移可能较为强烈。']","{
  ""diagrams"": [
    {
      ""id"": ""sub_diagram_1"",
      ""domain"": ""Organic Chemistry"",
      ""summary"": ""A 3D ball-and-stick model of a conjugated organic molecule, likely a polyaromatic hydrocarbon with substituents."",
      ""entities"": [
        {
          ""id"": ""e1"",
          ""label"": ""Carbon Atom"",
          ""type"": ""Atom"",
          ""value"": ""C"",
          ""location"": ""central ring structure""
        },
        {
          ""id"": ""e2"",
          ""label"": ""Hydrogen Atom"",
          ""type"": ""Atom"",
          ""value"": ""H"",
          ""location"": ""attached to carbon atoms""
        },
        {
          ""id"": ""e3"",
          ""label"": ""Benzene Ring"",
          ""type"": ""Molecular Structure"",
          ""value"": ""C6H6"",
          ""location"": ""repeating unit in chain""
        },
        {
          ""id"": ""e4"",
          ""label"": ""Substituent Group"",
          ""type"": ""Functional Group"",
          ""value"": ""alkyl or aryl group"",
          ""location"": ""end of molecular chain""
        }
      ],
      ""relations"": [
        {
          ""source"": ""e1"",
          ""target"": ""e2"",
          ""type"": ""chemical_bond"",
          ""details"": ""single or double bond between carbon and hydrogen""
        },
        {
          ""source"": ""e1"",
          ""target"": ""e3"",
          ""type"": ""chemical_bond"",
          ""details"": ""bond between carbon atoms forming aromatic ring""
        },
        {
          ""source"": ""e3"",
          ""target"": ""e3"",
          ""type"": ""chemical_bond"",
          ""details"": ""conjugated system between adjacent rings""
        },
        {
          ""source"": ""e3"",
          ""target"": ""e4"",
          ""type"": ""chemical_bond"",
          ""details"": ""bond connecting ring to substituent group""
        }
      ]
    }
  ]
}",材料 (Materials)/有机 (Organic)/OLED材料科学,0.95,有机发光二极管显示(OLED)/OLED材料科学/平板显示/新型含三苯胺基团有机电致发光材料的合成及性能研究,"The path explicitly identifies the research as OLED material science, and the abstract focuses on the synthesis and properties of triphenylamine-based organic electroluminescent materials for OLEDs.","[""化合物p1"",""激发态分子几何构型"",""三苯胺结构"",""苯环"",""激发态优化几何结构""]",图片展示了化合物p1的激发态优化几何结构的分子模型，对应文本中该化合物的激发态分子几何构型，包含三苯胺结构及苯环；文本描述了其优化方法、与基态的苯环扭曲程度比较，因此提取与分子结构、化合物、激发态、三苯胺、苯环相关的关键词。,"{""generated_question"":""化合物p1的激发态优化几何结构中，三苯胺结构的三个苯环扭曲程度与基态相比有何变化？这种变化可能对分子内电荷转移产生什么影响？"",""generated_answer"":""化合物p1激发态时，三苯胺结构中三个苯环互相扭曲的程度比基态时更大；这种更大的扭曲程度可能使得分子内电荷转移较为强烈。"",""qa_reasoning"":null}","{""generated_question"":""化合物p1的激发态优化几何结构中，三苯胺的三个苯环与基态几何构型相比有何结构变化？该变化可能对分子内电荷转移产生什么影响？"",""generated_answer"":""三苯胺的三个苯环在激发态时互相扭曲的程度比基态时更大；这种扭曲程度的增加可能使得分子内电荷转移较为强烈。"",""qa_reasoning"":null}",19,True,1.0,答案严格依据上下文（含图4.2的描述），问题针对化合物p1激发态与基态三苯胺结构苯环扭曲程度变化及对电荷转移的影响，具体且可回答，与显示技术相关（若p1为显示用材料），无幻觉。,True,1.0,答案严格基于上下文信息，问题聚焦于显示技术相关的化合物分子结构变化及影响（三苯胺结构常用于显示用有机半导体材料），信息充足可推导，问题具体针对结构变化与电荷转移影响。,0.0
/mnt/storage/dataset/PPVL_reuslts_CN/中文/wanfang202507/有机发光二极管显示(OLED)/OLED材料科学/平板显示/新型含三苯胺基团有机电致发光材料的合成及性能研究/imgs/img_in_image_box_607_1921_1872_2381.jpg,diagram,0.98,图 4.1 化合物 p1 的基态优化几何结构,,"利用 b3lyp 方法在  $ 6-31+g^{*} $  水平下对目标化合物 p1 的基态分子几何构型进行优化，化合物 p1 的基态优化几何结构如图 4.1。
图 4.1 是化合物 p1 基态优化后的几何构型，从图中可以看出三苯胺基团中三个苯环之间不在同一平面，呈螺旋桨状结构，这与单晶所测得的构型相接近，从而证明选取的方法和基组是可行的。表 4.1、4.2、4.3 中列出的是理论计算数据和单晶实验解析数据及误差。","['利用 b3lyp 方法在  $ 6-31+g^{*} $  水平下对目标化合物 p1 的基态分子几何构型进行优化，化合物 p1 的基态优化几何结构如图 4.1。', '图 4.1 是化合物 p1 基态优化后的几何构型，从图中可以看出三苯胺基团中三个苯环之间不在同一平面，呈螺旋桨状结构，这与单晶所测得的构型相接近，从而证明选取的方法和基组是可行的。表 4.1、4.2、4.3 中列出的是理论计算数据和单晶实验解析数据及误差。']","{
  ""diagrams"": [
    {
      ""id"": ""sub_diagram_1"",
      ""domain"": ""Organic Chemistry"",
      ""summary"": ""A molecular structure showing a conjugated system with alternating single and double bonds, featuring two black spheres representing heteroatoms."",
      ""entities"": [
        {
          ""id"": ""e1"",
          ""label"": ""Heteroatom 1"",
          ""type"": ""Heteroatom"",
          ""value"": ""Black sphere"",
          ""location"": ""left side of the molecule""
        },
        {
          ""id"": ""e2"",
          ""label"": ""Heteroatom 2"",
          ""type"": ""Heteroatom"",
          ""value"": ""Black sphere"",
          ""location"": ""right side of the molecule""
        },
        {
          ""id"": ""e3"",
          ""label"": ""Carbon Atom"",
          ""type"": ""Carbon Atom"",
          ""value"": ""Gray sphere"",
          ""location"": ""central part of the molecule""
        },
        {
          ""id"": ""e4"",
          ""label"": ""Hydrogen Atom"",
          ""type"": ""Hydrogen Atom"",
          ""value"": ""Small white sphere"",
          ""location"": ""attached to carbon atoms""
        }
      ],
      ""relations"": [
        {
          ""source"": ""e1"",
          ""target"": ""e3"",
          ""type"": ""chemical_bond"",
          ""details"": ""single bond""
        },
        {
          ""source"": ""e3"",
          ""target"": ""e4"",
          ""type"": ""chemical_bond"",
          ""details"": ""single bond""
        },
        {
          ""source"": ""e2"",
          ""target"": ""e3"",
          ""type"": ""chemical_bond"",
          ""details"": ""alternating single and double bonds""
        }
      ]
    }
  ]
}",材料 (Materials)/有机 (Organic)/OLED材料科学,0.95,有机发光二极管显示(OLED)/OLED材料科学/平板显示/新型含三苯胺基团有机电致发光材料的合成及性能研究,"The path explicitly identifies the research as OLED material science, and the abstract focuses on the synthesis and properties of triphenylamine-based organic electroluminescent materials for OLEDs.","[""p1"",""三苯胺基团"",""苯环"",""基态优化几何构型"",""螺旋桨状结构""]",图片展示了化合物p1基态优化后的分子几何构型（球棍模型），文本中提及该构型包含三苯胺基团，其三个苯环呈螺旋桨状（非共平面）排列，与图片中分子的空间结构特征相符；同时文本说明该构型为基态优化后的几何结构，与图片内容一致。,"{""generated_question"":""在该光刻胶的制备过程中，suzuki缩聚反应的作用是什么？"",""generated_answer"":""suzuki缩聚反应的作用是保护敏感的缩醛反应，使体系具有很好的灵活性，并且还能保护光刻胶中常用的其他基团。"",""qa_reasoning"":null}","{""generated_question"":""化合物p1的三苯胺基团中三个苯环的空间结构具有什么特点？"",""generated_answer"":""化合物p1的三苯胺基团中三个苯环之间不在同一平面，呈螺旋桨状结构。"",""qa_reasoning"":null}",20,False,0.0,提供的上下文仅涉及化合物p1的基态分子几何构型优化及相关数据，未提及光刻胶制备或suzuki缩聚反应，问题与上下文无关，答案存在幻觉（包含输入数据中不存在的信息）。,True,1.0,答案严格基于上下文（图4.1的描述）的事实，问题针对三苯胺基团的具体空间结构特点，符合相关性与具体性要求，且凭借上下文信息足以回答，无幻觉内容。,-1.0
/mnt/storage/dataset/PPVL_reuslts_CN/中文/wanfang202507/有机发光二极管显示(OLED)/OLED材料科学/平板显示/新型含三苯胺基团有机电致发光材料的合成及性能研究/imgs/img_in_image_box_368_685_1844_1744.jpg,diagram,0.99,图 4.3 化合物 p1 基态和激发态对应的前线分子轨道,,"通过对化合物 p1 基态和激发态的前线分子轨道进行分析，我们可以更进一步了解该化合物分子内电荷转移的过程和电子在不同轨道间的跃迁过程，图 4.3 为化合物 p1 基态和激发态的前线分子轨道。
从图 4.3 中可以看出，基态时 homo 轨道的电子云主要集中在三苯胺结构上，lumo 轨道的电子云主要分布在与乙烯双键相连的三个苯环上，这就表明分子内发生了电荷转移；同时在激发态时 homo 轨道的电子云基本是平均分布在分子结构中，lumo 轨道的电子云主要分布在乙烯双键相连的三个苯环上，上述结构都表明发生了分子内电荷转移。这与实验测得的化合物 p1 在二氯甲烷溶液中的斯托克位移达到 65nm 相呼应，即从理论上支持了在发射过程中分子内电荷发生了转移，相应的吸收光谱和发射光谱主要是由分子中 homo→lumo 轨道的  $ \pi-\pi^{*} $  跃迁引起的。","['通过对化合物 p1 基态和激发态的前线分子轨道进行分析，我们可以更进一步了解该化合物分子内电荷转移的过程和电子在不同轨道间的跃迁过程，图 4.3 为化合物 p1 基态和激发态的前线分子轨道。', '从图 4.3 中可以看出，基态时 homo 轨道的电子云主要集中在三苯胺结构上，lumo 轨道的电子云主要分布在与乙烯双键相连的三个苯环上，这就表明分子内发生了电荷转移；同时在激发态时 homo 轨道的电子云基本是平均分布在分子结构中，lumo 轨道的电子云主要分布在乙烯双键相连的三个苯环上，上述结构都表明发生了分子内电荷转移。这与实验测得的化合物 p1 在二氯甲烷溶液中的斯托克位移达到 65nm 相呼应，即从理论上支持了在发射过程中分子内电荷发生了转移，相应的吸收光谱和发射光谱主要是由分子中 homo→lumo 轨道的  $ \\pi-\\pi^{*} $  跃迁引起的。']","{
  ""diagrams"": [
    {
      ""id"": ""sub_diagram_1"",
      ""domain"": ""Molecular Orbital Diagram"",
      ""summary"": ""Molecular orbital energy levels for ground state (基态) and excited state (激发态) of a molecule, showing HOMO, LUMO, and their respective energy gaps."",
      ""entities"": [
        {
          ""id"": ""e1"",
          ""label"": ""基态"",
          ""type"": ""State Label"",
          ""text"": ""基态"",
          ""location"": ""bottom-left""
        },
        {
          ""id"": ""e2"",
          ""label"": ""激发态"",
          ""type"": ""State Label"",
          ""text"": ""激发态"",
          ""location"": ""bottom-right""
        },
        {
          ""id"": ""e3"",
          ""label"": ""HOMO+1"",
          ""type"": ""Molecular Orbital"",
          ""text"": ""HOMO+1"",
          ""location"": ""bottom-left""
        },
        {
          ""id"": ""e4"",
          ""label"": ""HOMO+1"",
          ""type"": ""Molecular Orbital"",
          ""text"": ""HOMO+1"",
          ""location"": ""bottom-right""
        },
        {
          ""id"": ""e5"",
          ""label"": ""HOMO"",
          ""type"": ""Molecular Orbital"",
          ""text"": ""HOMO"",
          ""location"": ""middle-left""
        },
        {
          ""id"": ""e6"",
          ""label"": ""HOMO"",
          ""type"": ""Molecular Orbital"",
          ""text"": ""HOMO"",
          ""location"": ""middle-right""
        },
        {
          ""id"": ""e7"",
          ""label"": ""LUMO"",
          ""type"": ""Molecular Orbital"",
          ""text"": ""LUMO"",
          ""location"": ""upper-middle-left""
        },
        {
          ""id"": ""e8"",
          ""label"": ""LUMO"",
          ""type"": ""Molecular Orbital"",
          ""text"": ""LUMO"",
          ""location"": ""upper-middle-right""
        },
        {
          ""id"": ""e9"",
          ""label"": ""LUMO+1"",
          ""type"": ""Molecular Orbital"",
          ""text"": ""LUMO+1"",
          ""location"": ""top-left""
        },
        {
          ""id"": ""e10"",
          ""label"": ""LUMO+1"",
          ""type"": ""Molecular Orbital"",
          ""text"": ""LUMO+1"",
          ""location"": ""top-right""
        },
        {
          ""id"": ""e11"",
          ""label"": ""315.21"",
          ""type"": ""Energy Gap Value"",
          ""text"": ""315.21"",
          ""location"": ""middle-left""
        },
        {
          ""id"": ""e12"",
          ""label"": ""417.02"",
          ""type"": ""Energy Gap Value"",
          ""text"": ""417.02"",
          ""location"": ""middle-left""
        },
        {
          ""id"": ""e13"",
          ""label"": ""315.21"",
          ""type"": ""Energy Gap Value"",
          ""text"": ""315.21"",
          ""location"": ""middle-right""
        },
        {
          ""id"": ""e14"",
          ""label"": ""470.21"",
          ""type"": ""Energy Gap Value"",
          ""text"": ""470.21"",
          ""location"": ""middle-right""
        },
        {
          ""id"": ""e15"",
          ""label"": ""470.21"",
          ""type"": ""Energy Gap Value"",
          ""text"": ""470.21"",
          ""location"": ""top-right""
        }
      ],
      ""relations"": [
        {
          ""source"": ""e3"",
          ""target"": ""e5"",
          ""type"": ""energy_level_relation"",
          ""details"": ""HOMO+1 is above HOMO in ground state""
        },
        {
          ""source"": ""e5"",
          ""target"": ""e7"",
          ""type"": ""energy_level_relation"",
          ""details"": ""HOMO is above LUMO in ground state""
        },
        {
          ""source"": ""e7"",
          ""target"": ""e9"",
          ""type"": ""energy_level_relation"",
          ""details"": ""LUMO is above LUMO+1 in ground state""
        },
        {
          ""source"": ""e11"",
          ""target"": ""e3"",
          ""type"": ""energy_gap"",
          ""details"": ""Energy gap between HOMO and HOMO+1 is 315.21""
        },
        {
          ""source"": ""e12"",
          ""target"": ""e5"",
          ""type"": ""energy_gap"",
          ""details"": ""Energy gap between HOMO and LUMO is 417.02""
        },
        {
          ""source"": ""e13"",
          ""target"": ""e6"",
          ""type"": ""energy_gap"",
          ""details"": ""Energy gap between HOMO and HOMO+1 is 315.21""
        },
        {
          ""source"": ""e14"",
          ""target"": ""e8"",
          ""type"": ""energy_gap"",
          ""details"": ""Energy gap between HOMO and LUMO is 470.21""
        },
        {
          ""source"": ""e15"",
          ""target"": ""e10"",
          ""type"": ""energy_gap"",
          ""details"": ""Energy gap between LUMO and LUMO+1 is 470.21""
        },
        {
          ""source"": ""e1"",
          ""target"": ""e3"",
          ""type"": ""state_relation"",
          ""details"": ""基态 corresponds to HOMO+1, HOMO, LUMO, LUMO+1""
        },
        {
          ""source"": ""e2"",
          ""target"": ""e4"",
          ""type"": ""state_relation"",
          ""details"": ""激发态 corresponds to HOMO+1, HOMO, LUMO, LUMO+1""
        }
      ]
    }
  ]
}",材料 (Materials)/有机 (Organic)/OLED材料科学,0.95,有机发光二极管显示(OLED)/OLED材料科学/平板显示/新型含三苯胺基团有机电致发光材料的合成及性能研究,"The path explicitly identifies the research as OLED material science, and the abstract focuses on the synthesis and properties of triphenylamine-based organic electroluminescent materials for OLEDs.","[""化合物p1"",""基态"",""激发态"",""前线分子轨道"",""HOMO"",""LUMO""]",图片展示了化合物p1基态（左）与激发态（右）的前线分子轨道（含HOMO、LUMO、HOMO+1、LUMO+1）的电子云分布及轨道能量，直观呈现了不同状态下轨道的电子云特征，与文本中对p1基态、激发态前线分子轨道的分析（分子内电荷转移、电子跃迁）对应，支持理论分析内容。,"{""generated_question"":""化合物p1激发态时HOMO轨道的电子云分布与基态相比有何不同？"",""generated_answer"":""基态时，化合物p1的HOMO轨道电子云主要集中在三苯胺结构上；激发态时，其HOMO轨道电子云基本平均分布在整个分子结构中。"",""qa_reasoning"":null}","{""generated_question"":""化合物p1基态时HOMO轨道的电子云主要集中在什么结构上？"",""generated_answer"":""三苯胺结构"",""qa_reasoning"":null}",21,True,1.0,问题针对化合物p1激发态与基态HOMO轨道电子云分布的具体差异，与上下文内容紧密相关且具有具体性；回答严格依据上下文信息，准确对比了基态（集中在三苯胺结构）和激发态（平均分布在分子结构）时HOMO轨道电子云的分布情况，事实依据充分，无幻觉，可回答性满足。,True,1.0,问题针对化合物p1基态HOMO轨道电子云集中结构，具体且与显示技术相关的材料（化合物p1）的分子轨道分析紧密相关；答案严格基于上下文文本中“基态时homo轨道的电子云主要集中在三苯胺结构上”的内容，可回答性强，无幻觉。,0.0
/mnt/storage/dataset/PPVL_reuslts_CN/中文/wanfang202507/有机发光二极管显示(OLED)/OLED材料科学/平板显示/新型含三苯胺基团有机电致发光材料的合成及性能研究/imgs/img_in_image_box_406_326_1869_1328.jpg,diagram,0.98,图 3.2 化合物 p1 的晶胞堆积图,,"为了进一步对合成的化合物 p1 的结构有进一步的认识，我们利用溶剂挥发法培养出了化合物 1,4-二甲基-2,5-二（（4-n,n'-二苯基）氨基-苯乙烯基）苯(p1)的单晶，并用 x-射线单晶衍射仪进行测试。经 x-单晶衍射法确定了其单晶结构，结构分析表明，晶体属于三斜晶系，空间群 p-1，晶胞参数： $ a=9.1757(19) $  nm,  $ b=9.494(2) $  nm,  $ c=12.222(3) $  nm,  $ \alpha=101.680(8)^{\circ}\beta=94.453(7)^{\circ}\gamma=118.483(7)^{\circ} $ ,  $ v=897.4(4) $  nm $ ^{3} $ , z=1, d $ _{c} $ =1.189 g/cm $ ^{3} $ , mu=0.069 mm $ ^{-1} $ , f(000)=340,  $ \lambda=0.71073 $ 。图 3.1 和图 3.2 分别为化合物 p1 的分子结构图和晶胞图。表 3.1，3.2，3.3 中分别为主要的键长、键角、二面角数据。","[""为了进一步对合成的化合物 p1 的结构有进一步的认识，我们利用溶剂挥发法培养出了化合物 1,4-二甲基-2,5-二（（4-n,n'-二苯基）氨基-苯乙烯基）苯(p1)的单晶，并用 x-射线单晶衍射仪进行测试。经 x-单晶衍射法确定了其单晶结构，结构分析表明，晶体属于三斜晶系，空间群 p-1，晶胞参数： $ a=9.1757(19) $  nm,  $ b=9.494(2) $  nm,  $ c=12.222(3) $  nm,  $ \\alpha=101.680(8)^{\\circ}\\beta=94.453(7)^{\\circ}\\gamma=118.483(7)^{\\circ} $ ,  $ v=897.4(4) $  nm $ ^{3} $ , z=1, d $ _{c} $ =1.189 g/cm $ ^{3} $ , mu=0.069 mm $ ^{-1} $ , f(000)=340,  $ \\lambda=0.71073 $ 。图 3.1 和图 3.2 分别为化合物 p1 的分子结构图和晶胞图。表 3.1，3.2，3.3 中分别为主要的键长、键角、二面角数据。""]","{
  ""diagrams"": [
    {
      ""id"": ""sub_diagram_1"",
      ""domain"": ""3D Crystal Structure"",
      ""summary"": ""A crystal lattice structure composed of interconnected benzene rings, with a coordinate system (a, b, c) shown for orientation."",
      ""entities"": [
        {
          ""id"": ""e1"",
          ""label"": ""a"",
          ""type"": ""Coordinate Axis"",
          ""location"": ""top-left""
        },
        {
          ""id"": ""e2"",
          ""label"": ""b"",
          ""type"": ""Coordinate Axis"",
          ""location"": ""top-left""
        },
        {
          ""id"": ""e3"",
          ""label"": ""c"",
          ""type"": ""Coordinate Axis"",
          ""location"": ""top-left""
        },
        {
          ""id"": ""e4"",
          ""label"": ""Benzene Ring"",
          ""type"": ""Chemical Structure"",
          ""location"": ""entire structure""
        }
      ],
      ""relations"": [
        {
          ""source"": ""e1"",
          ""target"": ""e2"",
          ""type"": ""perpendicular"",
          ""details"": ""Coordinate axes a and b are perpendicular.""
        },
        {
          ""source"": ""e2"",
          ""target"": ""e3"",
          ""type"": ""perpendicular"",
          ""details"": ""Coordinate axes b and c are perpendicular.""
        },
        {
          ""source"": ""e1"",
          ""target"": ""e3"",
          ""type"": ""perpendicular"",
          ""details"": ""Coordinate axes a and c are perpendicular.""
        },
        {
          ""source"": ""e4"",
          ""target"": ""e4"",
          ""type"": ""repeating_unit"",
          ""details"": ""The structure is composed of repeating benzene ring units.""
        }
      ]
    }
  ]
}",材料 (Materials)/有机 (Organic)/OLED材料科学,0.95,有机发光二极管显示(OLED)/OLED材料科学/平板显示/新型含三苯胺基团有机电致发光材料的合成及性能研究,"The path explicitly identifies the research as OLED material science, and the abstract focuses on the synthesis and properties of triphenylamine-based organic electroluminescent materials for OLEDs.","[""化合物p1"",""晶胞图"",""a"",""b"",""c""]",图片展示了化合物p1的晶胞结构，包含a、b、c轴的空间取向及分子在晶胞内的排列，与文本中“化合物p1的晶胞图”“晶胞参数（a、b、c轴）”的描述对应，体现其晶体（三斜晶系、空间群p-1）的结构特征。,"{""generated_question"":""化合物p1的晶胞参数中a的数值是多少？"",""generated_answer"":""化合物p1的晶胞参数a的值为9.1757(19) nm。"",""qa_reasoning"":null}","{""generated_question"":""化合物p1的晶胞体积是多少？"",""generated_answer"":""化合物p1的晶胞体积为897.4(4) nm³。"",""qa_reasoning"":null}",22,True,1.0,问题具体询问化合物p1晶胞参数a的数值，答案准确引用上下文（a=9.1757(19) nm），符合事实依据（信息来自上下文）、相关性（与材料晶体结构分析相关，属于显示技术领域材料研究范畴）、可回答性（上下文提供了明确数据）、具体性（问题针对具体参数）的要求。,True,1.0,答案严格依据上下文提供的晶胞体积数据（897.4(4) nm³），事实依据充分；问题针对化合物p1的晶胞体积（具体的结构参数），与材料结构分析（显示技术相关的基础研究）紧密相关，可回答性强且问题具体，无幻觉内容。,0.0
/mnt/storage/dataset/PPVL_reuslts_CN/中文/wanfang202507/有机发光二极管显示(OLED)/OLED材料科学/平板显示/数字电视接收机开发过程中的图像质量评价方法研究/imgs/img_in_image_box_465_493_1592_662.jpg,diagram,1.0,图 3-1 采样值分析,,作者在就这一问题查找文献时并没有发现专门针对这一项测试的研究成果。在对各输入信号进行具体分析后，结合芯片设计的特点，提出了总体的测试方法。如图3-1所示，利用标准信号源给出一个标准模拟测试信号，输入到电视接收机中的模数转换和解码器中，之后通过i2c总线从视频处理芯片的缓存中读出该信号转为数字信号后的采样值，与理论采样值相比较，判断是否一致（允许 $ \pm2 $ 的误差，8bit量化），如果一致则判定为测试通过，不一致则需要调整相关参数。下面我们按接口分别给出具体的测试方案。,['作者在就这一问题查找文献时并没有发现专门针对这一项测试的研究成果。在对各输入信号进行具体分析后，结合芯片设计的特点，提出了总体的测试方法。如图3-1所示，利用标准信号源给出一个标准模拟测试信号，输入到电视接收机中的模数转换和解码器中，之后通过i2c总线从视频处理芯片的缓存中读出该信号转为数字信号后的采样值，与理论采样值相比较，判断是否一致（允许 $ \\pm2 $ 的误差，8bit量化），如果一致则判定为测试通过，不一致则需要调整相关参数。下面我们按接口分别给出具体的测试方案。'],"{
  ""diagrams"": [
    {
      ""id"": ""sub_diagram_1"",
      ""domain"": ""Signal Processing Flowchart"",
      ""summary"": ""A three-stage signal processing pipeline: standard analog test signal → ADC/decoder → sampled value analysis."",
      ""entities"": [
        {
          ""id"": ""e1"",
          ""label"": ""标准模拟测试信号"",
          ""type"": ""Signal Source"",
          ""location"": ""left""
        },
        {
          ""id"": ""e2"",
          ""label"": ""模数转换/解码器"",
          ""type"": ""Processor"",
          ""location"": ""center""
        },
        {
          ""id"": ""e3"",
          ""label"": ""采样值分析"",
          ""type"": ""Analysis Module"",
          ""location"": ""right""
        }
      ],
      ""relations"": [
        {
          ""source"": ""e1"",
          ""target"": ""e2"",
          ""type"": ""data_flow"",
          ""details"": ""Standard analog test signal flows into the ADC/decoder.""
        },
        {
          ""source"": ""e2"",
          ""target"": ""e3"",
          ""type"": ""data_flow"",
          ""details"": ""Output from ADC/decoder flows to the sampled value analysis module.""
        }
      ]
    }
  ]
}",器件 (Devices)/类型 (Types)/OLED (有机发光二极管),0.9,有机发光二极管显示(OLED)/OLED材料科学/平板显示/数字电视接收机开发过程中的图像质量评价方法研究,"The path explicitly identifies the research context as OLED-related, specifically within the domain of OLED material science and flat panel display, which directly maps to the OLED (organic light-emitting diode) category.","[""标准模拟测试信号"",""模数转换/解码器"",""采样值分析""]",图片呈现了测试信号的处理流程：标准模拟测试信号输入，经模数转换/解码器处理后，进行采样值分析。这与文本中描述的测试方法（标准信号输入、模数转换解码、采样值对比）流程对应，因此提取相关实体作为关键词。,"{""generated_question"":""该控制系统的上位机（工控机）可实现哪些功能？"",""generated_answer"":""上位机（工控机）具备以下功能：一是接收下位机（西门子PLC）采集并上传的数据，显示6个点的距离测量数据；二是根据支撑点高度和测量数据自动计算垂度值；三是自动判别测量结果是否合格；四是下达操作指令，控制气泵、气阀、电机等设备运动。"",""qa_reasoning"":null}","{""generated_question"":""在图3-1的采样值分析测试中，8bit量化的信号采样值比较时允许的误差范围是多少？"",""generated_answer"":""8bit量化的信号在该采样值分析测试中，允许的采样值误差范围为±2（即实际采样值与理论采样值的差值绝对值不超过2）。"",""qa_reasoning"":null}",23,False,0.0,问题询问的上位机功能与提供的关于电视接收机信号测试的上下文无关，答案内容属于无依据的幻觉，不符合事实依据、相关性等评估维度要求。,True,1.0,答案严格依据上下文文本中“允许±2的误差，8bit量化”的内容，问题与显示技术领域的信号采样测试相关且具体，仅凭上下文即可得出答案，无幻觉内容。,-1.0
/mnt/storage/dataset/PPVL_reuslts_CN/中文/wanfang202507/有机发光二极管显示(OLED)/OLED材料科学/平板显示/数字电视接收机开发过程中的图像质量评价方法研究/imgs/img_in_image_box_851_628_1638_1349.jpg,diagram,1.0,图 4-2 rgb 色彩空间模型,,在 rgb 色彩空间中，每种颜色出现在红、绿、蓝的原色光谱分量中，如图 4-2 所示，rgb 分别位于三个角上，青、深红和黄位于另外三个角上，黑色在原点处，白色位于离原点最远的角上。在该模型中，灰度等级沿着这两点的连线分布。在本模型中，不同的颜色处在立方体上或其内部，并可用从原点分布的向量来定义。为方便起见，假定所有的颜色值都归一化，则图所示的立方体就是一个单位立方体，即所有rgb的值都在 $$ 0，1 $$ 范围内取值。,['在 rgb 色彩空间中，每种颜色出现在红、绿、蓝的原色光谱分量中，如图 4-2 所示，rgb 分别位于三个角上，青、深红和黄位于另外三个角上，黑色在原点处，白色位于离原点最远的角上。在该模型中，灰度等级沿着这两点的连线分布。在本模型中，不同的颜色处在立方体上或其内部，并可用从原点分布的向量来定义。为方便起见，假定所有的颜色值都归一化，则图所示的立方体就是一个单位立方体，即所有rgb的值都在 $$ 0，1 $$ 范围内取值。'],"{
  ""diagrams"": [
    {
      ""id"": ""sub_diagram_1"",
      ""domain"": ""3D Geometry"",
      ""summary"": ""A 3D color cube illustrating RGB color space with axes labeled in Chinese and coordinates."",
      ""entities"": [
        {
          ""id"": ""e1"",
          ""label"": ""蓝"",
          ""type"": ""Axis Label"",
          ""location"": ""top"",
          ""value"": ""Blue""
        },
        {
          ""id"": ""e2"",
          ""label"": ""青"",
          ""type"": ""Axis Label"",
          ""location"": ""top-right"",
          ""value"": ""Cyan""
        },
        {
          ""id"": ""e3"",
          ""label"": ""绿"",
          ""type"": ""Axis Label"",
          ""location"": ""right"",
          ""value"": ""Green""
        },
        {
          ""id"": ""e4"",
          ""label"": ""黄"",
          ""type"": ""Axis Label"",
          ""location"": ""bottom-right"",
          ""value"": ""Yellow""
        },
        {
          ""id"": ""e5"",
          ""label"": ""红"",
          ""type"": ""Axis Label"",
          ""location"": ""bottom-left"",
          ""value"": ""Red""
        },
        {
          ""id"": ""e6"",
          ""label"": ""深红"",
          ""type"": ""Axis Label"",
          ""location"": ""left"",
          ""value"": ""Dark Red""
        },
        {
          ""id"": ""e7"",
          ""label"": ""白"",
          ""type"": ""Vertex Label"",
          ""location"": ""top-right-front"",
          ""value"": ""White""
        },
        {
          ""id"": ""e8"",
          ""label"": ""黑"",
          ""type"": ""Vertex Label"",
          ""location"": ""bottom-left-back"",
          ""value"": ""Black""
        },
        {
          ""id"": ""e9"",
          ""label"": ""(0, 0, 1)"",
          ""type"": ""Coordinate Label"",
          ""location"": ""top"",
          ""value"": ""(0, 0, 1)""
        },
        {
          ""id"": ""e10"",
          ""label"": ""(0, 1, 0)"",
          ""type"": ""Coordinate Label"",
          ""location"": ""right"",
          ""value"": ""(0, 1, 0)""
        },
        {
          ""id"": ""e11"",
          ""label"": ""(1, 0, 0)"",
          ""type"": ""Coordinate Label"",
          ""location"": ""bottom-left"",
          ""value"": ""(1, 0, 0)""
        },
        {
          ""id"": ""e12"",
          ""label"": ""Cube"",
          ""type"": ""Geometric Object"",
          ""location"": ""center"",
          ""value"": ""3D Cube""
        },
        {
          ""id"": ""e13"",
          ""label"": ""Dashed Line"",
          ""type"": ""Line Segment"",
          ""location"": ""diagonal"",
          ""value"": ""Diagonal from (1,0,0) to (0,1,1)""
        }
      ],
      ""relations"": [
        {
          ""source"": ""e12"",
          ""target"": ""e1"",
          ""type"": ""axis_alignment"",
          ""details"": ""Blue axis aligned with vertical direction""
        },
        {
          ""source"": ""e12"",
          ""target"": ""e3"",
          ""type"": ""axis_alignment"",
          ""details"": ""Green axis aligned with rightward direction""
        },
        {
          ""source"": ""e12"",
          ""target"": ""e5"",
          ""type"": ""axis_alignment"",
          ""details"": ""Red axis aligned with bottom-left direction""
        },
        {
          ""source"": ""e12"",
          ""target"": ""e7"",
          ""type"": ""vertex_position"",
          ""details"": ""Vertex labeled '白' at coordinate (0, 0, 1)""
        },
        {
          ""source"": ""e12"",
          ""target"": ""e8"",
          ""type"": ""vertex_position"",
          ""details"": ""Vertex labeled '黑' at coordinate (1, 0, 0)""
        },
        {
          ""source"": ""e12"",
          ""target"": ""e13"",
          ""type"": ""contains"",
          ""details"": ""Cube contains the dashed diagonal line""
        },
        {
          ""source"": ""e13"",
          ""target"": ""e8"",
          ""type"": ""connects"",
          ""details"": ""Dashed line connects vertex (1,0,0) to vertex (0,1,1)""
        }
      ]
    }
  ]
}",器件 (Devices)/类型 (Types)/OLED (有机发光二极管),0.9,有机发光二极管显示(OLED)/OLED材料科学/平板显示/数字电视接收机开发过程中的图像质量评价方法研究,"The path explicitly identifies the research context as OLED-related, specifically within the domain of OLED material science and flat panel display, which directly maps to the OLED (organic light-emitting diode) category.","[""rgb色彩空间"",""单位立方体"",""红"",""绿"",""蓝"",""青"",""黄"",""深红"",""白色"",""0，1""]","图片展示了RGB色彩空间的单位立方体，红（1,0,0）、绿（0,1,0）、蓝（0,0,1）为坐标轴原色顶点，青、黄、深红为补色顶点，白色位于离原点（黑）最远的角，颜色值归一化至0-1范围，与文本中RGB色彩空间模型、单位立方体及颜色分布的描述一致。","{""generated_question"":""Fleetham等人合成的三个蓝磷光Pt(II)配合物（1-3）的量子效率分别是多少？造成它们量子效率差异的可能结构原因是什么？"",""generated_answer"":""配合物1（溶液环境）的量子效率为56%，配合物2（薄膜环境）为32%，配合物3（溶液环境）低于1%。结构原因可能包括：①配位方式差异：配合物1、3中咪唑基/吡唑基通过N原子与Pt配位，配合物2中NHC以sp²杂化的σ供体形式与Pt的σ受体轨道作用；②配体中N原子及配位原子的位置差异：三个配合物的亚苯基桥连钳状配体化学相似，但配体中N原子和配位原子的位置不同，可能导致分子刚性、电子轨道相互作用（如激发态能级、非辐射弛豫路径）不同，进而影响量子效率（如配合物3因配位环境或激发态弛豫特性，非辐射跃迁占优，量子效率极低）。"",""qa_reasoning"":null}","{""generated_question"":""在图4-2的RGB单位立方体色彩空间模型中，灰度等级的分布路径是怎样的？"",""generated_answer"":""灰度等级沿着黑色（原点）到白色（离原点最远的角）的连线分布。"",""qa_reasoning"":null}",24,False,0.0,问题和答案的主题（蓝磷光Pt(II)配合物的量子效率）与给定的上下文（RGB色彩空间的定义、单位立方体等内容）完全无关，答案包含了上下文外的信息，不符合事实依据和相关性要求。,True,1.0,答案严格依据上下文内容，准确指出灰度等级沿黑色（原点）到白色（离原点最远的角）的连线分布；问题聚焦于RGB单位立方体色彩空间模型中灰度等级的分布路径，与显示技术领域的色彩空间知识相关，且可基于上下文推导得出答案，问题具体不宽泛。,-1.0
/mnt/storage/dataset/PPVL_reuslts_CN/中文/wanfang202507/有机发光二极管显示(OLED)/OLED材料科学/平板显示/手持设备图像控制器的设计与研究/imgs/img_in_image_box_323_2050_2046_2698.jpg,diagram,1.0,图 3-3 图形加速引擎 bitblt 8bpp 写时序图,,对源 fifo 和目的 fifo：若数据来自存储器则往 fifo 写的时候要分次写，需要两个周期，地址产生其产生地址时对应同一个 fifo 的地址至少间隔一个周期对写 fifo：若要往存储器写，则要将两个 16bit 的数据拼接成 32bit 数据。对于 8bpp 的数据，从主机过来的话需要拼接成 16bit 后写入 fifo，同样从 fifo 读出的数据要往主机写，也需将 16bit 分两次送。如图 3-3~图 3-4 所示。,['对源 fifo 和目的 fifo：若数据来自存储器则往 fifo 写的时候要分次写，需要两个周期，地址产生其产生地址时对应同一个 fifo 的地址至少间隔一个周期对写 fifo：若要往存储器写，则要将两个 16bit 的数据拼接成 32bit 数据。对于 8bpp 的数据，从主机过来的话需要拼接成 16bit 后写入 fifo，同样从 fifo 读出的数据要往主机写，也需将 16bit 分两次送。如图 3-3~图 3-4 所示。'],"{
  ""diagrams"": [
    {
      ""id"": ""sub_diagram_1"",
      ""domain"": ""Digital Signal Timing Diagram"",
      ""summary"": ""Timing diagram showing host write enable, host data, source FIFO write enable, and data to FIFO signals."",
      ""entities"": [
        {
          ""id"": ""e1"",
          ""label"": ""Host_wr_en"",
          ""type"": ""Signal"",
          ""value"": ""Write Enable"",
          ""location"": ""top""
        },
        {
          ""id"": ""e2"",
          ""label"": ""Host_data[7:0]"",
          ""type"": ""Signal"",
          ""value"": ""8-bit Data Bus"",
          ""location"": ""second from top""
        },
        {
          ""id"": ""e3"",
          ""label"": ""Source_fifo_wr_en"",
          ""type"": ""Signal"",
          ""value"": ""FIFO Write Enable"",
          ""location"": ""third from top""
        },
        {
          ""id"": ""e4"",
          ""label"": ""Data_to_fifo[15:0]"",
          ""type"": ""Signal"",
          ""value"": ""16-bit Data to FIFO"",
          ""location"": ""bottom""
        }
      ],
      ""relations"": [
        {
          ""source"": ""e1"",
          ""target"": ""e2"",
          ""type"": ""timing_dependency"",
          ""details"": ""Host_wr_en controls when Host_data[7:0] is valid.""
        },
        {
          ""source"": ""e2"",
          ""target"": ""e3"",
          ""type"": ""data_flow"",
          ""details"": ""Host_data[7:0] is written to FIFO when Source_fifo_wr_en is active.""
        },
        {
          ""source"": ""e3"",
          ""target"": ""e4"",
          ""type"": ""control_signal"",
          ""details"": ""Source_fifo_wr_en enables writing to Data_to_fifo[15:0].""
        }
      ]
    }
  ]
}",器件 (Devices)/类型 (Types)/OLED (有机发光二极管),0.9,有机发光二极管显示(OLED)/OLED材料科学/平板显示/手持设备图像控制器的设计与研究,"The path explicitly identifies the research context as OLED-related, with 'OLED材料科学' and '平板显示' indicating the core display technology and application domain.",,,"{""generated_question"":""笔型OFET器件中SiO₂绝缘层的厚度是多少？"",""generated_answer"":""300nm"",""qa_reasoning"":null}","{""generated_question"":""当写fifo需要往存储器写数据时，数据的处理方式是什么？"",""generated_answer"":""写fifo往存储器写数据时，需要将两个16bit的数据拼接成32bit数据后再进行写入。"",""qa_reasoning"":null}",25,False,0.0,问题询问的笔型OFET器件中SiO₂绝缘层厚度与提供的上下文（关于fifo数据处理）无关，答案“300nm”无事实依据，属于幻觉。,True,1.0,答案严格依据上下文内容，准确回答了写fifo往存储器写数据时的数据处理方式；问题与上下文主题相关且具有针对性，可基于上下文内容得出答案。,-1.0
/mnt/storage/dataset/PPVL_reuslts_CN/中文/wanfang202507/有机发光二极管显示(OLED)/OLED材料科学/平板显示/手持设备图像控制器的设计与研究/imgs/img_in_image_box_353_2038_2035_2752.jpg,diagram,1.0,图 2-4 毛刺电路,,clock 模块产生 4 个时钟，源时钟为两个 clk1（或 xtal）与 clk2；当 cpu 接口为 indirect interface 时，使用 xtal 为源时钟。其他情况时，clk1 为源时钟。产生 4 个时钟，见表 2-1。在时钟选择切换时，要考虑去毛刺的问题。去毛刺电路如图 2-4 所示：#### 2.2.5 颜色查询表,['clock 模块产生 4 个时钟，源时钟为两个 clk1（或 xtal）与 clk2；当 cpu 接口为 indirect interface 时，使用 xtal 为源时钟。其他情况时，clk1 为源时钟。产生 4 个时钟，见表 2-1。在时钟选择切换时，要考虑去毛刺的问题。去毛刺电路如图 2-4 所示：#### 2.2.5 颜色查询表'],"{
  ""diagrams"": [
    {
      ""id"": ""sub_diagram_1"",
      ""domain"": ""Digital Circuit"",
      ""summary"": ""A digital circuit with two D flip-flops, AND gates, and inverters, generating a clock output based on select and clock inputs."",
      ""entities"": [
        {
          ""id"": ""e1"",
          ""label"": ""select"",
          ""type"": ""Input Signal"",
          ""location"": ""top-left""
        },
        {
          ""id"": ""e2"",
          ""label"": ""A-clk"",
          ""type"": ""Input Signal"",
          ""location"": ""middle-left""
        },
        {
          ""id"": ""e3"",
          ""label"": ""B-clk"",
          ""type"": ""Input Signal"",
          ""location"": ""bottom-left""
        },
        {
          ""id"": ""e4"",
          ""label"": ""clkout"",
          ""type"": ""Output Signal"",
          ""location"": ""right""
        },
        {
          ""id"": ""e5"",
          ""label"": ""AND Gate 1"",
          ""type"": ""Logic Gate"",
          ""location"": ""top-center""
        },
        {
          ""id"": ""e6"",
          ""label"": ""AND Gate 2"",
          ""type"": ""Logic Gate"",
          ""location"": ""bottom-center""
        },
        {
          ""id"": ""e7"",
          ""label"": ""AND Gate 3"",
          ""type"": ""Logic Gate"",
          ""location"": ""right-center""
        },
        {
          ""id"": ""e8"",
          ""label"": ""AND Gate 4"",
          ""type"": ""Logic Gate"",
          ""location"": ""right-center""
        },
        {
          ""id"": ""e9"",
          ""label"": ""Inverter 1"",
          ""type"": ""Logic Gate"",
          ""location"": ""top-center""
        },
        {
          ""id"": ""e10"",
          ""label"": ""Inverter 2"",
          ""type"": ""Logic Gate"",
          ""location"": ""bottom-center""
        },
        {
          ""id"": ""e11"",
          ""label"": ""D Flip-Flop 1"",
          ""type"": ""Sequential Circuit"",
          ""location"": ""top-center""
        },
        {
          ""id"": ""e12"",
          ""label"": ""D Flip-Flop 2"",
          ""type"": ""Sequential Circuit"",
          ""location"": ""bottom-center""
        },
        {
          ""id"": ""e13"",
          ""label"": ""AND Gate 5"",
          ""type"": ""Logic Gate"",
          ""location"": ""right-center""
        },
        {
          ""id"": ""e14"",
          ""label"": ""AND Gate 6"",
          ""type"": ""Logic Gate"",
          ""location"": ""right-center""
        }
      ],
      ""relations"": [
        {
          ""source"": ""e1"",
          ""target"": ""e5"",
          ""type"": ""input_to"",
          ""details"": ""select signal connected to one input of AND Gate 1""
        },
        {
          ""source"": ""e2"",
          ""target"": ""e5"",
          ""type"": ""input_to"",
          ""details"": ""A-clk signal connected to one input of AND Gate 1""
        },
        {
          ""source"": ""e5"",
          ""target"": ""e9"",
          ""type"": ""output_to"",
          ""details"": ""output of AND Gate 1 connected to input of Inverter 1""
        },
        {
          ""source"": ""e9"",
          ""target"": ""e11"",
          ""type"": ""output_to"",
          ""details"": ""output of Inverter 1 connected to D input of D Flip-Flop 1""
        },
        {
          ""source"": ""e11"",
          ""target"": ""e5"",
          ""type"": ""output_to"",
          ""details"": ""Q output of D Flip-Flop 1 connected to one input of AND Gate 1""
        },
        {
          ""source"": ""e11"",
          ""target"": ""e13"",
          ""type"": ""output_to"",
          ""details"": ""Q output of D Flip-Flop 1 connected to one input of AND Gate 3""
        },
        {
          ""source"": ""e11"",
          ""target"": ""e14"",
          ""type"": ""output_to"",
          ""details"": ""Q output of D Flip-Flop 1 connected to one input of AND Gate 4""
        },
        {
          ""source"": ""e3"",
          ""target"": ""e6"",
          ""type"": ""input_to"",
          ""details"": ""B-clk signal connected to one input of AND Gate 2""
        },
        {
          ""source"": ""e1"",
          ""target"": ""e6"",
          ""type"": ""input_to"",
          ""details"": ""select signal connected to one input of AND Gate 2""
        },
        {
          ""source"": ""e6"",
          ""target"": ""e10"",
          ""type"": ""output_to"",
          ""details"": ""output of AND Gate 2 connected to input of Inverter 2""
        },
        {
          ""source"": ""e10"",
          ""target"": ""e12"",
          ""type"": ""output_to"",
          ""details"": ""output of Inverter 2 connected to D input of D Flip-Flop 2""
        },
        {
          ""source"": ""e12"",
          ""target"": ""e6"",
          ""type"": ""output_to"",
          ""details"": ""Q output of D Flip-Flop 2 connected to one input of AND Gate 2""
        },
        {
          ""source"": ""e12"",
          ""target"": ""e13"",
          ""type"": ""output_to"",
          ""details"": ""Q output of D Flip-Flop 2 connected to one input of AND Gate 3""
        },
        {
          ""source"": ""e12"",
          ""target"": ""e14"",
          ""type"": ""output_to"",
          ""details"": ""Q output of D Flip-Flop 2 connected to one input of AND Gate 4""
        },
        {
          ""source"": ""e13"",
          ""target"": ""e7"",
          ""type"": ""output_to"",
          ""details"": ""output of AND Gate 3 connected to one input of AND Gate 5""
        },
        {
          ""source"": ""e14"",
          ""target"": ""e8"",
          ""type"": ""output_to"",
          ""details"": ""output of AND Gate 4 connected to one input of AND Gate 6""
        },
        {
          ""source"": ""e7"",
          ""target"": ""e13"",
          ""type"": ""output_to"",
          ""details"": ""output of AND Gate 5 connected to one input of AND Gate 3""
        },
        {
          ""source"": ""e8"",
          ""target"": ""e14"",
          ""type"": ""output_to"",
          ""details"": ""output of AND Gate 6 connected to one input of AND Gate 4""
        },
        {
          ""source"": ""e7"",
          ""target"": ""e14"",
          ""type"": ""output_to"",
          ""details"": ""output of AND Gate 5 connected to one input of AND Gate 4""
        },
        {
          ""source"": ""e8"",
          ""target"": ""e13"",
          ""type"": ""output_to"",
          ""details"": ""output of AND Gate 6 connected to one input of AND Gate 3""
        },
        {
          ""source"": ""e7"",
          ""target"": ""e15"",
          ""type"": ""output_to"",
          ""details"": ""output of AND Gate 5 connected to one input of final AND gate""
        },
        {
          ""source"": ""e8"",
          ""target"": ""e16"",
          ""type"": ""output_to"",
          ""details"": ""output of AND Gate 6 connected to one input of final AND gate""
        },
        {
          ""source"": ""e15"",
          ""target"": ""e17"",
          ""type"": ""output_to"",
          ""details"": ""output of final AND gate connected to clkout""
        },
        {
          ""source"": ""e16"",
          ""target"": ""e17"",
          ""type"": ""output_to"",
          ""details"": ""output of final AND gate connected to clkout""
        }
      ]
    }
  ]
}",器件 (Devices)/类型 (Types)/OLED (有机发光二极管),0.9,有机发光二极管显示(OLED)/OLED材料科学/平板显示/手持设备图像控制器的设计与研究,"The path explicitly identifies the research context as OLED-related, with 'OLED材料科学' and '平板显示' indicating the core display technology and application domain.",,,"{""generated_question"":""根据图2-4（b）的电势分布，双电层电势随远离固壁面的距离变化分为哪几个阶段，各阶段的变化规律是什么？"",""generated_answer"":""双电层电势随远离固壁面的距离变化分为两个阶段：①从固壁面到滑移面（剪切面）：双电层zeta电势在固体表面处最大（等于固壁面的表面电势），随后沿远离固壁表面的方向**线性下降**，直至滑移面（此时电势为ζ电势）；②从滑移面到远离固壁面直至电势为零：从滑移面起，双电层电势随着远离固壁面而呈**曲线下降**，直至电势为零。"",""qa_reasoning"":null}","{""generated_question"":""当CPU接口为indirect interface时，时钟模块的源时钟是什么？"",""generated_answer"":""当CPU接口为indirect interface时，时钟模块的源时钟是xtal。"",""qa_reasoning"":null}",26,False,0.2,问题与答案内容和提供的上下文（时钟模块、去毛刺电路）无关，属于幻觉，无事实依据；问题与‘显示技术’（此处上下文为时钟相关技术）不相关，无法从给定上下文和图片中推导出该答案。,True,1.0,问题针对显示技术相关的时钟模块源时钟（具体CPU接口情况），答案严格依据上下文文本，可回答且准确，符合所有评估维度。,-0.8
/mnt/storage/dataset/PPVL_reuslts_CN/中文/wanfang202507/有机发光二极管显示(OLED)/OLED材料科学/平板显示/手持设备图像控制器的设计与研究/imgs/img_in_image_box_349_1774_2031_2886.jpg,diagram,1.0,图 4-8 dct 结构,,"整个 dct/idct 模块由两个一维 dct/idct 模块和一个转置模块组成，进来的数据先进行水平移位，将最高位求反。对于  $ 8 \times 8 $  的数据块，先处理列数据，再处理行数据。在编码过程中 buffer 的数据准备好后 enable 置高，dct 模块发出读使能信号，数据按时钟进入。在解码过程中，缓存准备好后 enable 置高可以接收 idc 送出的数据，idct 发出写使能信号，同时数据按时钟写入缓存 $ ^{[33,34,35]} $ ，其结构如图 4-6，图 4-7，图 4-8，图 4-9 所示。
设置一个计数器 zrl_counter[2:0]，zrlout_counter[2:0]。两者计数可以从 0 到 4，前者用来选择输出数据从第几个寄存器中读出，后者用来记录输出的 zrl 信号个数。每来一个 zrl 信号则 zrl_counter 计数器加一。一个 ac，dc 后面不可能马上出现 zrl(要间隔 16 个零才会出现)，但是有可能出现连续的 ac, dc。算法如下，结构如图 4-8。信号 load_control 要单独一个 always 块中给出。信号移位的启动在 zrl_counter!=0 且又来了一个 ac，或者 dc，或者 eob 信号，直到 zrl_counter 又变为零，这时候又不进行移位。这样可以大大减少寄存器无效翻转。一般来说有几个连续的 ac, dc, eob 请求寄存器才会连续的往下传值。比如说 62，63 来了有效的 ac，这时候要延两个周期出数据，其结构如图 4-14 所示，算法描述如下：if(zrl_counter == 0) //信号直接往外送if(有效信号进来：ac, dc,)信号直接往外送；else if(zrl 信号进来)zrl_counter = zrl_counter + 1;output = 外面进来的信号；if(zrl_counter == 1) //经过一级寄存器延迟往外送, 延迟的那一拍在送 zrl 信号if(有效信号进来：ac, dc,)进来的信号存在 reg1 中； //第一拍将 zrl 输出； //第一拍将 reg1 中的数据送出 //第二拍同时如果有第二个数据给出也送到 1。","['整个 dct/idct 模块由两个一维 dct/idct 模块和一个转置模块组成，进来的数据先进行水平移位，将最高位求反。对于  $ 8 \\times 8 $  的数据块，先处理列数据，再处理行数据。在编码过程中 buffer 的数据准备好后 enable 置高，dct 模块发出读使能信号，数据按时钟进入。在解码过程中，缓存准备好后 enable 置高可以接收 idc 送出的数据，idct 发出写使能信号，同时数据按时钟写入缓存 $ ^{[33,34,35]} $ ，其结构如图 4-6，图 4-7，图 4-8，图 4-9 所示。', '设置一个计数器 zrl_counter[2:0]，zrlout_counter[2:0]。两者计数可以从 0 到 4，前者用来选择输出数据从第几个寄存器中读出，后者用来记录输出的 zrl 信号个数。每来一个 zrl 信号则 zrl_counter 计数器加一。一个 ac，dc 后面不可能马上出现 zrl(要间隔 16 个零才会出现)，但是有可能出现连续的 ac, dc。算法如下，结构如图 4-8。信号 load_control 要单独一个 always 块中给出。信号移位的启动在 zrl_counter!=0 且又来了一个 ac，或者 dc，或者 eob 信号，直到 zrl_counter 又变为零，这时候又不进行移位。这样可以大大减少寄存器无效翻转。一般来说有几个连续的 ac, dc, eob 请求寄存器才会连续的往下传值。比如说 62，63 来了有效的 ac，这时候要延两个周期出数据，其结构如图 4-14 所示，算法描述如下：if(zrl_counter == 0) //信号直接往外送if(有效信号进来：ac, dc,)信号直接往外送；else if(zrl 信号进来)zrl_counter = zrl_counter + 1;output = 外面进来的信号；if(zrl_counter == 1) //经过一级寄存器延迟往外送, 延迟的那一拍在送 zrl 信号if(有效信号进来：ac, dc,)进来的信号存在 reg1 中； //第一拍将 zrl 输出； //第一拍将 reg1 中的数据送出 //第二拍同时如果有第二个数据给出也送到 1。']","{
  ""diagrams"": [
    {
      ""id"": ""sub_diagram_1"",
      ""domain"": ""Digital Logic Circuit"",
      ""summary"": ""A bus-oriented logic circuit that processes 8 input signals (X0-X7) through 8 RAC blocks and 8 add/subtract units to produce 8 output signals (x0-x7)."",
      ""entities"": [
        {
          ""id"": ""e1"",
          ""label"": ""X0"",
          ""type"": ""Input Signal"",
          ""location"": ""top-left""
        },
        {
          ""id"": ""e2"",
          ""label"": ""X1"",
          ""type"": ""Input Signal"",
          ""location"": ""left""
        },
        {
          ""id"": ""e3"",
          ""label"": ""X2"",
          ""type"": ""Input Signal"",
          ""location"": ""left""
        },
        {
          ""id"": ""e4"",
          ""label"": ""X3"",
          ""type"": ""Input Signal"",
          ""location"": ""left""
        },
        {
          ""id"": ""e5"",
          ""label"": ""X4"",
          ""type"": ""Input Signal"",
          ""location"": ""left""
        },
        {
          ""id"": ""e6"",
          ""label"": ""X5"",
          ""type"": ""Input Signal"",
          ""location"": ""left""
        },
        {
          ""id"": ""e7"",
          ""label"": ""X6"",
          ""type"": ""Input Signal"",
          ""location"": ""left""
        },
        {
          ""id"": ""e8"",
          ""label"": ""X7"",
          ""type"": ""Input Signal"",
          ""location"": ""left""
        },
        {
          ""id"": ""e9"",
          ""label"": ""RAC0"",
          ""type"": ""RAC Block"",
          ""location"": ""middle-top""
        },
        {
          ""id"": ""e10"",
          ""label"": ""RAC1"",
          ""type"": ""RAC Block"",
          ""location"": ""middle""
        },
        {
          ""id"": ""e11"",
          ""label"": ""RAC2"",
          ""type"": ""RAC Block"",
          ""location"": ""middle""
        },
        {
          ""id"": ""e12"",
          ""label"": ""RAC3"",
          ""type"": ""RAC Block"",
          ""location"": ""middle""
        },
        {
          ""id"": ""e13"",
          ""label"": ""RAC4"",
          ""type"": ""RAC Block"",
          ""location"": ""middle""
        },
        {
          ""id"": ""e14"",
          ""label"": ""RAC5"",
          ""type"": ""RAC Block"",
          ""location"": ""middle""
        },
        {
          ""id"": ""e15"",
          ""label"": ""RAC6"",
          ""type"": ""RAC Block"",
          ""location"": ""middle""
        },
        {
          ""id"": ""e16"",
          ""label"": ""RAC7"",
          ""type"": ""RAC Block"",
          ""location"": ""middle-bottom""
        },
        {
          ""id"": ""e17"",
          ""label"": ""x0"",
          ""type"": ""Output Signal"",
          ""location"": ""top-right""
        },
        {
          ""id"": ""e18"",
          ""label"": ""x1"",
          ""type"": ""Output Signal"",
          ""location"": ""right""
        },
        {
          ""id"": ""e19"",
          ""label"": ""x2"",
          ""type"": ""Output Signal"",
          ""location"": ""right""
        },
        {
          ""id"": ""e20"",
          ""label"": ""x3"",
          ""type"": ""Output Signal"",
          ""location"": ""right""
        },
        {
          ""id"": ""e21"",
          ""label"": ""x4"",
          ""type"": ""Output Signal"",
          ""location"": ""right""
        },
        {
          ""id"": ""e22"",
          ""label"": ""x5"",
          ""type"": ""Output Signal"",
          ""location"": ""right""
        },
        {
          ""id"": ""e23"",
          ""label"": ""x6"",
          ""type"": ""Output Signal"",
          ""location"": ""right""
        },
        {
          ""id"": ""e24"",
          ""label"": ""x7"",
          ""type"": ""Output Signal"",
          ""location"": ""right""
        },
        {
          ""id"": ""e25"",
          ""label"": ""Bus_v"",
          ""type"": ""Bus Definition"",
          ""text"": ""Bus_v={X7[0], X5[0], X3[0], X1[0]}"",
          ""location"": ""bottom-center""
        },
        {
          ""id"": ""e26"",
          ""label"": ""Adder"",
          ""type"": ""Adder Unit"",
          ""location"": ""right-top""
        },
        {
          ""id"": ""e27"",
          ""label"": ""Subtractor"",
          ""type"": ""Subtractor Unit"",
          ""location"": ""right""
        }
      ],
      ""relations"": [
        {
          ""source"": ""e1"",
          ""target"": ""e9"",
          ""type"": ""data_flow"",
          ""details"": ""X0 flows to RAC0""
        },
        {
          ""source"": ""e2"",
          ""target"": ""e10"",
          ""type"": ""data_flow"",
          ""details"": ""X1 flows to RAC1""
        },
        {
          ""source"": ""e3"",
          ""target"": ""e11"",
          ""type"": ""data_flow"",
          ""details"": ""X2 flows to RAC2""
        },
        {
          ""source"": ""e4"",
          ""target"": ""e12"",
          ""type"": ""data_flow"",
          ""details"": ""X3 flows to RAC3""
        },
        {
          ""source"": ""e5"",
          ""target"": ""e13"",
          ""type"": ""data_flow"",
          ""details"": ""X4 flows to RAC4""
        },
        {
          ""source"": ""e6"",
          ""target"": ""e14"",
          ""type"": ""data_flow"",
          ""details"": ""X5 flows to RAC5""
        },
        {
          ""source"": ""e7"",
          ""target"": ""e15"",
          ""type"": ""data_flow"",
          ""details"": ""X6 flows to RAC6""
        },
        {
          ""source"": ""e8"",
          ""target"": ""e16"",
          ""type"": ""data_flow"",
          ""details"": ""X7 flows to RAC7""
        },
        {
          ""source"": ""e9"",
          ""target"": ""e26"",
          ""type"": ""data_flow"",
          ""details"": ""RAC0 output flows to Adder""
        },
        {
          ""source"": ""e10"",
          ""target"": ""e27"",
          ""type"": ""data_flow"",
          ""details"": ""RAC1 output flows to Subtractor""
        },
        {
          ""source"": ""e11"",
          ""target"": ""e26"",
          ""type"": ""data_flow"",
          ""details"": ""RAC2 output flows to Adder""
        },
        {
          ""source"": ""e12"",
          ""target"": ""e27"",
          ""type"": ""data_flow"",
          ""details"": ""RAC3 output flows to Subtractor""
        },
        {
          ""source"": ""e13"",
          ""target"": ""e26"",
          ""type"": ""data_flow"",
          ""details"": ""RAC4 output flows to Adder""
        },
        {
          ""source"": ""e14"",
          ""target"": ""e27"",
          ""type"": ""data_flow"",
          ""details"": ""RAC5 output flows to Subtractor""
        },
        {
          ""source"": ""e15"",
          ""target"": ""e26"",
          ""type"": ""data_flow"",
          ""details"": ""RAC6 output flows to Adder""
        },
        {
          ""source"": ""e16"",
          ""target"": ""e27"",
          ""type"": ""data_flow"",
          ""details"": ""RAC7 output flows to Subtractor""
        },
        {
          ""source"": ""e26"",
          ""target"": ""e17"",
          ""type"": ""data_flow"",
          ""details"": ""Adder output flows to x0""
        },
        {
          ""source"": ""e27"",
          ""target"": ""e18"",
          ""type"": ""data_flow"",
          ""details"": ""Subtractor output flows to x7""
        },
        {
          ""source"": ""e26"",
          ""target"": ""e19"",
          ""type"": ""data_flow"",
          ""details"": ""Adder output flows to x1""
        },
        {
          ""source"": ""e27"",
          ""target"": ""e20"",
          ""type"": ""data_flow"",
          ""details"": ""Subtractor output flows to x6""
        },
        {
          ""source"": ""e26"",
          ""target"": ""e21"",
          ""type"": ""data_flow"",
          ""details"": ""Adder output flows to x2""
        },
        {
          ""source"": ""e27"",
          ""target"": ""e22"",
          ""type"": ""data_flow"",
          ""details"": ""Subtractor output flows to x5""
        },
        {
          ""source"": ""e26"",
          ""target"": ""e23"",
          ""type"": ""data_flow"",
          ""details"": ""Adder output flows to x3""
        },
        {
          ""source"": ""e27"",
          ""target"": ""e24"",
          ""type"": ""data_flow"",
          ""details"": ""Subtractor output flows to x4""
        }
      ]
    }
  ]
}",器件 (Devices)/类型 (Types)/OLED (有机发光二极管),0.9,有机发光二极管显示(OLED)/OLED材料科学/平板显示/手持设备图像控制器的设计与研究,"The path explicitly identifies the research context as OLED-related, with 'OLED材料科学' and '平板显示' indicating the core display technology and application domain.","[""dct/idct"",""8×8数据块"",""一维dct/idct"",""列数据"",""行数据""]",图片展示8路输入（X0 - X7）、8个RAC模块（RAC0 - RAC7）及加减运算（+、-）的电路结构，对应dct/idct模块中**一维处理8×8数据块**的行/列数据（文本中dct/idct模块由一维模块组成，处理8×8块的列/行数据）。图文对齐后，提取与图片结构相关的文本关键词。,"{""generated_question"":""DCT/IDCT模块处理8×8数据块时，数据处理的顺序是先处理行数据还是列数据？"",""generated_answer"":""DCT/IDCT模块处理8×8数据块时，先处理列数据，再处理行数据。"",""qa_reasoning"":null}","{""generated_question"":""在DCT/IDCT模块的结构（如图4-8）中，移位操作启动的条件是什么？"",""generated_answer"":""移位操作启动的条件是`zrl_counter!=0`（即`zrl_counter`计数不为0）且接收到一个`ac`、`dc`或`eob`信号，直到`zrl_counter`计数再次变为0时，移位操作停止。"",""qa_reasoning"":null}",27,True,1.0,问题聚焦DCT/IDCT模块处理8×8数据块的顺序，与显示技术领域的模块处理流程相关；答案严格依据上下文文本中“对于8×8的数据块，先处理列数据，再处理行数据”的描述，事实依据充分，问题具体且可回答。,True,1.0,答案严格依据上下文文本中关于DCT/IDCT模块（图4-8）移位操作启动条件的描述，问题聚焦于具体的模块结构（图4-8）中移位启动条件，与显示技术领域的DCT/IDCT模块设计相关，且基于上下文可明确推导出答案，无幻觉、问题具体可答。,0.0
/mnt/storage/dataset/PPVL_reuslts_CN/中文/wanfang202507/有机发光二极管显示(OLED)/OLED材料科学/平板显示/手持设备图像控制器的设计与研究/imgs/img_in_image_box_414_530_1986_1005.jpg,diagram,1.0,图 4-11 rac 结构,,"bus  $ u=\{x_{6}[0],x_{4}[0],x[2],x[0]\} $字节数据进来后经过 8 次移位后，8 个字节并行输出到下一级寄存器，每个周期输出最低两位，同时 r 寄存器右移两位，butterfly 结构如 4-10 所示。输入模块输出的两个 bit 数据进行加或减操作，结果用于组成 rom 的地址。rac 结构如图 4-11 所示，16 个 rac 每次并行输出 8 个字节的数据，一个周期内处理两个 bit, 通过与输入单元类似结构的输出单元按字节串行输出。idct 操作时，rac 的输出直接加/减后通过输出模块输出, rac 模块除了 rom 内容不同外可以部分复用结构。","['bus  $ u=\\{x_{6}[0],x_{4}[0],x[2],x[0]\\} $字节数据进来后经过 8 次移位后，8 个字节并行输出到下一级寄存器，每个周期输出最低两位，同时 r 寄存器右移两位，butterfly 结构如 4-10 所示。输入模块输出的两个 bit 数据进行加或减操作，结果用于组成 rom 的地址。rac 结构如图 4-11 所示，16 个 rac 每次并行输出 8 个字节的数据，一个周期内处理两个 bit, 通过与输入单元类似结构的输出单元按字节串行输出。idct 操作时，rac 的输出直接加/减后通过输出模块输出, rac 模块除了 rom 内容不同外可以部分复用结构。']","{
  ""diagrams"": [
    {
      ""id"": ""sub_diagram_1"",
      ""domain"": ""Digital Circuit"",
      ""summary"": ""A digital signal processing block diagram showing a 4-bit input processed through ROM, a +/- selector, and an SR register with a right-shift feedback loop."",
      ""entities"": [
        {
          ""id"": ""e1"",
          ""label"": ""4bit"",
          ""type"": ""Data Input"",
          ""location"": ""left side""
        },
        {
          ""id"": ""e2"",
          ""label"": ""ROM"",
          ""type"": ""Memory Block"",
          ""location"": ""center-left""
        },
        {
          ""id"": ""e3"",
          ""label"": ""12bit"",
          ""type"": ""Data Output Label"",
          ""location"": ""between ROM and +/- block""
        },
        {
          ""id"": ""e4"",
          ""label"": "" +/- "",
          ""type"": ""Selector/Logic Block"",
          ""location"": ""center""
        },
        {
          ""id"": ""e5"",
          ""label"": ""SR"",
          ""type"": ""Shift Register"",
          ""location"": ""right side""
        },
        {
          ""id"": ""e6"",
          ""label"": ""右移一位"",
          ""type"": ""Chinese Text Label"",
          ""value"": ""Right Shift by One Bit"",
          ""location"": ""top of feedback line""
        }
      ],
      ""relations"": [
        {
          ""source"": ""e1"",
          ""target"": ""e2"",
          ""type"": ""data_input_to"",
          ""details"": ""4bit data input to ROM""
        },
        {
          ""source"": ""e2"",
          ""target"": ""e4"",
          ""type"": ""data_output_to"",
          ""details"": ""12bit output from ROM to +/- block""
        },
        {
          ""source"": ""e4"",
          ""target"": ""e5"",
          ""type"": ""data_output_to"",
          ""details"": ""output from +/- block to SR register""
        },
        {
          ""source"": ""e5"",
          ""target"": ""e4"",
          ""type"": ""feedback_connection"",
          ""details"": ""output of SR register feeds back to +/- block, labeled '右移一位' (Right Shift by One Bit)""
        }
      ]
    }
  ]
}",器件 (Devices)/类型 (Types)/OLED (有机发光二极管),0.9,有机发光二极管显示(OLED)/OLED材料科学/平板显示/手持设备图像控制器的设计与研究,"The path explicitly identifies the research context as OLED-related, with 'OLED材料科学' and '平板显示' indicating the core display technology and application domain.","[""rom"",""加/减"",""移位寄存器"",""bit"",""rac""]",图片展示了包含ROM、加/减（+/-）、移位寄存器（SR）的数据流处理结构，4bit输入经ROM输出12bit后，经加/减、SR并右移反馈。文本中“rom”对应图片ROM，“加或减操作”对应+/-，“移位（寄存器）”对应SR及文本的移位操作，“bit”对应数据位处理，“rac”（rac模块含类似ROM、加/减、移位的复用结构）与图片逻辑一致。,"{""generated_question"":""ITO/PPV(40nm)/(3.4,7)CdSe(CdS)/Mg/Ag器件的启辉电压为何降低？"",""generated_answer"":""由于CdSe(CdS)纳晶的电子亲和能较大，使得ITO/PPV界面处和Mg/CdSe(CdS)纳晶界面处的电荷注入位垒较小，进而降低了该器件的启辉电压。"",""qa_reasoning"":null}","{""generated_question"":""rac结构中输入的字节数据经过多少次移位后会并行输出到下一级寄存器？"",""generated_answer"":""8次"",""qa_reasoning"":null}",28,False,0.1,问题询问的ITO/PPV等器件的启辉电压相关内容与提供的上下文（关于字节数据移位、butterfly结构、rac结构的数据处理流程）无关，答案无事实依据（上下文未涉及器件材料及启辉电压相关内容），问题与上下文的显示技术主题不相关，无法基于上下文回答该问题。,False,0.2,答案错误，上下文仅说明bus的字节数据经过8次移位，rac结构的输入字节数据移位次数未提及，答案存在幻觉，不符合事实依据。,-0.1
/mnt/storage/dataset/PPVL_reuslts_CN/中文/wanfang202507/有机发光二极管显示(OLED)/OLED材料科学/平板显示/手持设备图像控制器的设计与研究/imgs/img_in_image_box_359_514_2023_1057.jpg,diagram,1.0,图 4-6 dct idct 模块结构,,"整个 dct/idct 模块由两个一维 dct/idct 模块和一个转置模块组成，进来的数据先进行水平移位，将最高位求反。对于  $ 8 \times 8 $  的数据块，先处理列数据，再处理行数据。在编码过程中 buffer 的数据准备好后 enable 置高，dct 模块发出读使能信号，数据按时钟进入。在解码过程中，缓存准备好后 enable 置高可以接收 idc 送出的数据，idct 发出写使能信号，同时数据按时钟写入缓存 $ ^{[33,34,35]} $ ，其结构如图 4-6，图 4-7，图 4-8，图 4-9 所示。","['整个 dct/idct 模块由两个一维 dct/idct 模块和一个转置模块组成，进来的数据先进行水平移位，将最高位求反。对于  $ 8 \\times 8 $  的数据块，先处理列数据，再处理行数据。在编码过程中 buffer 的数据准备好后 enable 置高，dct 模块发出读使能信号，数据按时钟进入。在解码过程中，缓存准备好后 enable 置高可以接收 idc 送出的数据，idct 发出写使能信号，同时数据按时钟写入缓存 $ ^{[33,34,35]} $ ，其结构如图 4-6，图 4-7，图 4-8，图 4-9 所示。']","{
  ""diagrams"": [
    {
      ""id"": ""sub_diagram_1"",
      ""domain"": ""Data Processing Flowchart"",
      ""summary"": ""A block diagram showing a two-stage DCT/IDCT processing pipeline with a transpose operation in between."",
      ""entities"": [
        {
          ""id"": ""e1"",
          ""label"": ""DCT/IDCT"",
          ""type"": ""Processing Block"",
          ""location"": ""outer container label""
        },
        {
          ""id"": ""e2"",
          ""label"": ""1D_DCT/IDCT"",
          ""type"": ""Processing Block"",
          ""location"": ""left inner block""
        },
        {
          ""id"": ""e3"",
          ""label"": ""transpose"",
          ""type"": ""Processing Block"",
          ""location"": ""middle block""
        },
        {
          ""id"": ""e4"",
          ""label"": ""1D_DCT/IDCT"",
          ""type"": ""Processing Block"",
          ""location"": ""right inner block""
        },
        {
          ""id"": ""e5"",
          ""label"": ""Input"",
          ""type"": ""Data Flow Arrow"",
          ""location"": ""left side""
        },
        {
          ""id"": ""e6"",
          ""label"": ""Output"",
          ""type"": ""Data Flow Arrow"",
          ""location"": ""right side""
        }
      ],
      ""relations"": [
        {
          ""source"": ""e5"",
          ""target"": ""e2"",
          ""type"": ""data_flows_to"",
          ""details"": ""Input flows into the first 1D_DCT/IDCT block""
        },
        {
          ""source"": ""e2"",
          ""target"": ""e3"",
          ""type"": ""data_flows_to"",
          ""details"": ""Output of first 1D_DCT/IDCT flows to transpose block""
        },
        {
          ""source"": ""e3"",
          ""target"": ""e4"",
          ""type"": ""data_flows_to"",
          ""details"": ""Output of transpose flows to second 1D_DCT/IDCT block""
        },
        {
          ""source"": ""e4"",
          ""target"": ""e6"",
          ""type"": ""data_flows_to"",
          ""details"": ""Output of second 1D_DCT/IDCT flows to final output""
        }
      ]
    }
  ]
}",器件 (Devices)/类型 (Types)/OLED (有机发光二极管),0.9,有机发光二极管显示(OLED)/OLED材料科学/平板显示/手持设备图像控制器的设计与研究,"The path explicitly identifies the research context as OLED-related, with 'OLED材料科学' and '平板显示' indicating the core display technology and application domain.","[""DCT/IDCT"",""1D_DCT/IDCT"",""transpose""]",图片展示了DCT/IDCT模块的结构，由两个1D_DCT/IDCT模块和一个转置（transpose）模块依次连接组成，与文本中描述的“dct/idct模块由两个一维dct/idct模块和一个转置模块组成”的结构对应。,"{""generated_question"":""DCT/IDCT模块的组成结构包含哪些部分？"",""generated_answer"":""整个DCT/IDCT模块由两个一维DCT/IDCT模块和一个转置模块组成。"",""qa_reasoning"":null}","{""generated_question"":""DCT/IDCT模块的组成部分有哪些，且8×8数据块的处理顺序是怎样的？"",""generated_answer"":""DCT/IDCT模块由两个一维DCT/IDCT模块和一个转置模块组成；对于8×8的数据块，进来的数据先进行水平移位并将最高位求反，之后先处理列数据，再处理行数据。"",""qa_reasoning"":null}",29,True,1.0,问题询问DCT/IDCT模块的组成结构，答案严格依据上下文文本，准确指出模块由两个一维DCT/IDCT模块和一个转置模块组成；问题与模块结构相关，基于上下文可回答，且问题具体针对模块组成结构，符合评估维度要求。,True,1.0,答案严格基于上下文文本，准确回答了DCT/IDCT模块的组成（两个一维DCT/IDCT模块和一个转置模块）以及8×8数据块的处理顺序（先水平移位并最高位求反，再先处理列数据后处理行数据）；问题针对模块组成和数据块处理顺序，具体且与显示技术相关（如视频编码中的显示处理环节），且基于上下文可回答。,0.0
/mnt/storage/dataset/PPVL_reuslts_CN/中文/wanfang202507/有机发光二极管显示(OLED)/OLED材料科学/平板显示/手持设备图像控制器的设计与研究/imgs/img_in_image_box_410_1786_1967_2585.jpg,diagram,1.0,图 4-15 熵编码的结构图,,熵解码单元模块中有计数器，当送第一个数据来的时候被认为是 dc，其他的被认为是 ac，直到 64 个数据送完为止。根据进来的 runlength 来选择输出零的个数，直到出完零后，再出 coefficient。一旦检测到 eob 信号，则检测哈夫曼的 coeff_number 计数器，指定出足够的零为止，再开始下一个的 bolck 的游程解码，其结构如图 4-15 所示。,['熵解码单元模块中有计数器，当送第一个数据来的时候被认为是 dc，其他的被认为是 ac，直到 64 个数据送完为止。根据进来的 runlength 来选择输出零的个数，直到出完零后，再出 coefficient。一旦检测到 eob 信号，则检测哈夫曼的 coeff_number 计数器，指定出足够的零为止，再开始下一个的 bolck 的游程解码，其结构如图 4-15 所示。'],"{
  ""diagrams"": [
    {
      ""id"": ""sub_diagram_1"",
      ""domain"": ""Digital Circuit"",
      ""summary"": ""Block diagram of a video decoder system with Huffman decoder, ZRL decoder, FIFO, and CLUT components."",
      ""entities"": [
        {
          ""id"": ""e1"",
          ""label"": ""Yuv_format"",
          ""type"": ""Input Signal"",
          ""location"": ""top-left""
        },
        {
          ""id"": ""e2"",
          ""label"": ""Data"",
          ""type"": ""Input Signal"",
          ""location"": ""left""
        },
        {
          ""id"": ""e3"",
          ""label"": ""clk"",
          ""type"": ""Input Signal"",
          ""location"": ""left""
        },
        {
          ""id"": ""e4"",
          ""label"": ""reset"",
          ""type"": ""Input Signal"",
          ""location"": ""left""
        },
        {
          ""id"": ""e5"",
          ""label"": ""Huffman dcoder"",
          ""type"": ""Block"",
          ""location"": ""center-left""
        },
        {
          ""id"": ""e6"",
          ""label"": ""ZRL decoder"",
          ""type"": ""Block"",
          ""location"": ""center-right""
        },
        {
          ""id"": ""e7"",
          ""label"": ""FIFO"",
          ""type"": ""Block"",
          ""location"": ""right""
        },
        {
          ""id"": ""e8"",
          ""label"": ""Clut"",
          ""type"": ""Block"",
          ""location"": ""bottom-center""
        },
        {
          ""id"": ""e9"",
          ""label"": ""Data_to_iq"",
          ""type"": ""Output Signal"",
          ""location"": ""top-right""
        },
        {
          ""id"": ""e10"",
          ""label"": ""Clut_data"",
          ""type"": ""Input Signal"",
          ""location"": ""bottom-left""
        },
        {
          ""id"": ""e11"",
          ""label"": ""Wrclut_enable"",
          ""type"": ""Input Signal"",
          ""location"": ""bottom-left""
        },
        {
          ""id"": ""e12"",
          ""label"": ""runlength"",
          ""type"": ""Signal"",
          ""location"": ""between Huffman dcoder and ZRL decoder""
        },
        {
          ""id"": ""e13"",
          ""label"": ""coefficient"",
          ""type"": ""Signal"",
          ""location"": ""between Huffman dcoder and ZRL decoder""
        },
        {
          ""id"": ""e14"",
          ""label"": ""Category"",
          ""type"": ""Signal"",
          ""location"": ""between Huffman dcoder and ZRL decoder""
        },
        {
          ""id"": ""e15"",
          ""label"": ""EOB"",
          ""type"": ""Signal"",
          ""location"": ""between Huffman dcoder and ZRL decoder""
        },
        {
          ""id"": ""e16"",
          ""label"": ""dataout"",
          ""type"": ""Signal"",
          ""location"": ""between ZRL decoder and FIFO""
        },
        {
          ""id"": ""e17"",
          ""label"": ""Wr_req"",
          ""type"": ""Signal"",
          ""location"": ""between ZRL decoder and FIFO""
        },
        {
          ""id"": ""e18"",
          ""label"": ""Rd_req"",
          ""type"": ""Signal"",
          ""location"": ""between FIFO and external""
        }
      ],
      ""relations"": [
        {
          ""source"": ""e1"",
          ""target"": ""e5"",
          ""type"": ""input_to"",
          ""details"": ""Yuv_format input to Huffman dcoder""
        },
        {
          ""source"": ""e2"",
          ""target"": ""e5"",
          ""type"": ""input_to"",
          ""details"": ""Data input to Huffman dcoder""
        },
        {
          ""source"": ""e3"",
          ""target"": ""e5"",
          ""type"": ""input_to"",
          ""details"": ""clk input to Huffman dcoder""
        },
        {
          ""source"": ""e4"",
          ""target"": ""e5"",
          ""type"": ""input_to"",
          ""details"": ""reset input to Huffman dcoder""
        },
        {
          ""source"": ""e5"",
          ""target"": ""e6"",
          ""type"": ""output_to"",
          ""details"": ""Huffman dcoder outputs runlength, coefficient, Category, EOB to ZRL decoder""
        },
        {
          ""source"": ""e5"",
          ""target"": ""e8"",
          ""type"": ""bidirectional"",
          ""details"": ""Huffman dcoder and Clut have bidirectional connection""
        },
        {
          ""source"": ""e10"",
          ""target"": ""e8"",
          ""type"": ""input_to"",
          ""details"": ""Clut_data input to Clut""
        },
        {
          ""source"": ""e11"",
          ""target"": ""e8"",
          ""type"": ""input_to"",
          ""details"": ""Wrclut_enable input to Clut""
        },
        {
          ""source"": ""e6"",
          ""target"": ""e7"",
          ""type"": ""output_to"",
          ""details"": ""ZRL decoder outputs dataout and Wr_req to FIFO""
        },
        {
          ""source"": ""e7"",
          ""target"": ""e9"",
          ""type"": ""output_to"",
          ""details"": ""FIFO outputs Data_to_iq""
        },
        {
          ""source"": ""e7"",
          ""target"": ""e18"",
          ""type"": ""output_to"",
          ""details"": ""FIFO receives Rd_req""
        }
      ]
    }
  ]
}",器件 (Devices)/类型 (Types)/OLED (有机发光二极管),0.9,有机发光二极管显示(OLED)/OLED材料科学/平板显示/手持设备图像控制器的设计与研究,"The path explicitly identifies the research context as OLED-related, with 'OLED材料科学' and '平板显示' indicating the core display technology and application domain.","[""Huffman decoder"",""runlength"",""coefficient"",""EOB"",""ZRL decoder"",""FIFO""]",图片展示了熵解码的模块结构，包含Huffman decoder（哈夫曼解码器）、ZRL decoder（零游程解码器）、FIFO等模块，以及runlength（游程长度）、coefficient（系数）、EOB（块结束）等信号，与文本中熵解码单元的哈夫曼解码、游程长度处理、系数输出、块结束检测等逻辑对应，这些术语在图片中以模块或信号形式存在。,"{""generated_question"":""在熵解码单元中，检测到EOB信号后需执行什么操作以开始下一个block的游程解码？"",""generated_answer"":""检测到EOB信号后，需先检测哈夫曼的coeff_number计数器，指定出足够的零，之后再开始下一个block的游程解码。"",""qa_reasoning"":null}","{""generated_question"":""熵解码单元在检测到EOB信号后，会进行哪些操作？"",""generated_answer"":""检测到EOB信号后，熵解码单元会先检测哈夫曼的coeff_number计数器以指定输出足够的零，输出完这些零后，开始下一个block的游程解码。"",""qa_reasoning"":null}",30,True,1.0,答案严格依据上下文文本，准确回答了检测到EOB信号后的操作步骤；问题聚焦于熵解码单元（属于显示技术相关的编码解码环节）中检测EOB后的具体操作，具备相关性、可回答性与具体性。,True,1.0,答案严格依据上下文内容，准确描述了熵解码单元检测到EOB信号后的操作流程；问题与显示技术领域的熵解码单元相关，且针对具体操作流程提问，具备可回答性与具体性。,0.0
/mnt/storage/dataset/PPVL_reuslts_CN/中文/wanfang202507/有机发光二极管显示(OLED)/OLED材料科学/平板显示/手持设备图像控制器的设计与研究/imgs/img_in_image_box_353_887_2021_1329.jpg,diagram,0.99,图 4-1 jpeg 编码流程,,"图 4-1 是设计 jpeg 的压缩的一般流程, 不管是软件硬件实现都需要这样的架构, 其中量化器 q: 先建立一个量化表矩阵 q, quantize 就是 round $ \left(\frac{s_{x,y}}{q_{x,y}}\right) $ , 反过来, dequantize 就是  $ s_{x,y} \times q_{x,y} $ 。量化表是控制 jpeg 压缩比的关键. 这个步骤除掉了一些高频量, 损失了很高细节。但事实上人眼对高空间频率远没有低频敏感. 所以处理后的视觉损失很小. 另一个重要原因是所有的图片的点与点之间会有一个色彩过渡的过程。大量的图象信息被包含在低空间频率中。经过量化处理后, 在高空间频率段, 将出现大量连续的零。","['图 4-1 是设计 jpeg 的压缩的一般流程, 不管是软件硬件实现都需要这样的架构, 其中量化器 q: 先建立一个量化表矩阵 q, quantize 就是 round $ \\left(\\frac{s_{x,y}}{q_{x,y}}\\right) $ , 反过来, dequantize 就是  $ s_{x,y} \\times q_{x,y} $ 。量化表是控制 jpeg 压缩比的关键. 这个步骤除掉了一些高频量, 损失了很高细节。但事实上人眼对高空间频率远没有低频敏感. 所以处理后的视觉损失很小. 另一个重要原因是所有的图片的点与点之间会有一个色彩过渡的过程。大量的图象信息被包含在低空间频率中。经过量化处理后, 在高空间频率段, 将出现大量连续的零。']","{
  ""diagrams"": [
    {
      ""id"": ""sub_diagram_1"",
      ""domain"": ""Data Compression Flowchart"",
      ""summary"": ""JPEG image compression process flow from YUV data to encoded JPEG data."",
      ""entities"": [
        {
          ""id"": ""e1"",
          ""label"": ""待编码的YUV数据"",
          ""type"": ""Input Data"",
          ""location"": ""leftmost""
        },
        {
          ""id"": ""e2"",
          ""label"": ""DCT变换"",
          ""type"": ""Processing Block"",
          ""location"": ""top-center""
        },
        {
          ""id"": ""e3"",
          ""label"": ""量化"",
          ""type"": ""Processing Block"",
          ""location"": ""center""
        },
        {
          ""id"": ""e4"",
          ""label"": ""直流差分编码"",
          ""type"": ""Processing Block"",
          ""location"": ""top-right""
        },
        {
          ""id"": ""e5"",
          ""label"": ""直流huffman编码"",
          ""type"": ""Processing Block"",
          ""location"": ""top-right""
        },
        {
          ""id"": ""e6"",
          ""label"": ""游程编码"",
          ""type"": ""Processing Block"",
          ""location"": ""top-right""
        },
        {
          ""id"": ""e7"",
          ""label"": ""Zig-Zag扫描"",
          ""type"": ""Processing Block"",
          ""location"": ""bottom-right""
        },
        {
          ""id"": ""e8"",
          ""label"": ""交流huffman编码"",
          ""type"": ""Processing Block"",
          ""location"": ""bottom-right""
        },
        {
          ""id"": ""e9"",
          ""label"": ""游程编码"",
          ""type"": ""Processing Block"",
          ""location"": ""bottom-right""
        },
        {
          ""id"": ""e10"",
          ""label"": ""数据打包"",
          ""type"": ""Processing Block"",
          ""location"": ""right-center""
        },
        {
          ""id"": ""e11"",
          ""label"": ""编码后的JPEG数据"",
          ""type"": ""Output Data"",
          ""location"": ""rightmost""
        }
      ],
      ""relations"": [
        {
          ""source"": ""e1"",
          ""target"": ""e2"",
          ""type"": ""data_flow"",
          ""details"": ""Input data flows into DCT transform""
        },
        {
          ""source"": ""e2"",
          ""target"": ""e3"",
          ""type"": ""data_flow"",
          ""details"": ""DCT output flows into quantization""
        },
        {
          ""source"": ""e3"",
          ""target"": ""e4"",
          ""type"": ""data_flow"",
          ""details"": ""Quantized data flows into DC difference encoding""
        },
        {
          ""source"": ""e3"",
          ""target"": ""e7"",
          ""type"": ""data_flow"",
          ""details"": ""Quantized data flows into Zig-Zag scan""
        },
        {
          ""source"": ""e4"",
          ""target"": ""e5"",
          ""type"": ""data_flow"",
          ""details"": ""DC difference encoded data flows into DC Huffman encoding""
        },
        {
          ""source"": ""e5"",
          ""target"": ""e6"",
          ""type"": ""data_flow"",
          ""details"": ""DC Huffman encoded data flows into run-length encoding""
        },
        {
          ""source"": ""e7"",
          ""target"": ""e8"",
          ""type"": ""data_flow"",
          ""details"": ""Zig-Zag scanned data flows into AC Huffman encoding""
        },
        {
          ""source"": ""e8"",
          ""target"": ""e9"",
          ""type"": ""data_flow"",
          ""details"": ""AC Huffman encoded data flows into run-length encoding""
        },
        {
          ""source"": ""e6"",
          ""target"": ""e10"",
          ""type"": ""data_flow"",
          ""details"": ""DC run-length encoded data flows into data packing""
        },
        {
          ""source"": ""e9"",
          ""target"": ""e10"",
          ""type"": ""data_flow"",
          ""details"": ""AC run-length encoded data flows into data packing""
        },
        {
          ""source"": ""e10"",
          ""target"": ""e11"",
          ""type"": ""data_flow"",
          ""details"": ""Packed data flows into final encoded JPEG output""
        }
      ]
    }
  ]
}",器件 (Devices)/类型 (Types)/OLED (有机发光二极管),0.9,有机发光二极管显示(OLED)/OLED材料科学/平板显示/手持设备图像控制器的设计与研究,"The path explicitly identifies the research context as OLED-related, with 'OLED材料科学' and '平板显示' indicating the core display technology and application domain.","[""JPEG压缩"",""量化"",""量化表"",""DCT变换"",""YUV数据"",""JPEG数据"",""高频量"",""低频""]",图片展示JPEG压缩流程图，包含DCT变换、量化、Zig - Zag扫描、Huffman编码等步骤，输入为YUV数据，输出为JPEG数据。文本中量化、量化表（控制压缩比）、DCT变换、YUV数据、JPEG数据、高频量（被量化去除）、低频（包含图像信息）等术语，与图中流程步骤（如量化、DCT变换）及压缩原理对应。,"{""generated_question"":""凸版印刷法制备配向膜时，其厚度可通过哪些因素进行控制？"",""generated_answer"":""凸版印刷法制备配向膜时，厚度可通过调节展色速度、印刷速度、液体吐出量、溶液固体含量等因素进行控制。"",""qa_reasoning"":null}","{""generated_question"":""在JPEG编码的量化过程中，高空间频率段为何会出现大量连续的零？"",""generated_answer"":""量化过程会去除（或大幅削弱）高空间频率的分量：一方面，人眼对高空间频率的敏感度远低于低频，量化时优先去除高频细节（视觉损失小）；另一方面，图像的色彩过渡等大量信息集中在低空间频率，高频分量本身携带的视觉关键信息少，经量化操作（round(sₓ,ᵧ/qₓ,ᵧ)）处理后，这些高频分量的数值经除法取整后易变为零，且高频分量的分布具有连续性，因此高空间频率段会出现大量连续的零。"",""qa_reasoning"":null}",31,False,0.0,问题询问的是凸版印刷法制备配向膜的厚度控制因素，而提供的上下文仅涉及JPEG压缩流程（量化、频率等内容），与凸版印刷、配向膜无关。答案内容在上下文中无依据（属于幻觉），无法从给定上下文推导出该答案，且问题与上下文主题不相关。,False,0.5,回答中“高频分量的分布具有连续性”无上下文依据，属于幻觉；但人眼对高频的敏感度、图像信息的频率分布、量化操作对高频数值的影响等解释符合或基于上下文合理推导。整体存在事实性错误，质量需过滤。,-0.5
/mnt/storage/dataset/PPVL_reuslts_CN/中文/wanfang202507/有机发光二极管显示(OLED)/OLED材料科学/平板显示/手持设备图像控制器的设计与研究/imgs/img_in_image_box_359_526_2021_1381.jpg,diagram,1.0,图 3-5 图形加速引擎 bitblt 数据处理的流程图,,该模块用来对 fifo 中的像素数据进行 2d 加速的操作，颜色扩展，光栅操作，透明处理，读，固定填充。像素数据的处理是以字来处理。数据选择信号通过组合逻辑译码来产生选通信号，每一次 bitblt 操作只选中一条数据通路，而将其他通路封锁掉，这样可以有效的减小无效的翻转。状态机中，任何状态只要 bitblt 使能信号变为低电平，则立即跳到 sleep 态。除颜色扩展外，所有的操作都在 work 态完成。主机来的颜色扩展，在 idle 态主机来数据，直接进入 color_work1 态；源 fifo 来的颜色扩展，先进入 color_work 态，在此状态发出读源 fifo 的请求。读写请求单元主要产生读写 fifo 信号，产生主机是否可以读写的状态等，根据当前所处的状态和 fifo 状态以及一些计数器的状态进行处理，数据处理的流程和状态机如图 3-5，3-6 所示。,['该模块用来对 fifo 中的像素数据进行 2d 加速的操作，颜色扩展，光栅操作，透明处理，读，固定填充。像素数据的处理是以字来处理。数据选择信号通过组合逻辑译码来产生选通信号，每一次 bitblt 操作只选中一条数据通路，而将其他通路封锁掉，这样可以有效的减小无效的翻转。状态机中，任何状态只要 bitblt 使能信号变为低电平，则立即跳到 sleep 态。除颜色扩展外，所有的操作都在 work 态完成。主机来的颜色扩展，在 idle 态主机来数据，直接进入 color_work1 态；源 fifo 来的颜色扩展，先进入 color_work 态，在此状态发出读源 fifo 的请求。读写请求单元主要产生读写 fifo 信号，产生主机是否可以读写的状态等，根据当前所处的状态和 fifo 状态以及一些计数器的状态进行处理，数据处理的流程和状态机如图 3-5，3-6 所示。'],"{
  ""diagrams"": [
    {
      ""id"": ""sub_diagram_1"",
      ""domain"": ""State Machine"",
      ""summary"": ""A state machine diagram for a bitblt operation, showing transitions between states and a conditional loop."",
      ""entities"": [
        {
          ""id"": ""e1"",
          ""label"": ""Sleep state"",
          ""type"": ""State"",
          ""location"": ""left""
        },
        {
          ""id"": ""e2"",
          ""label"": ""Start bitblt"",
          ""type"": ""Transition"",
          ""location"": ""between Sleep state and read FIFO or read Host""
        },
        {
          ""id"": ""e3"",
          ""label"": ""read FIFO or read Host"",
          ""type"": ""State"",
          ""location"": ""center-left""
        },
        {
          ""id"": ""e4"",
          ""label"": ""process"",
          ""type"": ""State"",
          ""location"": ""center""
        },
        {
          ""id"": ""e5"",
          ""label"": ""write FIFO or Host (once a words)"",
          ""type"": ""State"",
          ""location"": ""center-right""
        },
        {
          ""id"": ""e6"",
          ""label"": ""If (color expan) counter!=done_number"",
          ""type"": ""Conditional Block"",
          ""location"": ""below process""
        },
        {
          ""id"": ""e7"",
          ""label"": ""else"",
          ""type"": ""Else Block"",
          ""location"": ""below conditional block""
        },
        {
          ""id"": ""e8"",
          ""label"": ""A bitblt operation is end"",
          ""type"": ""Terminal State"",
          ""location"": ""top""
        }
      ],
      ""relations"": [
        {
          ""source"": ""e1"",
          ""target"": ""e3"",
          ""type"": ""transition"",
          ""details"": ""Triggered by 'Start bitblt'""
        },
        {
          ""source"": ""e3"",
          ""target"": ""e4"",
          ""type"": ""flow"",
          ""details"": ""Sequential flow""
        },
        {
          ""source"": ""e4"",
          ""target"": ""e5"",
          ""type"": ""flow"",
          ""details"": ""Sequential flow""
        },
        {
          ""source"": ""e5"",
          ""target"": ""e6"",
          ""type"": ""conditional_branch"",
          ""details"": ""Branches to conditional check""
        },
        {
          ""source"": ""e6"",
          ""target"": ""e3"",
          ""type"": ""conditional_flow"",
          ""details"": ""If condition is true, returns to 'read FIFO or read Host'""
        },
        {
          ""source"": ""e7"",
          ""target"": ""e5"",
          ""type"": ""conditional_flow"",
          ""details"": ""Else branch leads to 'write FIFO or Host'""
        },
        {
          ""source"": ""e5"",
          ""target"": ""e8"",
          ""type"": ""flow"",
          ""details"": ""After writing, operation ends""
        },
        {
          ""source"": ""e8"",
          ""target"": ""e1"",
          ""type"": ""loop"",
          ""details"": ""After operation ends, system returns to 'Sleep state'""
        }
      ]
    }
  ]
}",器件 (Devices)/类型 (Types)/OLED (有机发光二极管),0.9,有机发光二极管显示(OLED)/OLED材料科学/平板显示/手持设备图像控制器的设计与研究,"The path explicitly identifies the research context as OLED-related, with 'OLED材料科学' and '平板显示' indicating the core display technology and application domain.","[""bitblt"",""FIFO"",""颜色扩展"",""sleep态"",""Host"",""process"",""counter""]",图片为bitblt操作的状态机流程图，展示了从Sleep state（对应文本“sleep态”）开始，经Start bitblt进入`read FIFO`或`read Host`阶段，接着`process`处理，再到`write FIFO`或`write Host`（按字处理），包含“color expan”（对应文本“颜色扩展”）和`counter`（对应文本“计数器的状态”）的判断逻辑，操作结束后回到Sleep state。文本中该模块处理FIFO像素数据、bitblt操作、颜色扩展、状态机（sleep态）、读写FIFO/Host、计数器状态等，图片中的bitblt、FIFO、Host、颜色扩展、Sleep state、process、counter与文本内容对应。,"{""generated_question"":""图1.12（c）中的$\boldsymbol{\rm{zncds/cd_{x}zn_{1-x}s/zns}}$量子点结构与（a）中的$\boldsymbol{\rm{zncds/zns}}$量子点结构相比，新增的合金中间层$\boldsymbol{\rm{cd_{x}zn_{1-x}s}}$的作用是什么？"",""generated_answer"":""新增的合金中间层$\boldsymbol{\rm{cd_{x}zn_{1-x}s}}$可**提高量子点的价带位置**，从而**降低空穴从相邻空穴传输层向量子点层注入的势垒**；同时，量子点外层较薄的$\boldsymbol{\rm{zns}}$壳既能**保护核中的激子不受表面缺陷的影响**，又能**不影响电荷的传输**，二者共同作用进一步提升了qled器件的性能。"",""qa_reasoning"":null}","{""generated_question"":""bitblt模块的状态机在什么条件下会立即跳转到sleep态？"",""generated_answer"":""当bitblt使能信号变为低电平时，状态机的任何当前状态都会立即跳转到sleep态。"",""qa_reasoning"":null}",32,False,0.0,问题涉及的量子点结构相关内容与提供的上下文（FIFO像素数据处理模块）无关，答案内容无事实依据（上下文未提及量子点相关内容），问题与上下文不匹配，答案存在幻觉。,True,1.0,答案严格依据上下文文本，准确回答了bitblt模块状态机跳转到sleep态的条件；问题与显示技术领域的bitblt模块状态机相关，且可回答，问题具体针对跳转条件。,-1.0
/mnt/storage/dataset/PPVL_reuslts_CN/中文/wanfang202507/有机发光二极管显示(OLED)/OLED材料科学/平板显示/手持设备图像控制器的设计与研究/imgs/img_in_image_box_397_1270_1963_2144.jpg,diagram,1.0,图 4-16 查询表哈夫曼码表生成单元,,"解码时只需要依次填入每个查询表的 bits 和 huffval 即可，但结合解码加速算法，需要对 pt 和 cs 的初始值进行计算，然后存入表 c 和表 d 中，表 c、d 实际上和编码中的部分 sram 复用。查询表的寄存器编址结构 sel_clut [1:0] 选择表：00－dc 亮度表，01－dc 色度表，10－ac 亮度表，11－ac 色度表（解码的时候在 ffc4 后的第三个字节，编码的时候直接寻址）从第四个字节起，其后的数据分别存入两个表中，其中 a 表顺次存放哈夫曼 value, 即被编码的符号，b 表存放 bits, 即每一个码长的编码数。编码的时候，sram 的初始值是由主机通过寄存器写入的，解码的时候 sram 的初值由图片文件头解出，填入对应的 sram 中，其结构如图 4-16 所示。","['解码时只需要依次填入每个查询表的 bits 和 huffval 即可，但结合解码加速算法，需要对 pt 和 cs 的初始值进行计算，然后存入表 c 和表 d 中，表 c、d 实际上和编码中的部分 sram 复用。查询表的寄存器编址结构 sel_clut [1:0] 选择表：00－dc 亮度表，01－dc 色度表，10－ac 亮度表，11－ac 色度表（解码的时候在 ffc4 后的第三个字节，编码的时候直接寻址）从第四个字节起，其后的数据分别存入两个表中，其中 a 表顺次存放哈夫曼 value, 即被编码的符号，b 表存放 bits, 即每一个码长的编码数。编码的时候，sram 的初始值是由主机通过寄存器写入的，解码的时候 sram 的初值由图片文件头解出，填入对应的 sram 中，其结构如图 4-16 所示。']","{
  ""diagrams"": [
    {
      ""id"": ""sub_diagram_1"",
      ""domain"": ""Digital Circuit"",
      ""summary"": ""A block diagram showing a CLUT (Color Look-Up Table) module connected to multiple SRAM blocks and interfacing with Huffman encoding/decoding modules."",
      ""entities"": [
        {
          ""id"": ""e1"",
          ""label"": ""Clut"",
          ""type"": ""Module"",
          ""location"": ""center""
        },
        {
          ""id"": ""e2"",
          ""label"": ""Sram 256x16 ac"",
          ""type"": ""SRAM"",
          ""location"": ""top-left""
        },
        {
          ""id"": ""e3"",
          ""label"": ""Sram 256X16 ac_y_order"",
          ""type"": ""SRAM"",
          ""location"": ""top-middle-left""
        },
        {
          ""id"": ""e4"",
          ""label"": ""Sram 256X16 ac_u_order"",
          ""type"": ""SRAM"",
          ""location"": ""top-middle-right""
        },
        {
          ""id"": ""e5"",
          ""label"": ""Sram 256X4 ac_y_size"",
          ""type"": ""SRAM"",
          ""location"": ""top-right-middle""
        },
        {
          ""id"": ""e6"",
          ""label"": ""Sram 256X4 ac_u_size"",
          ""type"": ""SRAM"",
          ""location"": ""top-right""
        },
        {
          ""id"": ""e7"",
          ""label"": ""寄存器编址的 Sram"",
          ""type"": ""SRAM"",
          ""location"": ""top-right-most""
        },
        {
          ""id"": ""e8"",
          ""label"": ""Sram 16x16 dc_y"",
          ""type"": ""SRAM"",
          ""location"": ""bottom-left""
        },
        {
          ""id"": ""e9"",
          ""label"": ""Sram 16X16 dc_u"",
          ""type"": ""SRAM"",
          ""location"": ""bottom-middle-left""
        },
        {
          ""id"": ""e10"",
          ""label"": ""Sram 16X8 dc_y_size"",
          ""type"": ""SRAM"",
          ""location"": ""bottom-middle-right""
        },
        {
          ""id"": ""e11"",
          ""label"": ""Sram 16X8 dc_u_size"",
          ""type"": ""SRAM"",
          ""location"": ""bottom-right""
        },
        {
          ""id"": ""e12"",
          ""label"": ""Clut_data[7:0]"",
          ""type"": ""Data Bus"",
          ""location"": ""left side""
        },
        {
          ""id"": ""e13"",
          ""label"": ""Sel_clut[1:0]"",
          ""type"": ""Control Signal"",
          ""location"": ""left side""
        },
        {
          ""id"": ""e14"",
          ""label"": ""Wrclut_enable"",
          ""type"": ""Control Signal"",
          ""location"": ""left side""
        },
        {
          ""id"": ""e15"",
          ""label"": ""与huffman编码模块、解码模块接口"",
          ""type"": ""Interface"",
          ""location"": ""bottom""
        }
      ],
      ""relations"": [
        {
          ""source"": ""e1"",
          ""target"": ""e2"",
          ""type"": ""data_connection"",
          ""details"": ""bidirectional connection""
        },
        {
          ""source"": ""e1"",
          ""target"": ""e3"",
          ""type"": ""data_connection"",
          ""details"": ""bidirectional connection""
        },
        {
          ""source"": ""e1"",
          ""target"": ""e4"",
          ""type"": ""data_connection"",
          ""details"": ""bidirectional connection""
        },
        {
          ""source"": ""e1"",
          ""target"": ""e5"",
          ""type"": ""data_connection"",
          ""details"": ""bidirectional connection""
        },
        {
          ""source"": ""e1"",
          ""target"": ""e6"",
          ""type"": ""data_connection"",
          ""details"": ""bidirectional connection""
        },
        {
          ""source"": ""e1"",
          ""target"": ""e7"",
          ""type"": ""data_connection"",
          ""details"": ""bidirectional connection""
        },
        {
          ""source"": ""e1"",
          ""target"": ""e8"",
          ""type"": ""data_connection"",
          ""details"": ""bidirectional connection""
        },
        {
          ""source"": ""e1"",
          ""target"": ""e9"",
          ""type"": ""data_connection"",
          ""details"": ""bidirectional connection""
        },
        {
          ""source"": ""e1"",
          ""target"": ""e10"",
          ""type"": ""data_connection"",
          ""details"": ""bidirectional connection""
        },
        {
          ""source"": ""e1"",
          ""target"": ""e11"",
          ""type"": ""data_connection"",
          ""details"": ""bidirectional connection""
        },
        {
          ""source"": ""e12"",
          ""target"": ""e1"",
          ""type"": ""data_input"",
          ""details"": ""8-bit data input""
        },
        {
          ""source"": ""e13"",
          ""target"": ""e1"",
          ""type"": ""control_input"",
          ""details"": ""2-bit selection signal""
        },
        {
          ""source"": ""e14"",
          ""target"": ""e1"",
          ""type"": ""control_input"",
          ""details"": ""write enable signal""
        },
        {
          ""source"": ""e1"",
          ""target"": ""e15"",
          ""type"": ""interface_connection"",
          ""details"": ""connects to Huffman encoding/decoding modules""
        }
      ]
    }
  ]
}",器件 (Devices)/类型 (Types)/OLED (有机发光二极管),0.9,有机发光二极管显示(OLED)/OLED材料科学/平板显示/手持设备图像控制器的设计与研究,"The path explicitly identifies the research context as OLED-related, with 'OLED材料科学' and '平板显示' indicating the core display technology and application domain.","[""扫描电子显微镜"",""入射电子"",""样品表面"",""二次电子"",""背散射电子"",""俄歇电子"",""特征X射线电子""]",图片展示扫描电子显微镜的工作原理示意图，入射电子轰击样品表面，产生二次电子、背散射电子、俄歇电子、特征X射线电子等，与文本中电子束扫描样品表面生成二次电子、X射线等的描述对应，提取相关术语。,"{""generated_question"":""扫描电子显微镜的探测器主要收集样品表面激发的哪种电子信号来生成扫描图像？"",""generated_answer"":""探测器主要收集样品表面激发的二次电子来生成扫描图像。"",""qa_reasoning"":null}","{""generated_question"":""扫描电子显微镜中电子束轰击样品表面会产生哪些信号？"",""generated_answer"":""扫描电子显微镜中，高能电子束轰击样品表面会产生二次电子（如X射线、次级电子等）信号。"",""qa_reasoning"":null}",33,False,0.2,问题询问的扫描电子显微镜探测器相关内容与提供的上下文（显示技术中的解码流程、寄存器编址等）无关，答案基于上下文外的信息（幻觉），无法从给定上下文推导。,False,0.0,问题询问的是扫描电子显微镜的信号相关内容，而提供的上下文是关于解码过程中哈夫曼编码、SRAM初始化等内容，与扫描电子显微镜无关，无法支撑该问题的回答；且答案中错误将X射线归为二次电子（二次电子与X射线是不同的信号类型），存在事实性错误。,0.2
/mnt/storage/dataset/PPVL_reuslts_CN/中文/wanfang202507/有机发光二极管显示(OLED)/OLED材料科学/平板显示/手持设备图像控制器的设计与研究/imgs/img_in_image_box_427_1584_1951_2363.jpg,diagram,1.0,图 3-2 图形加速引擎 bitblt 的结构框图,,bitblt 操作一般有以下的流程: 取源数据→取目的数据→数据处理→写回到目的数据区。其中源和目的数据要分别取出，然后再写回。设计中的存储器为单口读写，为了加快速度，可以让数据处理在取源数据，取目的数据的时钟周期内完成。整个 bitblt 引擎基本结构如图 3-2，分为接口模块、fifo、地址产生、数据处理、比特对齐模块。,['bitblt 操作一般有以下的流程: 取源数据→取目的数据→数据处理→写回到目的数据区。其中源和目的数据要分别取出，然后再写回。设计中的存储器为单口读写，为了加快速度，可以让数据处理在取源数据，取目的数据的时钟周期内完成。整个 bitblt 引擎基本结构如图 3-2，分为接口模块、fifo、地址产生、数据处理、比特对齐模块。'],"{
  ""diagrams"": [
    {
      ""id"": ""sub_diagram_1"",
      ""domain"": ""Digital Circuit / Block Diagram"",
      ""summary"": ""Block diagram of a BitBLT (Bit Block Transfer) system showing data flow between memory, host, FIFOs, and processing units."",
      ""entities"": [
        {
          ""id"": ""e1"",
          ""label"": ""Memory I/F Host I/F"",
          ""type"": ""Interface Block"",
          ""location"": ""left side""
        },
        {
          ""id"": ""e2"",
          ""label"": ""Bit align unit"",
          ""type"": ""Processing Unit"",
          ""location"": ""top-center""
        },
        {
          ""id"": ""e3"",
          ""label"": ""Bit align unit"",
          ""type"": ""Processing Unit"",
          ""location"": ""bottom-center""
        },
        {
          ""id"": ""e4"",
          ""label"": ""Source_fifo"",
          ""type"": ""FIFO Buffer"",
          ""location"": ""top-right""
        },
        {
          ""id"": ""e5"",
          ""label"": ""Dest_fifo"",
          ""type"": ""FIFO Buffer"",
          ""location"": ""middle-right""
        },
        {
          ""id"": ""e6"",
          ""label"": ""Write_fifo"",
          ""type"": ""FIFO Buffer"",
          ""location"": ""bottom-right""
        },
        {
          ""id"": ""e7"",
          ""label"": ""BitBLT Process Unit"",
          ""type"": ""Processing Unit"",
          ""location"": ""right side""
        },
        {
          ""id"": ""e8"",
          ""label"": ""BitBLT Registers"",
          ""type"": ""Register Block"",
          ""location"": ""bottom-center""
        },
        {
          ""id"": ""e9"",
          ""label"": ""BitBLT Address generator"",
          ""type"": ""Address Generator"",
          ""location"": ""bottom-right""
        },
        {
          ""id"": ""e10"",
          ""label"": ""0"",
          ""type"": ""Selector Output"",
          ""location"": ""center-top""
        },
        {
          ""id"": ""e11"",
          ""label"": ""1"",
          ""type"": ""Selector Output"",
          ""location"": ""center-bottom""
        }
      ],
      ""relations"": [
        {
          ""source"": ""e1"",
          ""target"": ""e2"",
          ""type"": ""data_flow"",
          ""details"": ""Data_from_mem""
        },
        {
          ""source"": ""e2"",
          ""target"": ""e10"",
          ""type"": ""data_flow"",
          ""details"": ""output of selector""
        },
        {
          ""source"": ""e10"",
          ""target"": ""e4"",
          ""type"": ""data_flow"",
          ""details"": ""Source_fifo input""
        },
        {
          ""source"": ""e10"",
          ""target"": ""e5"",
          ""type"": ""data_flow"",
          ""details"": ""Dest_fifo input""
        },
        {
          ""source"": ""e1"",
          ""target"": ""e3"",
          ""type"": ""data_flow"",
          ""details"": ""Address and request signal""
        },
        {
          ""source"": ""e3"",
          ""target"": ""e6"",
          ""type"": ""data_flow"",
          ""details"": ""Write_fifo input""
        },
        {
          ""source"": ""e4"",
          ""target"": ""e7"",
          ""type"": ""data_flow"",
          ""details"": ""Source_fifo to BitBLT Process Unit""
        },
        {
          ""source"": ""e5"",
          ""target"": ""e7"",
          ""type"": ""data_flow"",
          ""details"": ""Dest_fifo to BitBLT Process Unit""
        },
        {
          ""source"": ""e6"",
          ""target"": ""e7"",
          ""type"": ""data_flow"",
          ""details"": ""Write_fifo to BitBLT Process Unit""
        },
        {
          ""source"": ""e7"",
          ""target"": ""e1"",
          ""type"": ""data_flow"",
          ""details"": ""Data_to_host""
        },
        {
          ""source"": ""e1"",
          ""target"": ""e7"",
          ""type"": ""data_flow"",
          ""details"": ""Data_from_host""
        },
        {
          ""source"": ""e7"",
          ""target"": ""e8"",
          ""type"": ""control_signal"",
          ""details"": ""Fifo_status""
        },
        {
          ""source"": ""e8"",
          ""target"": ""e9"",
          ""type"": ""data_flow"",
          ""details"": ""Address generation control""
        },
        {
          ""source"": ""e9"",
          ""target"": ""e1"",
          ""type"": ""data_flow"",
          ""details"": ""Address and request signal""
        }
      ]
    }
  ]
}",器件 (Devices)/类型 (Types)/OLED (有机发光二极管),0.9,有机发光二极管显示(OLED)/OLED材料科学/平板显示/手持设备图像控制器的设计与研究,"The path explicitly identifies the research context as OLED-related, with 'OLED材料科学' and '平板显示' indicating the core display technology and application domain.","[""有机EL器件"",""夹层式结构"",""发光层"",""电极"",""单层器件结构"",""阳极（ITO）"",""玻璃衬底"",""阴极"",""发光材料""]",图片展示了有机EL器件的单层夹层结构，从下到上依次为玻璃衬底、阳极（ITO）、发光材料（发光层）、阴极，发光层被两侧电极（阴极、阳极）夹在中间，与文本中“有机EL器件的夹层式结构（发光层被电极夹着）、单层器件结构”的描述对应，结构组成包含电极（阴极、阳极）、发光层（发光材料）、玻璃衬底、阳极（ITO）等。,"{""generated_question"":""单层有机EL器件的阳极材料是什么？"",""generated_answer"":""单层有机EL器件的阳极材料是ITO（氧化铟锡）。"",""qa_reasoning"":null}","{""generated_question"":""单层有机EL器件的结构从下到上依次包含哪些部分？"",""generated_answer"":""单层有机EL器件的结构从下到上依次包含玻璃衬底、阳极（ITO）、发光层、阴极。"",""qa_reasoning"":null}",34,False,0.0,提供的上下文内容为bitblt操作的流程，未涉及单层有机EL器件阳极材料相关信息，问题与当前上下文主题不相关，答案无当前上下文的事实依据，属于幻觉。,False,0.0,给定的上下文内容是关于bitblt操作的流程及bitblt引擎的结构，未涉及单层有机EL器件的结构相关信息，生成的问答对内容无事实依据，属于幻觉，且问题与上下文提供的信息不匹配。,0.0
/mnt/storage/dataset/PPVL_reuslts_CN/中文/wanfang202507/有机发光二极管显示(OLED)/OLED材料科学/平板显示/手持设备图像控制器的设计与研究/imgs/img_in_image_box_443_571_1938_1341.jpg,diagram,1.0,图 4-12 熵编码解码模块的结构图,,"jpeg 熵编解码模块由三个子模块组成，分别为熵编码模块，熵解码模块，查询表模块，如图 4-12。编码模块将经过 dct 变换，量化，zig-zag 扫描后的数据的依次进行游程编码和哈夫曼编码，最后将编码完成后的数据打包写入到 buffer 中。解码模块根据头标记解码模块的解出的控制信号对 jpeg 图像中的数据依次进行哈夫曼解码和游程解码，最后将解码后的数据送入反量化模块中。开始编码还是解码之前，必须先进行查询表的初始化。编码时查询表初始化较麻烦，首先依次填入每个查询表的 bits(每个码长的哈夫曼码数目)，和 huffval(依次要被编码的符号)；然后根据标准产生对应的哈夫曼码表并排序。解码时只需要依次填入每个查询表的 bits 和 huffval 即可 $ ^{[36,37,38]} $ 。","['jpeg 熵编解码模块由三个子模块组成，分别为熵编码模块，熵解码模块，查询表模块，如图 4-12。编码模块将经过 dct 变换，量化，zig-zag 扫描后的数据的依次进行游程编码和哈夫曼编码，最后将编码完成后的数据打包写入到 buffer 中。解码模块根据头标记解码模块的解出的控制信号对 jpeg 图像中的数据依次进行哈夫曼解码和游程解码，最后将解码后的数据送入反量化模块中。开始编码还是解码之前，必须先进行查询表的初始化。编码时查询表初始化较麻烦，首先依次填入每个查询表的 bits(每个码长的哈夫曼码数目)，和 huffval(依次要被编码的符号)；然后根据标准产生对应的哈夫曼码表并排序。解码时只需要依次填入每个查询表的 bits 和 huffval 即可 $ ^{[36,37,38]} $ 。']","{
  ""diagrams"": [
    {
      ""id"": ""sub_diagram_1"",
      ""domain"": ""Data Processing System"",
      ""summary"": ""A data processing system with encoding/decoding units, a FIFO buffer, and a lookup table unit."",
      ""entities"": [
        {
          ""id"": ""e1"",
          ""label"": ""解码数据"",
          ""type"": ""Data Input"",
          ""location"": ""top-left""
        },
        {
          ""id"": ""e2"",
          ""label"": ""编码数据"",
          ""type"": ""Data Input"",
          ""location"": ""left-center""
        },
        {
          ""id"": ""e3"",
          ""label"": ""解码后数据"",
          ""type"": ""Data Output"",
          ""location"": ""right-center""
        },
        {
          ""id"": ""e4"",
          ""label"": ""编码后数据"",
          ""type"": ""Data Output"",
          ""location"": ""top-right""
        },
        {
          ""id"": ""e5"",
          ""label"": ""FIFO"",
          ""type"": ""Buffer"",
          ""location"": ""center-top""
        },
        {
          ""id"": ""e6"",
          ""label"": ""熵编码单元"",
          ""type"": ""Processing Unit"",
          ""location"": ""left-center""
        },
        {
          ""id"": ""e7"",
          ""label"": ""熵解码单元"",
          ""type"": ""Processing Unit"",
          ""location"": ""right-center""
        },
        {
          ""id"": ""e8"",
          ""label"": ""查询表单元"",
          ""type"": ""Lookup Table Unit"",
          ""location"": ""bottom-center""
        },
        {
          ""id"": ""e9"",
          ""label"": ""梯形块"",
          ""type"": ""Data Flow Block"",
          ""location"": ""top-center""
        }
      ],
      ""relations"": [
        {
          ""source"": ""e1"",
          ""target"": ""e9"",
          ""type"": ""data_input"",
          ""details"": ""解码数据 flows into the trapezoidal block""
        },
        {
          ""source"": ""e9"",
          ""target"": ""e5"",
          ""type"": ""data_flow"",
          ""details"": ""trapezoidal block outputs to FIFO""
        },
        {
          ""source"": ""e5"",
          ""target"": ""e7"",
          ""type"": ""data_flow"",
          ""details"": ""FIFO outputs to 熵解码单元""
        },
        {
          ""source"": ""e5"",
          ""target"": ""e6"",
          ""type"": ""data_flow"",
          ""details"": ""FIFO outputs to 熵编码单元""
        },
        {
          ""source"": ""e6"",
          ""target"": ""e8"",
          ""type"": ""data_flow"",
          ""details"": ""熵编码单元 reads from 查询表单元""
        },
        {
          ""source"": ""e7"",
          ""target"": ""e8"",
          ""type"": ""data_flow"",
          ""details"": ""熵解码单元 reads from 查询表单元""
        },
        {
          ""source"": ""e8"",
          ""target"": ""e6"",
          ""type"": ""data_flow"",
          ""details"": ""查询表单元 outputs to 熵编码单元""
        },
        {
          ""source"": ""e8"",
          ""target"": ""e7"",
          ""type"": ""data_flow"",
          ""details"": ""查询表单元 outputs to 熵解码单元""
        },
        {
          ""source"": ""e6"",
          ""target"": ""e9"",
          ""type"": ""data_flow"",
          ""details"": ""熵编码单元 outputs to trapezoidal block""
        },
        {
          ""source"": ""e7"",
          ""target"": ""e3"",
          ""type"": ""data_output"",
          ""details"": ""熵解码单元 outputs 解码后数据""
        },
        {
          ""source"": ""e5"",
          ""target"": ""e4"",
          ""type"": ""data_output"",
          ""details"": ""FIFO outputs 编码后数据""
        }
      ]
    }
  ]
}",器件 (Devices)/类型 (Types)/OLED (有机发光二极管),0.9,有机发光二极管显示(OLED)/OLED材料科学/平板显示/手持设备图像控制器的设计与研究,"The path explicitly identifies the research context as OLED-related, with 'OLED材料科学' and '平板显示' indicating the core display technology and application domain.","[""tren-c"",""OLED"",""蓝色发光"",""香豆素"",""EQE""]",图片展示了三脚架型化合物tren-c（三2-(7-二乙基氨基香豆素-3-羧酰胺基)乙基胺）的分子式结构，文本中该化合物被用作蓝色发光OLED的掺杂剂，其电致发光器件的外量子效率（EQE）、发光效率等性能参数与描述对应，图片的化学结构验证了tren-c含香豆素基团、二乙基氨基等分子组成。,"{""generated_question"":""以0.5% tren-c制作的蓝色发光OLED的最大外量子效率（EQE）是多少？"",""generated_answer"":""以0.5% tren-c制作的蓝色发光OLED的最大外量子效率（EQE）为1.39%。"",""qa_reasoning"":null}","{""generated_question"":""在本设计的bitblt引擎中，选择处理位宽为16位的原因有哪些？"",""generated_answer"":""选择16位处理位宽的原因包括：①手持设备屏幕较小，颜色深度最大为16bpp；②存储器接口为32位时，综合芯片结构和成本因素进行的权衡选择；③16位位宽一次最少可处理一个像素，有利于像素数据的对齐；④16位的数据总线宽度能够满足流水线操作平衡的需求。"",""qa_reasoning"":null}",35,False,0.0,问题询问的是OLED的EQE，而提供的上下文仅涉及JPEG熵编解码模块的结构与流程，无任何OLED相关信息，答案属于无依据的幻觉，无法从给定上下文推导。,False,0.0,问题询问的bitblt引擎16位处理位宽的原因与提供的JPEG熵编解码模块的上下文无关，答案内容无对应事实依据，属于幻觉。,0.0
/mnt/storage/dataset/PPVL_reuslts_CN/中文/wanfang202507/有机发光二极管显示(OLED)/OLED材料科学/平板显示/手持设备图像控制器的设计与研究/imgs/img_in_image_box_473_544_1898_1251.jpg,diagram,1.0,图 5-1 bitblt 引擎的加速处理结构,,"对一般的图形加速设备而言，数据路径要越宽越好，理想状态为 32 位,少于 24 位时效率会比较低 $ ^{[39]} $ 。在本设计中，考虑到手持设备的屏幕较小，颜色深度最大为 16bpp,在存储器接口为 32 位时，综合考虑芯片结构和成本因素，在 bitblt 引擎中选择处理的位宽为 16 位，这样一次最少可以处理一个像素，也有利于处理时像素数据的对齐。刷新要求的带宽为：$$ \mathrm{v}=\mathrm{f r}\times\mathrm{h t p}\times\mathrm{v t p}\times\mathrm{b p p} $$这里 v 单位为 byte/s, fr 为帧速率，单位为 fps(frame per second)。htp(horizontal total period) 为总的水平显示总周期，包括显示像素和非显示周期，即为水平总的像素数。vtp(vertical total period) 为垂直显示周期，即为总的显示的行数。bpp(bytes per pixel) 为每个像素的字节数。采用流水线处理后,速度的瓶颈在存储器接口处，忽略掉字节对齐等操作所需要的时间，结合式(5-1)可以算出根据特定的屏幕分辨率、帧速率、颜色深度所得到的 bitblt 理想的数据率为：$$ \mathrm{mb}=(\mathrm{m}\times4-\mathrm{v})/(3\times\mathrm{bpp}) $$这里 mb 单位为 byte/s, m 为显示存储器的带宽，存储器的接口为 32 位。一般来说一个 bitblt 操作需要三个存储器时钟周期来读源数据，读目的数据，写处理后的数据。数据总线宽度为 16 位可以满足流水线操作平衡。如果要进一步加快 bitblt 速度，根据式(5-2)分析，要求源数据和目的数据同时产生，这需要对存储器结构和地址产生单元采用特殊的策略，同时 bitblt 处理单元总线宽度也要求为 32 位，这样速度大约可以提高 1/3。式(5-2)中忽略了其他操作对存储器带宽资源的占用，也忽略了主机时钟和存储器时钟不同所带来的影响,其结构如图 5-1 所示。","['对一般的图形加速设备而言，数据路径要越宽越好，理想状态为 32 位,少于 24 位时效率会比较低 $ ^{[39]} $ 。在本设计中，考虑到手持设备的屏幕较小，颜色深度最大为 16bpp,在存储器接口为 32 位时，综合考虑芯片结构和成本因素，在 bitblt 引擎中选择处理的位宽为 16 位，这样一次最少可以处理一个像素，也有利于处理时像素数据的对齐。刷新要求的带宽为：$$ \\mathrm{v}=\\mathrm{f r}\\times\\mathrm{h t p}\\times\\mathrm{v t p}\\times\\mathrm{b p p} $$这里 v 单位为 byte/s, fr 为帧速率，单位为 fps(frame per second)。htp(horizontal total period) 为总的水平显示总周期，包括显示像素和非显示周期，即为水平总的像素数。vtp(vertical total period) 为垂直显示周期，即为总的显示的行数。bpp(bytes per pixel) 为每个像素的字节数。采用流水线处理后,速度的瓶颈在存储器接口处，忽略掉字节对齐等操作所需要的时间，结合式(5-1)可以算出根据特定的屏幕分辨率、帧速率、颜色深度所得到的 bitblt 理想的数据率为：$$ \\mathrm{mb}=(\\mathrm{m}\\times4-\\mathrm{v})/(3\\times\\mathrm{bpp}) $$这里 mb 单位为 byte/s, m 为显示存储器的带宽，存储器的接口为 32 位。一般来说一个 bitblt 操作需要三个存储器时钟周期来读源数据，读目的数据，写处理后的数据。数据总线宽度为 16 位可以满足流水线操作平衡。如果要进一步加快 bitblt 速度，根据式(5-2)分析，要求源数据和目的数据同时产生，这需要对存储器结构和地址产生单元采用特殊的策略，同时 bitblt 处理单元总线宽度也要求为 32 位，这样速度大约可以提高 1/3。式(5-2)中忽略了其他操作对存储器带宽资源的占用，也忽略了主机时钟和存储器时钟不同所带来的影响,其结构如图 5-1 所示。']","{
  ""diagrams"": [
    {
      ""id"": ""sub_diagram_1"",
      ""domain"": ""Digital System Architecture"",
      ""summary"": ""A block diagram showing data flow between SRAM, a storage interface, FIFOs, byte alignment units, and a data processing unit, with address generation."",
      ""entities"": [
        {
          ""id"": ""e1"",
          ""label"": ""SRAM"",
          ""type"": ""Memory"",
          ""location"": ""left""
        },
        {
          ""id"": ""e2"",
          ""label"": ""存储器接口"",
          ""type"": ""Interface"",
          ""location"": ""center-left""
        },
        {
          ""id"": ""e3"",
          ""label"": ""FIFO"",
          ""type"": ""Buffer"",
          ""location"": ""top-center""
        },
        {
          ""id"": ""e4"",
          ""label"": ""FIFO"",
          ""type"": ""Buffer"",
          ""location"": ""middle-center""
        },
        {
          ""id"": ""e5"",
          ""label"": ""FIFO"",
          ""type"": ""Buffer"",
          ""location"": ""bottom-center""
        },
        {
          ""id"": ""e6"",
          ""label"": ""字节对齐单元"",
          ""type"": ""Alignment Unit"",
          ""location"": ""top-right""
        },
        {
          ""id"": ""e7"",
          ""label"": ""字节对齐单元"",
          ""type"": ""Alignment Unit"",
          ""location"": ""middle-right""
        },
        {
          ""id"": ""e8"",
          ""label"": ""字节对齐单元"",
          ""type"": ""Alignment Unit"",
          ""location"": ""bottom-right""
        },
        {
          ""id"": ""e9"",
          ""label"": ""数据处理单元"",
          ""type"": ""Processing Unit"",
          ""location"": ""right""
        },
        {
          ""id"": ""e10"",
          ""label"": ""地址产生单元"",
          ""type"": ""Address Generator"",
          ""location"": ""bottom-right""
        }
      ],
      ""relations"": [
        {
          ""source"": ""e1"",
          ""target"": ""e2"",
          ""type"": ""data_flow"",
          ""details"": ""源数据 32位从SRAM流向存储器接口""
        },
        {
          ""source"": ""e1"",
          ""target"": ""e2"",
          ""type"": ""data_flow"",
          ""details"": ""目的数据 32位从存储器接口流向SRAM""
        },
        {
          ""source"": ""e1"",
          ""target"": ""e2"",
          ""type"": ""data_flow"",
          ""details"": ""处理后数据 32位从存储器接口流向SRAM""
        },
        {
          ""source"": ""e1"",
          ""target"": ""e2"",
          ""type"": ""data_flow"",
          ""details"": ""源地址 16位从存储器接口流向SRAM""
        },
        {
          ""source"": ""e1"",
          ""target"": ""e2"",
          ""type"": ""data_flow"",
          ""details"": ""目的地址 16位从存储器接口流向SRAM""
        },
        {
          ""source"": ""e2"",
          ""target"": ""e3"",
          ""type"": ""data_flow"",
          ""details"": ""源数据 32位从存储器接口流向FIFO""
        },
        {
          ""source"": ""e2"",
          ""target"": ""e4"",
          ""type"": ""data_flow"",
          ""details"": ""目的数据 32位从存储器接口流向FIFO""
        },
        {
          ""source"": ""e2"",
          ""target"": ""e5"",
          ""type"": ""data_flow"",
          ""details"": ""源地址 16位从存储器接口流向FIFO""
        },
        {
          ""source"": ""e2"",
          ""target"": ""e5"",
          ""type"": ""data_flow"",
          ""details"": ""目的地址 16位从存储器接口流向FIFO""
        },
        {
          ""source"": ""e3"",
          ""target"": ""e6"",
          ""type"": ""data_flow"",
          ""details"": ""源数据 32位从FIFO流向字节对齐单元""
        },
        {
          ""source"": ""e4"",
          ""target"": ""e7"",
          ""type"": ""data_flow"",
          ""details"": ""目的数据 32位从FIFO流向字节对齐单元""
        },
        {
          ""source"": ""e5"",
          ""target"": ""e8"",
          ""type"": ""data_flow"",
          ""details"": ""源地址 16位从FIFO流向字节对齐单元""
        },
        {
          ""source"": ""e5"",
          ""target"": ""e8"",
          ""type"": ""data_flow"",
          ""details"": ""目的地址 16位从FIFO流向字节对齐单元""
        },
        {
          ""source"": ""e6"",
          ""target"": ""e9"",
          ""type"": ""data_flow"",
          ""details"": ""源数据 32位从字节对齐单元流向数据处理单元""
        },
        {
          ""source"": ""e7"",
          ""target"": ""e9"",
          ""type"": ""data_flow"",
          ""details"": ""目的数据 32位从字节对齐单元流向数据处理单元""
        },
        {
          ""source"": ""e8"",
          ""target"": ""e10"",
          ""type"": ""data_flow"",
          ""details"": ""字节对齐单元输出 32位流向地址产生单元""
        },
        {
          ""source"": ""e10"",
          ""target"": ""e2"",
          ""type"": ""data_flow"",
          ""details"": ""地址产生单元输出 16位流向存储器接口""
        }
      ]
    }
  ]
}",器件 (Devices)/类型 (Types)/OLED (有机发光二极管),0.9,有机发光二极管显示(OLED)/OLED材料科学/平板显示/手持设备图像控制器的设计与研究,"The path explicitly identifies the research context as OLED-related, with 'OLED材料科学' and '平板显示' indicating the core display technology and application domain.","[""stk6011p1-3v"",""44引脚"",""P0-P4"",""AD0~AD3"",""X1"",""X2"",""RET"",""PSEN#"",""Vdd"",""Vss""]",图片展示了微处理器stk6011p1-3v的封装引脚布局，可见P0/P1/P3系列引脚、X1/X2、RST等标识，与文本描述的引脚数量（44）、I/O口（P0 - P4共32个）、数模转换引脚（AD0~AD3）、晶振引脚（X1/X2）、复位键（RET）、外部存储器使能端（PSEN#）、电源引脚（Vdd/Vss）等技术细节一一对应。,"{""generated_question"":""stk6011p1-3v的Vdd引脚外接的电压值是多少？"",""generated_answer"":""stk6011p1-3v的Vdd引脚外接3.3V的电压。"",""qa_reasoning"":null}","{""generated_question"":""stk6011p1-3v的Vdd外接电压是多少？"",""generated_answer"":""3.3V"",""qa_reasoning"":null}",36,False,0.0,问题与提供的显示技术相关上下文无关，答案内容在上下文中无依据，属于幻觉，无法基于给定上下文回答该问题。,False,0.0,问题询问的stk6011p1-3v的Vdd外接电压与提供的显示技术相关上下文无关，答案无事实依据（上下文未提及该器件及相关电压信息），无法从给定信息推导得出。,0.0
/mnt/storage/dataset/PPVL_reuslts_CN/中文/wanfang202507/有机发光二极管显示(OLED)/OLED材料科学/平板显示/手持设备图像控制器的设计与研究/imgs/img_in_image_box_476_2357_1947_2914.jpg,diagram,1.0,图 4-5 哈夫曼编码结构,,产生哈夫曼码表、码长，以及排序的算法见标准 iso/iec 10918-1:1993(e) 中的附录 c 中的。图 4-2、图 4-3、图 4-4 给出了由 bits 和哈夫曼 value 生成哈夫曼码表的算法。根据这个算法，可以产生查询表哈夫曼码表。rom 所存的资料有两种，一种是地址，另一种是编码和解码数据，经由标记的值来区分，这个做法是根据树搜索的方法建构的，如果遇到叶子的时候，就是数据，如果还在子树的话，就还是地址。产生哈夫曼码表后，哈夫曼编码结构较为简单，其基本结构如图 4-5 所示。,['产生哈夫曼码表、码长，以及排序的算法见标准 iso/iec 10918-1:1993(e) 中的附录 c 中的。图 4-2、图 4-3、图 4-4 给出了由 bits 和哈夫曼 value 生成哈夫曼码表的算法。根据这个算法，可以产生查询表哈夫曼码表。rom 所存的资料有两种，一种是地址，另一种是编码和解码数据，经由标记的值来区分，这个做法是根据树搜索的方法建构的，如果遇到叶子的时候，就是数据，如果还在子树的话，就还是地址。产生哈夫曼码表后，哈夫曼编码结构较为简单，其基本结构如图 4-5 所示。'],"{
  ""diagrams"": [
    {
      ""id"": ""sub_diagram_1"",
      ""domain"": ""Digital Circuit"",
      ""summary"": ""A block diagram of a Huffman table memory system with address register, SRAM, and output buffer."",
      ""entities"": [
        {
          ""id"": ""e1"",
          ""label"": ""clk"",
          ""type"": ""Clock Signal"",
          ""location"": ""left side""
        },
        {
          ""id"": ""e2"",
          ""label"": ""Address register"",
          ""type"": ""Register"",
          ""location"": ""top-center""
        },
        {
          ""id"": ""e3"",
          ""label"": ""SRAM 512x18"",
          ""type"": ""Static RAM"",
          ""location"": ""center-right""
        },
        {
          ""id"": ""e4"",
          ""label"": ""Output buffer"",
          ""type"": ""Buffer"",
          ""location"": ""right side""
        },
        {
          ""id"": ""e5"",
          ""label"": ""Input Bit stream"",
          ""type"": ""Data Stream"",
          ""location"": ""bottom-center""
        }
      ],
      ""relations"": [
        {
          ""source"": ""e1"",
          ""target"": ""e2"",
          ""type"": ""clocks"",
          ""details"": ""Clock signal drives the address register.""
        },
        {
          ""source"": ""e2"",
          ""target"": ""e3"",
          ""type"": ""address_input"",
          ""details"": ""Address register provides address to SRAM.""
        },
        {
          ""source"": ""e5"",
          ""target"": ""e3"",
          ""type"": ""data_input"",
          ""details"": ""Input bit stream feeds data into SRAM.""
        },
        {
          ""source"": ""e3"",
          ""target"": ""e4"",
          ""type"": ""data_output"",
          ""details"": ""SRAM outputs data to the output buffer.""
        },
        {
          ""source"": ""e4"",
          ""target"": ""external"",
          ""type"": ""output"",
          ""details"": ""Output buffer sends final data to external system.""
        }
      ]
    }
  ]
}",器件 (Devices)/类型 (Types)/OLED (有机发光二极管),0.9,有机发光二极管显示(OLED)/OLED材料科学/平板显示/手持设备图像控制器的设计与研究,"The path explicitly identifies the research context as OLED-related, with 'OLED材料科学' and '平板显示' indicating the core display technology and application domain.","[""LUMO"",""HOMO"",""电子转移"",""离子基"",""载流子传输""]","图片展示了有机物分子的LUMO（最低未占据分子轨道）和HOMO（最高占据分子轨道）能级线，以及电子转移的箭头和离子基（$oldsymbol{m A^+}$、$oldsymbol{m A^-}$等）符号，示意载流子（电子）以离子基状态通过电子转移（跳跃）在分子间传输，涉及LUMO和HOMO轨道。文本中“载流子传输”“LUMO”“HOMO”“离子基（$oldsymbol{m A^+}$、$oldsymbol{m A^-}$）”“电子转移”等术语与图片内容直接对应。","{""generated_question"":""电子从阴极注入到有机物的过程，对应的是向有机物的哪种分子轨道注入？"",""generated_answer"":""电子从阴极注入到有机物的过程，对应的是向有机物的最低未占据分子轨道（LUMO）注入。"",""qa_reasoning"":null}","{""generated_question"":""该比特对齐处理场景中，存储器的数据宽度是多少？"",""generated_answer"":""存储器的数据宽度为32位（即4个字节）。"",""qa_reasoning"":null}",37,False,0.0,问题与答案的主题（电子注入有机物的分子轨道）和提供的上下文（哈夫曼码表生成）无关，答案属于幻觉，问题不符合相关性要求。,False,0.2,上下文仅介绍哈夫曼码表生成、ROM资料区分及哈夫曼编码结构，未提及‘比特对齐处理场景’及‘存储器的数据宽度’相关内容，答案无事实依据，问题与上下文无关且无法回答。,-0.2
/mnt/storage/dataset/PPVL_reuslts_CN/中文/wanfang202507/有机发光二极管显示(OLED)/OLED材料科学/平板显示/手持设备图像控制器的设计与研究/imgs/img_in_image_box_453_515_1926_1960.jpg,diagram,1.0,图 2-1 lcd controller 的系统框图,,lcd 图像控制器广泛的应用于各种图形显示设备中，其发展趋势是在单片 soc 中集成 mpeg-4 图形处理单元、2d/3d 图形加速引擎，以及 midi 合成器，并满足手持设备对物理尺寸、功耗和成本的要求，近年来的热点是手持设备中的图像控制器设计实现和优化。应用于手持设备中的中小尺寸 lcd 控制器，主要在系统中完成图形显示处理和控制功能，它通常内嵌一个的显示存储器以用来储存需要显示的图形的数据。同时一个二维图形加速引擎嵌入到了图形控制器中间，用来加速图形拷贝、移动、填充和颜色扩展等。针对手持设备的照相功能，添加了 jpeg 硬件编码解码器，和 yuv/rgb 转换器，摄像头的接口，图形裁减单元等。图像控制器结构如图 2-1 所示。,['lcd 图像控制器广泛的应用于各种图形显示设备中，其发展趋势是在单片 soc 中集成 mpeg-4 图形处理单元、2d/3d 图形加速引擎，以及 midi 合成器，并满足手持设备对物理尺寸、功耗和成本的要求，近年来的热点是手持设备中的图像控制器设计实现和优化。应用于手持设备中的中小尺寸 lcd 控制器，主要在系统中完成图形显示处理和控制功能，它通常内嵌一个的显示存储器以用来储存需要显示的图形的数据。同时一个二维图形加速引擎嵌入到了图形控制器中间，用来加速图形拷贝、移动、填充和颜色扩展等。针对手持设备的照相功能，添加了 jpeg 硬件编码解码器，和 yuv/rgb 转换器，摄像头的接口，图形裁减单元等。图像控制器结构如图 2-1 所示。'],"{
  ""diagrams"": [
    {
      ""id"": ""sub_diagram_1"",
      ""domain"": ""Digital Image Processing System"",
      ""summary"": ""Block diagram of an embedded image processing system with camera input, processing units, memory, and display output."",
      ""entities"": [
        {""id"": ""e1"", ""label"": ""CPU Bus"", ""type"": ""Bus"", ""location"": ""left side""},
        {""id"": ""e2"", ""label"": ""Host I/F"", ""type"": ""Interface"", ""location"": ""left side""},
        {""id"": ""e3"", ""label"": ""Camera I/F"", ""type"": ""Interface"", ""location"": ""top right""},
        {""id"": ""e4"", ""label"": ""Capture resizer"", ""type"": ""Processor Block"", ""location"": ""top center""},
        {""id"": ""e5"", ""label"": ""View resizer"", ""type"": ""Processor Block"", ""location"": ""middle center""},
        {""id"": ""e6"", ""label"": ""Jpeg codec"", ""type"": ""Processor Block"", ""location"": ""middle left""},
        {""id"": ""e7"", ""label"": ""YUV/RGB converter"", ""type"": ""Processor Block"", ""location"": ""middle left""},
        {""id"": ""e8"", ""label"": ""2D engine"", ""type"": ""Processor Block"", ""location"": ""middle left""},
        {""id"": ""e9"", ""label"": ""CLUT"", ""type"": ""Processor Block"", ""location"": ""bottom left""},
        {""id"": ""e10"", ""label"": ""Display fifo"", ""type"": ""Processor Block"", ""location"": ""bottom left""},
        {""id"": ""e11"", ""label"": ""Panel I/F"", ""type"": ""Interface"", ""location"": ""bottom right""},
        {""id"": ""e12"", ""label"": ""Embedded SRAM"", ""type"": ""Memory"", ""location"": ""right side""},
        {""id"": ""e13"", ""label"": ""Line buffer"", ""type"": ""Memory"", ""location"": ""right side""},
        {""id"": ""e14"", ""label"": ""fifo"", ""type"": ""Memory"", ""location"": ""right side""},
        {""id"": ""e15"", ""label"": ""Frame buffer"", ""type"": ""Memory"", ""location"": ""right side""},
        {""id"": ""e16"", ""label"": ""RGB"", ""type"": ""Output Signal"", ""location"": ""bottom right""}
      ],
      ""relations"": [
        {""source"": ""e1"", ""target"": ""e2"", ""type"": ""connected_to"", ""details"": ""bidirectional connection""},
        {""source"": ""e2"", ""target"": ""e6"", ""type"": ""connected_to"", ""details"": ""bidirectional connection""},
        {""source"": ""e2"", ""target"": ""e7"", ""type"": ""connected_to"", ""details"": ""bidirectional connection""},
        {""source"": ""e2"", ""target"": ""e8"", ""type"": ""connected_to"", ""details"": ""bidirectional connection""},
        {""source"": ""e2"", ""target"": ""e9"", ""type"": ""connected_to"", ""details"": ""bidirectional connection""},
        {""source"": ""e2"", ""target"": ""e10"", ""type"": ""connected_to"", ""details"": ""bidirectional connection""},
        {""source"": ""e3"", ""target"": ""e4"", ""type"": ""connected_to"", ""details"": ""bidirectional connection""},
        {""source"": ""e4"", ""target"": ""e5"", ""type"": ""connected_to"", ""details"": ""bidirectional connection""},
        {""source"": ""e5"", ""target"": ""e6"", ""type"": ""connected_to"", ""details"": ""bidirectional connection""},
        {""source"": ""e6"", ""target"": ""e12"", ""type"": ""connected_to"", ""details"": ""bidirectional connection""},
        {""source"": ""e7"", ""target"": ""e12"", ""type"": ""connected_to"", ""details"": ""bidirectional connection""},
        {""source"": ""e8"", ""target"": ""e12"", ""type"": ""connected_to"", ""details"": ""bidirectional connection""},
        {""source"": ""e9"", ""target"": ""e12"", ""type"": ""connected_to"", ""details"": ""bidirectional connection""},
        {""source"": ""e10"", ""target"": ""e11"", ""type"": ""connected_to"", ""details"": ""bidirectional connection""},
        {""source"": ""e11"", ""target"": ""e16"", ""type"": ""connected_to"", ""details"": ""unidirectional output""},
        {""source"": ""e12"", ""target"": ""e13"", ""type"": ""connected_to"", ""details"": ""bidirectional connection""},
        {""source"": ""e12"", ""target"": ""e14"", ""type"": ""connected_to"", ""details"": ""bidirectional connection""},
        {""source"": ""e12"", ""target"": ""e15"", ""type"": ""connected_to"", ""details"": ""bidirectional connection""},
        {""source"": ""e13"", ""target"": ""e6"", ""type"": ""connected_to"", ""details"": ""bidirectional connection""},
        {""source"": ""e14"", ""target"": ""e6"", ""type"": ""connected_to"", ""details"": ""bidirectional connection""},
        {""source"": ""e15"", ""target"": ""e8"", ""type"": ""connected_to"", ""details"": ""bidirectional connection""},
        {""source"": ""e15"", ""target"": ""e9"", ""type"": ""connected_to"", ""details"": ""bidirectional connection""},
        {""source"": ""e15"", ""target"": ""e10"", ""type"": ""connected_to"", ""details"": ""bidirectional connection""}
      ]
    }
  ]
}",器件 (Devices)/类型 (Types)/OLED (有机发光二极管),0.9,有机发光二极管显示(OLED)/OLED材料科学/平板显示/手持设备图像控制器的设计与研究,"The path explicitly identifies the research context as OLED-related, with 'OLED材料科学' and '平板显示' indicating the core display technology and application domain.","[""凸版印刷"",""墨辊"",""印版滚筒"",""印版图像"",""压力滚筒"",""纸""]",图片为凸版印刷的原理/结构示意图，展示了墨辊（涂布油墨）、印版滚筒（表面带印版图像，图文部分高于空白）、纸（承印物）、压力滚筒（提供印刷压力）等核心部件，直观呈现凸版印刷通过‘油墨涂布-压力转移’将图文印迹复制到承印物的过程，与文本中‘凸版印刷’的定义（图文高于空白、油墨涂布、压力转移）及印刷机结构描述高度对应。,"{""generated_question"":""凸版印刷过程中，印版上的图文是如何转移到承印物（如纸张）表面的？"",""generated_answer"":""凸版印刷的印版**图文部分高于空白部分**，首先通过**墨辊**将油墨涂布在印版的图文区域；随后，在**压力滚筒**的压力作用下，印版图文上的油墨被转移到承印物（如纸张）的表面，完成图文的转移。"",""qa_reasoning"":null}","{""generated_question"":""凸版印刷的印版，其图文部分与空白部分在结构上有何特点？"",""generated_answer"":""凸版印刷的印版，图文部分高于空白部分（二者高低悬殊），且图文部分与空白部分处于同一平面或同一半径弧的弧面上。"",""qa_reasoning"":null}",38,False,0.0,问题和答案的内容属于凸版印刷领域，与给定的显示技术（LCD图像控制器）上下文无关，不符合相关性要求。,False,0.0,生成的问答对内容为凸版印刷印版的结构特点，与提供的关于LCD图像控制器的上下文及图片（LCD图像控制器结构）无关，不符合事实依据、相关性等评估维度要求。,0.0
/mnt/storage/dataset/PPVL_reuslts_CN/中文/wanfang202507/有机发光二极管显示(OLED)/OLED材料科学/平板显示/新型有机电致发光材料的合成及其性质研究/imgs/img_in_image_box_543_534_1523_1134.jpg,diagram,1.0,图 4-1 钯催化 suzuki 偶联反应的反应机理 $ ^{[25]} $ ,,本章采用了 suzuki 偶联反应合成了高分子聚合物 p1，其反应机制见图 4-1 $ ^{[11]} $ 。suzuki 偶联反应是指芳香硼酸（或硼酸酯）和卤代芳烃在零价钯（如  $ \mathrm{pd}(\mathrm{pph}_{3})_{4} $ ）催化下的碳碳交叉偶联反应。如图 4-1，该反应也是一个循环催化过程，反应经历了氧化加成、芳烃阴离子向金属中心迁移和还原消除三个过程 $ ^{[12]} $ 。反应中产生的中间体的结构通过离析或分光光谱分析已被确认 $ ^{[13]} $ 。在催化循环中，氧化加成经常是决定反应速度的步骤。它们的反应活性按 i>otf>br>cl 的顺序递减。通过邻近拉电子基团激活芳基的氧化加成反应，因而具有拉电子基团的化合物比具有给电子能力基团化合物的氧化加成有更强的活性。钯（0）催化剂在交叉偶联反应中有较大的使用范围，最普遍使用的是  $ \mathrm{pd}(\mathrm{pph}_{3})_{4} $ ，其次是  $ \mathrm{pdcl}_{2}(\mathrm{pph}_{3})_{2} $  和  $ \mathrm{pd}(\mathrm{oac})_{2} $ ，它们在空气中是稳定的，反应中后两物易于被还原成活跃的带有有机金属  $ \mathrm{pd}(0) $  的配合物，故其在交叉偶联反应中也被普遍使用 $ ^{[14-17]} $ 。氧化加成和还原消除的作用机理对于金属有机的所有交叉偶联反应来说是最基本的一般过程。在上图的反应中，有机硼化合物和芳香卤化物的交叉偶联反应在碱性条件（如钠或钾的碳酸盐、磷酸盐或氢氧化钠或钾的参与下）发生有选择性的金属转移反应 $ ^{[18-21]} $ 。这些碱可以溶在水、二噁烷或 dmf 后加入反应溶液中。一般地，在有机硼化物和芳香卤化钯（ii）的金属转移作用中，由于硼原子的低亲核性，反应不易发生。然而，上反应中硼原子上的亲核性能够被硼的碱性负电荷的季铵化作用加强，从而得出相应的酸根型配合物 $ ^{[17]} $ 。该反应具有反应条件温和、活性官能团的选择范围宽、空间位阻对反应过程影响不大、产物的产率高和芳香硼酸（或硼酸酯）易得，并且反应对潮气不敏感等优点。,['本章采用了 suzuki 偶联反应合成了高分子聚合物 p1，其反应机制见图 4-1 $ ^{[11]} $ 。suzuki 偶联反应是指芳香硼酸（或硼酸酯）和卤代芳烃在零价钯（如  $ \\mathrm{pd}(\\mathrm{pph}_{3})_{4} $ ）催化下的碳碳交叉偶联反应。如图 4-1，该反应也是一个循环催化过程，反应经历了氧化加成、芳烃阴离子向金属中心迁移和还原消除三个过程 $ ^{[12]} $ 。反应中产生的中间体的结构通过离析或分光光谱分析已被确认 $ ^{[13]} $ 。在催化循环中，氧化加成经常是决定反应速度的步骤。它们的反应活性按 i>otf>br>cl 的顺序递减。通过邻近拉电子基团激活芳基的氧化加成反应，因而具有拉电子基团的化合物比具有给电子能力基团化合物的氧化加成有更强的活性。钯（0）催化剂在交叉偶联反应中有较大的使用范围，最普遍使用的是  $ \\mathrm{pd}(\\mathrm{pph}_{3})_{4} $ ，其次是  $ \\mathrm{pdcl}_{2}(\\mathrm{pph}_{3})_{2} $  和  $ \\mathrm{pd}(\\mathrm{oac})_{2} $ ，它们在空气中是稳定的，反应中后两物易于被还原成活跃的带有有机金属  $ \\mathrm{pd}(0) $  的配合物，故其在交叉偶联反应中也被普遍使用 $ ^{[14-17]} $ 。氧化加成和还原消除的作用机理对于金属有机的所有交叉偶联反应来说是最基本的一般过程。在上图的反应中，有机硼化合物和芳香卤化物的交叉偶联反应在碱性条件（如钠或钾的碳酸盐、磷酸盐或氢氧化钠或钾的参与下）发生有选择性的金属转移反应 $ ^{[18-21]} $ 。这些碱可以溶在水、二噁烷或 dmf 后加入反应溶液中。一般地，在有机硼化物和芳香卤化钯（ii）的金属转移作用中，由于硼原子的低亲核性，反应不易发生。然而，上反应中硼原子上的亲核性能够被硼的碱性负电荷的季铵化作用加强，从而得出相应的酸根型配合物 $ ^{[17]} $ 。该反应具有反应条件温和、活性官能团的选择范围宽、空间位阻对反应过程影响不大、产物的产率高和芳香硼酸（或硼酸酯）易得，并且反应对潮气不敏感等优点。'],"{
  ""diagrams"": [
    {
      ""id"": ""sub_diagram_1"",
      ""domain"": ""Organic Chemistry"",
      ""summary"": ""Suzuki coupling reaction mechanism showing catalytic cycle of palladium."",
      ""entities"": [
        {""id"": ""e1"", ""label"": ""Pd(0)L₄"", ""type"": ""Palladium Complex"", ""location"": ""top-center""},
        {""id"": ""e2"", ""label"": ""Ar'-X"", ""type"": ""Organic Halide"", ""location"": ""top-right""},
        {""id"": ""e3"", ""label"": ""Ar'-Pd-X"", ""type"": ""Palladium Intermediate"", ""location"": ""right-center""},
        {""id"": ""e4"", ""label"": ""Ar'-Pd-OR"", ""type"": ""Palladium Intermediate"", ""location"": ""bottom-right""},
        {""id"": ""e5"", ""label"": ""Ar'-Pd-Ar"", ""type"": ""Palladium Intermediate"", ""location"": ""center""},
        {""id"": ""e6"", ""label"": ""Ar'-Ar"", ""type"": ""Product"", ""location"": ""top-left""},
        {""id"": ""e7"", ""label"": ""B(OH)₄⁻ or B(OR)₂(OH)₂⁻"", ""type"": ""Boronate Source"", ""location"": ""left-center""},
        {""id"": ""e8"", ""label"": ""ArB(OH)₃ or ArB'(OR)₂(OH)"", ""type"": ""Boronate Intermediate"", ""location"": ""bottom-left""},
        {""id"": ""e9"", ""label"": ""ArB(OH)₂ or ArB(OR)₂"", ""type"": ""Boron Reagent"", ""location"": ""bottom-left""},
        {""id"": ""e10"", ""label"": ""OH⁻"", ""type"": ""Base"", ""location"": ""bottom-center""},
        {""id"": ""e11"", ""label"": ""X⁻"", ""type"": ""Leaving Group"", ""location"": ""right-center""},
        {""id"": ""e12"", ""label"": ""L"", ""type"": ""Ligand"", ""location"": ""multiple""},
        {""id"": ""e13"", ""label"": ""oxidation addition"", ""type"": ""Reaction Step"", ""location"": ""top-right""},
        {""id"": ""e14"", ""label"": ""reduction elimination"", ""type"": ""Reaction Step"", ""location"": ""top-left""},
        {""id"": ""e15"", ""label"": ""transmetalation"", ""type"": ""Reaction Step"", ""location"": ""bottom-center""}
      ],
      ""relations"": [
        {""source"": ""e1"", ""target"": ""e3"", ""type"": ""reaction_step"", ""details"": ""oxidation addition""},
        {""source"": ""e3"", ""target"": ""e4"", ""type"": ""reaction_step"", ""details"": ""transmetalation""},
        {""source"": ""e4"", ""target"": ""e5"", ""type"": ""reaction_step"", ""details"": ""reduction elimination""},
        {""source"": ""e5"", ""target"": ""e6"", ""type"": ""reaction_step"", ""details"": ""reduction elimination""},
        {""source"": ""e4"", ""target"": ""e1"", ""type"": ""reaction_step"", ""details"": ""oxidation addition""},
        {""source"": ""e7"", ""target"": ""e8"", ""type"": ""chemical_conversion"", ""details"": ""base-assisted deprotonation""},
        {""source"": ""e8"", ""target"": ""e4"", ""type"": ""reaction_step"", ""details"": ""transmetalation""},
        {""source"": ""e9"", ""target"": ""e8"", ""type"": ""chemical_conversion"", ""details"": ""reaction with base""},
        {""source"": ""e10"", ""target"": ""e8"", ""type"": ""reaction_step"", ""details"": ""deprotonation""},
        {""source"": ""e11"", ""target"": ""e3"", ""type"": ""reaction_step"", ""details"": ""leaving group departure""},
        {""source"": ""e12"", ""target"": ""e1"", ""type"": ""ligand_binding"", ""details"": ""ligand L coordinated""},
        {""source"": ""e12"", ""target"": ""e3"", ""type"": ""ligand_binding"", ""details"": ""ligand L coordinated""},
        {""source"": ""e12"", ""target"": ""e4"", ""type"": ""ligand_binding"", ""details"": ""ligand L coordinated""},
        {""source"": ""e12"", ""target"": ""e5"", ""type"": ""ligand_binding"", ""details"": ""ligand L coordinated""}
      ]
    }
  ]
}",材料 (Materials)/有机 (Organic)/OLED材料科学,0.95,有机发光二极管显示(OLED)/OLED材料科学/平板显示/新型有机电致发光材料的合成及其性质研究,"The path explicitly identifies the research focus as OLED material science, and the abstract confirms the synthesis and characterization of new organic materials for OLED applications.","[""光学各向异性层"",""盘状液晶分子"",""混合配向"",""θ₁"",""θ₂"",""基板""]",图片展示了光学各向异性层的结构，包含上下基板、中间呈混合配向的盘状液晶分子，底部液晶分子与基板夹角为起偏角θ₁，顶部夹角为界入角θ₂，与文本中‘光学各向异性层结构’‘盘状液晶分子混合配向’‘起偏角θ₁’‘界入角θ₂’等描述对应。,"{""generated_question"":""图5所示光学各向异性层中的盘状液晶分子采用何种配向方式，且其与基板的角度变化规律是怎样的？"",""generated_answer"":""盘状液晶分子以混合配向的方式存在，液晶分子从上到下与基板所成的角度逐渐增大；靠近基板底部的液晶分子与基板的角度为起偏角θ₁，靠近基板顶部（与空气界面处）的液晶分子与基板的角度为界入角θ₂。"",""qa_reasoning"":null}","{""generated_question"":""以0.5% tren - c制作的蓝色发光OLED的最大外量子效率（EQE）是多少？"",""generated_answer"":""1.39%"",""qa_reasoning"":null}",39,False,0.0,上下文内容为Suzuki偶联反应的相关介绍，未涉及盘状液晶分子的配向方式及角度变化规律，答案无事实依据；问题与当前上下文不匹配，无法基于该上下文回答。,False,0.0,提供的上下文仅涉及suzuki偶联反应的相关内容，未提及任何关于tren - c制作的蓝色发光OLED的最大外量子效率的信息，答案缺乏事实依据，且问题与上下文内容无关，无法从给定上下文推导出该答案。,0.0
/mnt/storage/dataset/PPVL_reuslts_CN/中文/wanfang202507/有机发光二极管显示(OLED)/OLED材料科学/平板显示/新型高性能有机电致发光器件的研究/imgs/img_in_image_box_305_1797_954_2388.jpg,diagram,1.0,图 1.4 有机分子光致发光(pl(a))和电致发光(el(b))过程,,当激发源是电场时，有机物在电场激发下产生的“电致发光”即称为有机电致发光。图1.4示出有机物的pl和el的激发和发光过程。有机电致发光的激发过程与光致发光过程类似，仅区别在于电致发光的激发过程不仅产生于从基态单重态 $ s_{0} $ 到激发单重态（s）的电子跃迁，也同时存在从 $ s_{0} $ 至激发三重态（t）之间的电子跃迁，这是因为电致发光的有机分子激发态产生于载流子复合，而这种复合不需要自旋选择性。,['当激发源是电场时，有机物在电场激发下产生的“电致发光”即称为有机电致发光。图1.4示出有机物的pl和el的激发和发光过程。有机电致发光的激发过程与光致发光过程类似，仅区别在于电致发光的激发过程不仅产生于从基态单重态 $ s_{0} $ 到激发单重态（s）的电子跃迁，也同时存在从 $ s_{0} $ 至激发三重态（t）之间的电子跃迁，这是因为电致发光的有机分子激发态产生于载流子复合，而这种复合不需要自旋选择性。'],"{
  ""diagrams"": [
    {
      ""id"": ""sub_diagram_a"",
      ""domain"": ""3D Geometry"",
      ""summary"": ""A 3D representation of a rectangular prism (PL) with labeled dimensions S0, S1, S2, T1, and T2."",
      ""entities"": [
        {""id"": ""e1"", ""label"": ""PL"", ""type"": ""Rectangular Prism"", ""location"": ""center""},
        {""id"": ""e2"", ""label"": ""S0"", ""type"": ""Dimension Label"", ""location"": ""bottom""},
        {""id"": ""e3"", ""label"": ""S1"", ""type"": ""Dimension Label"", ""location"": ""middle-left""},
        {""id"": ""e4"", ""label"": ""S2"", ""type"": ""Dimension Label"", ""location"": ""top""},
        {""id"": ""e5"", ""label"": ""T1"", ""type"": ""Dimension Label"", ""location"": ""right-middle""},
        {""id"": ""e6"", ""label"": ""T2"", ""type"": ""Dimension Label"", ""location"": ""top-right""}
      ],
      ""relations"": [
        {""source"": ""e1"", ""target"": ""e2"", ""type"": ""dimensional_relation"", ""details"": ""S0 is the height dimension of PL""},
        {""source"": ""e1"", ""target"": ""e3"", ""type"": ""dimensional_relation"", ""details"": ""S1 is the width dimension of PL""},
        {""source"": ""e1"", ""target"": ""e4"", ""type"": ""dimensional_relation"", ""details"": ""S2 is the depth dimension of PL""},
        {""source"": ""e1"", ""target"": ""e5"", ""type"": ""dimensional_relation"", ""details"": ""T1 is the depth dimension of PL (indicated by dashed line)""},
        {""source"": ""e1"", ""target"": ""e6"", ""type"": ""dimensional_relation"", ""details"": ""T2 is the width dimension of PL (indicated by dashed line)""}
      ]
    }
  ]
}",器件 (Devices)/类型 (Types)/OLED (有机发光二极管),1.0,有机发光二极管显示(OLED)/OLED材料科学/平板显示/新型高性能有机电致发光器件的研究,"The path explicitly identifies the research focus as OLED-related, specifically within the context of high-performance organic electroluminescent devices.","[""有机/高分子"",""光吸收"",""光激发"",""跃迁过程"",""基态（S₀）"",""单线激发态（S₁、S₂）"",""三线态（T₁、T₂）"",""系间穿跃"",""荧光发射""]",图片展示有机/高分子光吸收与光激发下的能级跃迁示意图，包含单线态（S₀、S₁、S₂）和三线态（T₀、T₁、T₂）的能级结构，箭头表示电子在能级间的跃迁过程（如光激发、振动弛豫、荧光发射、系间穿跃等），与文本中描述的有机/高分子光吸收和光激发下的跃迁过程（基态→单线激发态→最低激发单重态→基态的荧光发射、单线态激子系间穿跃为三线态激子等）对应。,"{""generated_question"":""电致发光过程中，若单线态与三线态的形成截面相等，理论上单线态激子的形成几率占总激子数的比例是多少？"",""generated_answer"":""四分之一（或25%）"",""qa_reasoning"":null}","{""generated_question"":""电致发光时，若电子和空穴自旋方向随机且单线态与三线态形成截面相等，形成单线态激子的几率为何是总激子数的四分之一？"",""generated_answer"":""因为电子和空穴的自旋均为1/2，二者自旋态的组合包含1种单线态（总自旋为0，自旋相反）和3种三线态（总自旋为1，自旋相同），总共有4种等概率的自旋组合方式；由于自旋方向随机且单线态与三线态形成截面相等，单线态激子的形成几率为单线态态数（1）与总态数（4）之比，即1/4。"",""qa_reasoning"":null}",40,True,1.0,问题聚焦有机电致发光中激子自旋态的形成几率，与显示技术（有机电致发光）紧密相关（相关性满足）。答案基于量子自旋统计（单重态自旋态数1、三重态3，总态数4），结合上下文“载流子复合无自旋选择性”的背景，可推导单线态激子形成几率为1/4（25%），事实依据充分、可回答性强、问题具体无宽泛性，无幻觉。,True,1.0,问答对质量高：问题聚焦有机电致发光中电致发光的激子形成几率，与显示技术相关；答案基于量子力学自旋态组合（1种单线态、3种三线态，共4种等概率组合）及上下文载流子复合无自旋选择性的前提，逻辑推导正确，事实依据充分、可回答且问题具体。,0.0
/mnt/storage/dataset/PPVL_reuslts_CN/中文/wanfang202507/有机发光二极管显示(OLED)/OLED材料科学/平板显示/新型高性能有机电致发光器件的研究/imgs/img_in_image_box_651_333_911_613.jpg,diagram,1.0,图 4.7 器件结构示意图（(a) 单发光层蓝色器件（b）叠层蓝光器件）及主要的有机材料分子式,tpff,本节中所用到的器件结构如图4.7所示：实验中以玻璃作为衬底，覆于其上的铟锡氧化物 ito 用作阳极。npb 是空穴传输层；新型含氟三联芴 tpff 作为蓝光发光层；bphen 作为电子传输层； $ wo_{3}/bphen:li $  作电荷产生层；大约 120nm 的蒸镀的金属 al 用作阴极；0.5 nm 的 lif 用作缓冲层，以利于电子注入。,['本节中所用到的器件结构如图4.7所示：实验中以玻璃作为衬底，覆于其上的铟锡氧化物 ito 用作阳极。npb 是空穴传输层；新型含氟三联芴 tpff 作为蓝光发光层；bphen 作为电子传输层； $ wo_{3}/bphen:li $  作电荷产生层；大约 120nm 的蒸镀的金属 al 用作阴极；0.5 nm 的 lif 用作缓冲层，以利于电子注入。'],"{
  ""diagrams"": [
    {
      ""id"": ""sub_diagram_1"",
      ""domain"": ""Organic Chemistry"",
      ""summary"": ""A chemical structure of a fluorinated polycyclic aromatic hydrocarbon, specifically 9-fluorophenanthrene."",
      ""entities"": [
        {
          ""id"": ""e1"",
          ""label"": ""F"",
          ""type"": ""Fluorine Atom"",
          ""location"": ""center of lower-left benzene ring""
        },
        {
          ""id"": ""e2"",
          ""label"": ""Benzene Ring 1"",
          ""type"": ""Benzene Ring"",
          ""location"": ""top-left""
        },
        {
          ""id"": ""e3"",
          ""label"": ""Benzene Ring 2"",
          ""type"": ""Benzene Ring"",
          ""location"": ""top-right""
        },
        {
          ""id"": ""e4"",
          ""label"": ""Benzene Ring 3"",
          ""type"": ""Benzene Ring"",
          ""location"": ""bottom-left""
        },
        {
          ""id"": ""e5"",
          ""label"": ""Benzene Ring 4"",
          ""type"": ""Benzene Ring"",
          ""location"": ""bottom-right""
        }
      ],
      ""relations"": [
        {
          ""source"": ""e1"",
          ""target"": ""e4"",
          ""type"": ""chemical_bond"",
          ""details"": ""Fluorine atom bonded to the carbon of the benzene ring""
        },
        {
          ""source"": ""e2"",
          ""target"": ""e3"",
          ""type"": ""chemical_bond"",
          ""details"": ""Fused ring system""
        },
        {
          ""source"": ""e2"",
          ""target"": ""e4"",
          ""type"": ""chemical_bond"",
          ""details"": ""Fused ring system""
        },
        {
          ""source"": ""e3"",
          ""target"": ""e5"",
          ""type"": ""chemical_bond"",
          ""details"": ""Fused ring system""
        },
        {
          ""source"": ""e4"",
          ""target"": ""e5"",
          ""type"": ""chemical_bond"",
          ""details"": ""Fused ring system""
        }
      ]
    }
  ]
}",器件 (Devices)/类型 (Types)/OLED (有机发光二极管),1.0,有机发光二极管显示(OLED)/OLED材料科学/平板显示/新型高性能有机电致发光器件的研究,"The path explicitly identifies the research focus as OLED-related, specifically within the context of high-performance organic electroluminescent devices.","[""氧化炉"",""石英管"",""进气口"",""出气口"",""加热电阻丝"",""温度控制仪""]",图片为氧化炉示意图，展示了文本中描述的氧化炉结构：炉体为石英管，设有进气口（气体入口）、出气口（气体出口），管壁外有加热电阻丝，加热设备连接温度控制仪，与文本中氧化炉的组成（石英管炉体、进气/出气口、加热电阻丝、温度控制仪）对应。,"{""generated_question"":""氧化炉的炉体采用什么材料制作？"",""generated_answer"":""氧化炉的炉体采用石英管制作。"",""qa_reasoning"":null}","{""generated_question"":""氧化炉的炉体采用什么材料制作？"",""generated_answer"":""氧化炉的炉体采用石英管制作。"",""qa_reasoning"":null}",41,False,0.0,问题询问的氧化炉炉体材料与提供的显示技术器件结构的上下文无关，答案内容在上下文中无依据，属于幻觉，且问题不符合与显示技术紧密相关的要求。,False,0.0,问题询问的氧化炉炉体材料与提供的显示技术器件结构相关的上下文无关，答案无事实依据（上下文未提及氧化炉及炉体材料）。,0.0
/mnt/storage/dataset/PPVL_reuslts_CN/中文/wanfang202507/有机发光二极管显示(OLED)/OLED材料科学/平板显示/新型高性能有机电致发光器件的研究/imgs/img_in_image_box_601_1738_1790_2936.jpg,diagram,1.0,图 2.2 采用不同空穴注入层的器件结构及主要有机材料的分子结构,,"实验中的器件结构和有机材料的化学结构如图 2.2 所示，本试验中以玻璃作为衬底，覆于其上的铟锡氧化物 ito 用作阳极。我们分别选用 m-mtdata，2-nata，cupc，m-mtdata:x%4f-tcnq 作为空穴注入层 (hil)；n,n'-bis-(1-naphthyl)-n,n'-diphenyl-1,1'-biphenyl-4,4'-diamine (npb) 作为空穴传输层；tris-8-hydroxyquinoline aluminum (alq_{3}) 作为电子传输层；大约 120 nm 的蒸镀的金属 al 用作阴极；0.5 nm 的 lif 用作缓冲层，以利于电子注入。研究了不同空穴注入层对器件性能的影响。","[""实验中的器件结构和有机材料的化学结构如图 2.2 所示，本试验中以玻璃作为衬底，覆于其上的铟锡氧化物 ito 用作阳极。我们分别选用 m-mtdata，2-nata，cupc，m-mtdata:x%4f-tcnq 作为空穴注入层 (hil)；n,n'-bis-(1-naphthyl)-n,n'-diphenyl-1,1'-biphenyl-4,4'-diamine (npb) 作为空穴传输层；tris-8-hydroxyquinoline aluminum (alq_{3}) 作为电子传输层；大约 120 nm 的蒸镀的金属 al 用作阴极；0.5 nm 的 lif 用作缓冲层，以利于电子注入。研究了不同空穴注入层对器件性能的影响。""]","{
  ""diagrams"": [
    {
      ""id"": ""sub_diagram_1"",
      ""domain"": ""Organic Chemistry"",
      ""summary"": ""Chemical structure of m-MTDATA, a multi-ring aromatic compound with methyl groups."",
      ""entities"": [
        {
          ""id"": ""e1"",
          ""label"": ""m-MTDATA"",
          ""type"": ""Chemical Compound"",
          ""text"": ""m-MTDATA"",
          ""location"": ""top-left""
        },
        {
          ""id"": ""e2"",
          ""label"": ""CH3"",
          ""type"": ""Substituent"",
          ""text"": ""CH3"",
          ""location"": ""top-left""
        },
        {
          ""id"": ""e3"",
          ""label"": ""N"",
          ""type"": ""Nitrogen Atom"",
          ""text"": ""N"",
          ""location"": ""top-left""
        },
        {
          ""id"": ""e4"",
          ""label"": ""C"",
          ""type"": ""Carbon Atom"",
          ""text"": ""C"",
          ""location"": ""top-left""
        },
        {
          ""id"": ""e5"",
          ""label"": ""Phenyl Ring"",
          ""type"": ""Aromatic Ring"",
          ""text"": ""Phenyl Ring"",
          ""location"": ""top-left""
        }
      ],
      ""relations"": [
        {
          ""source"": ""e1"",
          ""target"": ""e2"",
          ""type"": ""substituted_with"",
          ""details"": ""Methyl groups attached to phenyl rings""
        },
        {
          ""source"": ""e1"",
          ""target"": ""e3"",
          ""type"": ""contains"",
          ""details"": ""Contains nitrogen atoms as part of the structure""
        },
        {
          ""source"": ""e1"",
          ""target"": ""e4"",
          ""type"": ""contains"",
          ""details"": ""Contains carbon atoms as part of the structure""
        },
        {
          ""source"": ""e1"",
          ""target"": ""e5"",
          ""type"": ""contains"",
          ""details"": ""Contains multiple phenyl rings""
        }
      ]
    },
    {
      ""id"": ""sub_diagram_2"",
      ""domain"": ""Organic Chemistry"",
      ""summary"": ""Chemical structure of Alq3, an aluminum tris(8-hydroxyquinoline) complex."",
      ""entities"": [
        {
          ""id"": ""e1"",
          ""label"": ""Alq3"",
          ""type"": ""Chemical Compound"",
          ""text"": ""Alq3"",
          ""location"": ""top-right""
        },
        {
          ""id"": ""e2"",
          ""label"": ""Al"",
          ""type"": ""Metal Atom"",
          ""text"": ""Al"",
          ""location"": ""top-right""
        },
        {
          ""id"": ""e3"",
          ""label"": ""O"",
          ""type"": ""Oxygen Atom"",
          ""text"": ""O"",
          ""location"": ""top-right""
        },
        {
          ""id"": ""e4"",
          ""label"": ""N"",
          ""type"": ""Nitrogen Atom"",
          ""text"": ""N"",
          ""location"": ""top-right""
        },
        {
          ""id"": ""e5"",
          ""label"": ""Quinoline Ring"",
          ""type"": ""Aromatic Ring"",
          ""text"": ""Quinoline Ring"",
          ""location"": ""top-right""
        }
      ],
      ""relations"": [
        {
          ""source"": ""e1"",
          ""target"": ""e2"",
          ""type"": ""central_atom"",
          ""details"": ""Aluminum atom is the central metal ion""
        },
        {
          ""source"": ""e1"",
          ""target"": ""e3"",
          ""type"": ""bonded_to"",
          ""details"": ""Oxygen atoms form coordination bonds with aluminum""
        },
        {
          ""source"": ""e1"",
          ""target"": ""e4"",
          ""type"": ""bonded_to"",
          ""details"": ""Nitrogen atoms are part of the quinoline ligands""
        },
        {
          ""source"": ""e1"",
          ""target"": ""e5"",
          ""type"": ""composed_of"",
          ""details"": ""Three quinoline ligands coordinated to aluminum""
        }
      ]
    },
    {
      ""id"": ""sub_diagram_3"",
      ""domain"": ""Organic Chemistry"",
      ""summary"": ""Chemical structure of 4F-TCNQ, a tetracyanoquinodimethane derivative with fluorine substituents."",
      ""entities"": [
        {
          ""id"": ""e1"",
          ""label"": ""4F-TCNQ"",
          ""type"": ""Chemical Compound"",
          ""text"": ""4F-TCNQ"",
          ""location"": ""bottom-left""
        },
        {
          ""id"": ""e2"",
          ""label"": ""F"",
          ""type"": ""Substituent"",
          ""text"": ""F"",
          ""location"": ""bottom-left""
        },
        {
          ""id"": ""e3"",
          ""label"": ""CN"",
          ""type"": ""Substituent"",
          ""text"": ""CN"",
          ""location"": ""bottom-left""
        },
        {
          ""id"": ""e4"",
          ""label"": ""C"",
          ""type"": ""Carbon Atom"",
          ""text"": ""C"",
          ""location"": ""bottom-left""
        },
        {
          ""id"": ""e5"",
          ""label"": ""Quinodimethane Core"",
          ""type"": ""Aromatic Core"",
          ""text"": ""Quinodimethane Core"",
          ""location"": ""bottom-left""
        }
      ],
      ""relations"": [
        {
          ""source"": ""e1"",
          ""target"": ""e2"",
          ""type"": ""substituted_with"",
          ""details"": ""Fluorine atoms attached at the 4-positions of the quinodimethane core""
        },
        {
          ""source"": ""e1"",
          ""target"": ""e3"",
          ""type"": ""substituted_with"",
          ""details"": ""Cyanide groups attached to the carbon atoms of the core""
        },
        {
          ""source"": ""e1"",
          ""target"": ""e4"",
          ""type"": ""contains"",
          ""details"": ""Contains carbon atoms as part of the quinodimethane core""
        },
        {
          ""source"": ""e1"",
          ""target"": ""e5"",
          ""type"": ""composed_of"",
          ""details"": ""Based on a quinodimethane core structure""
        }
      ]
    },
    {
      ""id"": ""sub_diagram_4"",
      ""domain"": ""Organic Chemistry"",
      ""summary"": ""Chemical structure of NPB, a poly(phenylene vinylene) derivative with phenyl groups."",
      ""entities"": [
        {
          ""id"": ""e1"",
          ""label"": ""NPB"",
          ""type"": ""Chemical Compound"",
          ""text"": ""NPB"",
          ""location"": ""bottom-right""
        },
        {
          ""id"": ""e2"",
          ""label"": ""Phenyl Ring"",
          ""type"": ""Aromatic Ring"",
          ""text"": ""Phenyl Ring"",
          ""location"": ""bottom-right""
        },
        {
          ""id"": ""e3"",
          ""label"": ""N"",
          ""type"": ""Nitrogen Atom"",
          ""text"": ""N"",
          ""location"": ""bottom-right""
        },
        {
          ""id"": ""e4"",
          ""label"": ""C"",
          ""type"": ""Carbon Atom"",
          ""text"": ""C"",
          ""location"": ""bottom-right""
        },
        {
          ""id"": ""e5"",
          ""label"": ""Benzene Ring"",
          ""type"": ""Aromatic Ring"",
          ""text"": ""Benzene Ring"",
          ""location"": ""bottom-right""
        }
      ],
      ""relations"": [
        {
          ""source"": ""e1"",
          ""target"": ""e2"",
          ""type"": ""contains"",
          ""details"": ""Contains multiple phenyl rings""
        },
        {
          ""source"": ""e1"",
          ""target"": ""e3"",
          ""type"": ""contains"",
          ""details"": ""Contains nitrogen atoms as part of the structure""
        },
        {
          ""source"": ""e1"",
          ""target"": ""e4"",
          ""type"": ""contains"",
          ""details"": ""Contains carbon atoms as part of the structure""
        },
        {
          ""source"": ""e1"",
          ""target"": ""e5"",
          ""type"": ""contains"",
          ""details"": ""Contains benzene rings as part of the structure""
        }
      ]
    }
  ]
}",器件 (Devices)/类型 (Types)/OLED (有机发光二极管),1.0,有机发光二极管显示(OLED)/OLED材料科学/平板显示/新型高性能有机电致发光器件的研究,"The path explicitly identifies the research focus as OLED-related, specifically within the context of high-performance organic electroluminescent devices.","[""工控机"",""PLC"",""通信电缆"",""电机"",""气阀"",""气泵"",""距离测量"",""上下位机""]",图片展示控制系统架构：工控机（上位机）与PLC（下位机）通过通信电缆连接，PLC连接电机、气阀、气泵（执行设备）及多个测距点（采集距离数据），与文本的上下位机控制、数据采集及设备操作逻辑对应。,"{""generated_question"":""在工控机界面上可以看到几个点的距离测量数据？"",""generated_answer"":""在工控机界面上可以看到6个点的距离测量数据。"",""qa_reasoning"":null}","{""generated_question"":""当bcp层厚度为1.5nm时，器件ii的电致光谱中出现了哪些物质的本征发射谱峰？"",""generated_answer"":""器件ii的电致光谱中出现了npb（435 nm附近）和alq₃（530 nm附近）的本征发射谱峰。"",""qa_reasoning"":null}",42,False,0.1,问题询问的工控机界面距离测量数据在提供的上下文中无任何依据，上下文仅围绕显示器件的结构、材料及相关研究展开；答案内容属于无中生有的幻觉，且问题与‘显示技术’领域的核心内容（器件结构、材料等）不相关。,False,0.0,上下文未提及bcp层、器件ii的电致光谱及相关发射谱峰，问题无事实依据，答案属幻觉，不满足可回答性要求。,0.1
/mnt/storage/dataset/PPVL_reuslts_CN/中文/wanfang202507/有机发光二极管显示(OLED)/OLED材料科学/平板显示/新型高性能有机电致发光器件的研究/imgs/img_in_image_box_505_274_1655_953.jpg,diagram,0.99,图 4.2 传统器件发光原理示意图,,（左为传统器件；右为叠层器件）如图 4.2 所示，传统的单发光单元有机 el 元件具有这样一种结构，其中在电极之间夹层单个发光单元，电子 $ (e^{-}) $ 从阴极侧注入单元中，同时空穴 $ (h^{+}) $ 从阳极侧注入单元中使得电子和空穴在单元中结合，因此产生激发态以引起光发射.,['（左为传统器件；右为叠层器件）如图 4.2 所示，传统的单发光单元有机 el 元件具有这样一种结构，其中在电极之间夹层单个发光单元，电子 $ (e^{-}) $ 从阴极侧注入单元中，同时空穴 $ (h^{+}) $ 从阳极侧注入单元中使得电子和空穴在单元中结合，因此产生激发态以引起光发射.'],"{
  ""diagrams"": [
    {
      ""id"": ""sub_diagram_1"",
      ""domain"": ""Semiconductor Physics / Photovoltaic Process"",
      ""summary"": ""Simplified diagram illustrating the generation and separation of electron-hole pairs under light irradiation in a semiconductor material."",
      ""entities"": [
        {""id"": ""e1"", ""label"": ""光"", ""type"": ""External Stimulus"", ""value"": ""Light"", ""location"": ""left side, entering the material""},
        {""id"": ""e2"", ""label"": ""e⁻"", ""type"": ""Electron"", ""value"": ""Electron"", ""location"": ""top of the material, moving left""},
        {""id"": ""e3"", ""label"": ""h⁺"", ""type"": ""Hole"", ""value"": ""Hole"", ""location"": ""bottom of the material, moving right""},
        {""id"": ""e4"", ""label"": ""e⁻"", ""type"": ""Electron"", ""value"": ""Electron"", ""location"": ""right side, exiting the material""},
        {""id"": ""e5"", ""label"": ""h⁺"", ""type"": ""Hole"", ""value"": ""Hole"", ""location"": ""left side, exiting the material""},
        {""id"": ""e6"", ""label"": ""Semiconductor Material"", ""type"": ""Material"", ""value"": ""Semiconductor"", ""location"": ""central rectangular block""}
      ],
      ""relations"": [
        {""source"": ""e1"", ""target"": ""e6"", ""type"": ""excites"", ""details"": ""Light excites electron-hole pairs within the semiconductor.""},
        {""source"": ""e6"", ""target"": ""e2"", ""type"": ""generated_by"", ""details"": ""Electrons are generated within the material and move upward.""},
        {""source"": ""e6"", ""target"": ""e3"", ""type"": ""generated_by"", ""details"": ""Holes are generated within the material and move downward.""},
        {""source"": ""e2"", ""target"": ""e4"", ""type"": ""flows_to"", ""details"": ""Electrons flow from top to right side (external circuit).""},
        {""source"": ""e3"", ""target"": ""e5"", ""type"": ""flows_to"", ""details"": ""Holes flow from bottom to left side (external circuit).""}
      ]
    }
  ]
}",器件 (Devices)/类型 (Types)/OLED (有机发光二极管),1.0,有机发光二极管显示(OLED)/OLED材料科学/平板显示/新型高性能有机电致发光器件的研究,"The path explicitly identifies the research focus as OLED-related, specifically within the context of high-performance organic electroluminescent devices.","[""Pt(II)配合物"",""亚苯基桥连钳状配体"",""咪唑基"",""量子效率"",""蓝磷光发射""]",图片展示了一种Pt(II)配合物的化学结构，中心Pt原子与亚苯基桥连的钳状配体（含咪唑基类N杂环）配位，对应文本中为实现蓝磷光发射而研究的Pt(II)配合物，这类配合物因配体（如咪唑基/吡唑基）差异导致量子效率显著不同。,"{""generated_question"":""Fleetham等人合成的三个亚苯基桥连钳状配体的蓝磷光Pt(II)配合物（1 - 3）中，哪个配合物的量子效率最高，其量子效率数值是多少？"",""generated_answer"":""配合物1（溶液中）的量子效率最高，数值为56%。"",""qa_reasoning"":null}","{""generated_question"":""图3.1中三个带有亚苯基桥连钳状配体的蓝磷光Pt(II)配合物（1 - 3），其配体与Pt的配位方式存在哪些主要差异？"",""generated_answer"":""三个配合物的配体中，苯基均通过Pt - C共价键与中心Pt原子结合；配合物1和3的配体（含咪唑基、吡唑基）通过N原子与Pt配位，而配合物2的配体（NHC，氮杂环卡宾）作为具有sp²杂化的σ供体，以σ键方式（σ供体进入Pt的σ受体轨道）与Pt配位。"",""qa_reasoning"":null}",43,False,0.0,问题与答案的内容均与提供的上下文（显示技术相关的有机EL元件结构）无关，属于无事实依据的幻觉；问题未围绕显示技术相关的器件结构、参数等展开，相关性、可回答性均不满足。,False,0.0,问题与答案的内容涉及蓝磷光Pt(II)配合物的配体配位方式，与提供的上下文（有机EL元件结构）和图片（传统/叠层有机EL器件）无关，问题不涉及显示技术，且无法基于给定材料回答，存在事实幻觉与相关性缺失。,0.0
/mnt/storage/dataset/PPVL_reuslts_CN/中文/wanfang202507/有机发光二极管显示(OLED)/OLED材料科学/平板显示/新型高性能有机电致发光器件的研究/imgs/img_in_image_box_614_277_1631_1007.jpg,diagram,1.0,图 1.3 光物理过程的 jab lonski 图,,有机材料与无机材料有很大的差别，无机材料的原子之间以离子键或共价键结合形成离子晶体或原子晶体，其发光过程与原子晶格杂质或缺陷以及分立原子（离子）的激发态相关；而有机材料靠分子之间 van de waals 力或 lorentz 力结合在一起，是分子晶体，其发光只与分子的激发态相联系。这是因为能够产生 el 或电导的有机分子晶体化合物大多具有离域的  $ \pi $  电子结构，这些有机分子是呈平面形状结构的含碳化合物。 $ \pi $  电子化学键比较弱， $ \pi $  电子形成的能级激发态比较低，可被可见光或紫外光激发。即发光正是产生于这些  $ \pi $  电子的激发态。有机物的发光是分子从激发态回到基态的辐射跃迁现象。多数有机分子基态时电子自旋成对，每个状态的两个电子自旋相反为单重态  $ s_{0} $ ，整个分子不具备自旋。如果激发后，自旋不变则产生单重激发态  $ s_{1} $ 、 $ s_{2} $ 、 $ s_{3} $  等。如果自旋发生反转则形成三重激发态  $ t_{1} $ 、 $ t_{2} $ 、 $ t_{3} $  等，如图 1.3 所示。有机材料的发光的途径有许多，分类方法也不同。对于光致发光，其过程是有机物的分子在光能激发下被激发到激发单重态 s，经振动能级弛豫到最低激发态  $ s_{1} $ ，最后由  $ s_{1} $  态回到基态  $ s_{0} $ 。由于单重态之间的跃迁是允许的，跃迁几率较大，发光寿命较短（ $ 10^{-9} $  秒数量级），则分子跃迁产生荧光。发射基本上都是从第一单重激发态产生，因为较高的激发态会快速有效的非辐射内转换（internal conversion）到最低激发态，所以从较高激发态产生的发光很弱。另外，虽然单重态与三重态之间的跃迁是禁阻的，但通过一种非辐射过程的系间渡越（intersystem crossing）可把能量转移到三重激发态，同样三重激发态也从辐射或非辐射的方式回复到基态。类似地，最低三重态也是产生发射几率最大的三重激发态。而从三重态到基态（ $ t_{1} \rightarrow s_{0} $ ）的跃迁几率低，发光寿命长（秒数量级）所发出的光称为磷光。,['有机材料与无机材料有很大的差别，无机材料的原子之间以离子键或共价键结合形成离子晶体或原子晶体，其发光过程与原子晶格杂质或缺陷以及分立原子（离子）的激发态相关；而有机材料靠分子之间 van de waals 力或 lorentz 力结合在一起，是分子晶体，其发光只与分子的激发态相联系。这是因为能够产生 el 或电导的有机分子晶体化合物大多具有离域的  $ \\pi $  电子结构，这些有机分子是呈平面形状结构的含碳化合物。 $ \\pi $  电子化学键比较弱， $ \\pi $  电子形成的能级激发态比较低，可被可见光或紫外光激发。即发光正是产生于这些  $ \\pi $  电子的激发态。有机物的发光是分子从激发态回到基态的辐射跃迁现象。多数有机分子基态时电子自旋成对，每个状态的两个电子自旋相反为单重态  $ s_{0} $ ，整个分子不具备自旋。如果激发后，自旋不变则产生单重激发态  $ s_{1} $ 、 $ s_{2} $ 、 $ s_{3} $  等。如果自旋发生反转则形成三重激发态  $ t_{1} $ 、 $ t_{2} $ 、 $ t_{3} $  等，如图 1.3 所示。有机材料的发光的途径有许多，分类方法也不同。对于光致发光，其过程是有机物的分子在光能激发下被激发到激发单重态 s，经振动能级弛豫到最低激发态  $ s_{1} $ ，最后由  $ s_{1} $  态回到基态  $ s_{0} $ 。由于单重态之间的跃迁是允许的，跃迁几率较大，发光寿命较短（ $ 10^{-9} $  秒数量级），则分子跃迁产生荧光。发射基本上都是从第一单重激发态产生，因为较高的激发态会快速有效的非辐射内转换（internal conversion）到最低激发态，所以从较高激发态产生的发光很弱。另外，虽然单重态与三重态之间的跃迁是禁阻的，但通过一种非辐射过程的系间渡越（intersystem crossing）可把能量转移到三重激发态，同样三重激发态也从辐射或非辐射的方式回复到基态。类似地，最低三重态也是产生发射几率最大的三重激发态。而从三重态到基态（ $ t_{1} \\rightarrow s_{0} $ ）的跃迁几率低，发光寿命长（秒数量级）所发出的光称为磷光。'],"{
  ""diagrams"": [
    {
      ""id"": ""sub_diagram_1"",
      ""domain"": ""Molecular Energy Levels"",
      ""summary"": ""Energy level diagram illustrating electronic transitions and relaxation processes in molecules, including absorption, fluorescence, phosphorescence, and intersystem crossing."",
      ""entities"": [
        {""id"": ""e1"", ""label"": ""S₀"", ""type"": ""Electronic State"", ""location"": ""bottom""},
        {""id"": ""e2"", ""label"": ""S₁"", ""type"": ""Electronic State"", ""location"": ""middle-left""},
        {""id"": ""e3"", ""label"": ""S₂"", ""type"": ""Electronic State"", ""location"": ""top-left""},
        {""id"": ""e4"", ""label"": ""T₁"", ""type"": ""Electronic State"", ""location"": ""middle-right""},
        {""id"": ""e5"", ""label"": ""T₂"", ""type"": ""Electronic State"", ""location"": ""middle-right""},
        {""id"": ""e6"", ""label"": ""T₃"", ""type"": ""Electronic State"", ""location"": ""top-right""},
        {""id"": ""e7"", ""label"": ""Absorption"", ""type"": ""Process"", ""location"": ""left""},
        {""id"": ""e8"", ""label"": ""Fluorescence"", ""type"": ""Process"", ""location"": ""left""},
        {""id"": ""e9"", ""label"": ""Internal conversion"", ""type"": ""Process"", ""location"": ""middle-left""},
        {""id"": ""e10"", ""label"": ""Intersystem crossing"", ""type"": ""Process"", ""location"": ""middle-right""},
        {""id"": ""e11"", ""label"": ""Phosphorescence"", ""type"": ""Process"", ""location"": ""right""}
      ],
      ""relations"": [
        {""source"": ""e1"", ""target"": ""e2"", ""type"": ""transition"", ""details"": ""via Absorption""},
        {""source"": ""e2"", ""target"": ""e1"", ""type"": ""transition"", ""details"": ""via Fluorescence""},
        {""source"": ""e2"", ""target"": ""e3"", ""type"": ""transition"", ""details"": ""via Internal conversion""},
        {""source"": ""e3"", ""target"": ""e4"", ""type"": ""transition"", ""details"": ""via Intersystem crossing""},
        {""source"": ""e3"", ""target"": ""e6"", ""type"": ""transition"", ""details"": ""via Intersystem crossing""},
        {""source"": ""e4"", ""target"": ""e1"", ""type"": ""transition"", ""details"": ""via Phosphorescence""},
        {""source"": ""e4"", ""target"": ""e5"", ""type"": ""transition"", ""details"": ""via Intersystem crossing""},
        {""source"": ""e5"", ""target"": ""e1"", ""type"": ""transition"", ""details"": ""via Phosphorescence""},
        {""source"": ""e6"", ""target"": ""e5"", ""type"": ""transition"", ""details"": ""via Intersystem crossing""},
        {""source"": ""e6"", ""target"": ""e4"", ""type"": ""transition"", ""details"": ""via Intersystem crossing""}
      ]
    }
  ]
}",器件 (Devices)/类型 (Types)/OLED (有机发光二极管),1.0,有机发光二极管显示(OLED)/OLED材料科学/平板显示/新型高性能有机电致发光器件的研究,"The path explicitly identifies the research focus as OLED-related, specifically within the context of high-performance organic electroluminescent devices.","[""单体i"",""单体ii"",""单体iii"",""Suzuki偶联聚合"",""共聚物"",""PFO-DMSiF"",""硅芴"",""聚9,9-二辛基芴（PFO）""]","图片为单体及聚合物的合成路线图，展示了从3,3'-二甲氧基联苯胺等原料经多步反应（如Sandmeyer反应、碘代、锂/碘交换、硅烷化、烷基化、溴化、硼酸化等）合成单体i、ii、iii，再通过Suzuki偶联聚合得到含硅芴的共聚物（PFO-DMSiF系列）的过程。关键词需对应图中核心实体（单体、共聚物）、反应类型及结构单元。","{""generated_question"":""单体i的合成过程中，锂/碘交换反应的反应物和反应温度分别是什么？"",""generated_answer"":""锂/碘交换反应的反应物为4,4'-二溴-6,6'-二碘-3,3'-二甲氧基联苯和正丁基锂（n - BuLi），反应温度为-100°C。"",""qa_reasoning"":null}","{""generated_question"":""正负压同时供气时，正压和负压分别对气膜厚度产生什么影响？"",""generated_answer"":""正压利于气膜厚度的增大，负压趋于气膜厚度的减小。"",""qa_reasoning"":null}",44,False,0.0,给定上下文仅围绕有机与无机材料的发光原理展开，未涉及任何合成反应（包括单体i的锂/碘交换反应）相关内容。问题与上下文无关，答案内容属于无事实依据的幻觉（上下文未提供该反应的反应物、温度等信息），无法从给定上下文推导出答案。,False,0.2,提供的上下文为有机材料与无机材料的发光原理相关内容，未涉及正负压供气对气膜厚度的影响，问题与上下文无关，答案属于无事实依据的幻觉内容，无法基于给定上下文回答该问题。,-0.2
/mnt/storage/dataset/PPVL_reuslts_CN/中文/wanfang202507/有机发光二极管显示(OLED)/OLED材料科学/平板显示/改善蓝色有机电致发光器件稳定性及发光效率的研究/imgs/img_in_image_box_1198_1393_1732_1750.jpg,diagram,0.99,,,"为了使空穴有效的注入到发光层中，人们常选用具有较好空穴传输性能的有机材料来作为空穴传输材料。空穴传输材料一般应具有较高的空穴迁移率，较强的给电子能力，即较小的电子亲和势。有机电致发光器件中常用的空穴传输材料大多为芳香多胺类化合物 $ ^{[27,28]} $ ，因为多级胺上的n原子具有很强的给电子能力。芳香叔胺是目前应用最多的空穴传输材料，其代表材料tpd的空穴迁移率达到 $ 10^{-3} $  cm $ ^{2} $ /v·s，但其热稳定性较差，tg太低，大约只有63℃。npb具有较高的tg，约为95℃，是目前应用最广泛的空穴传输材料。图1-7给出了常见的空穴传输材料分子结构式。","['为了使空穴有效的注入到发光层中，人们常选用具有较好空穴传输性能的有机材料来作为空穴传输材料。空穴传输材料一般应具有较高的空穴迁移率，较强的给电子能力，即较小的电子亲和势。有机电致发光器件中常用的空穴传输材料大多为芳香多胺类化合物 $ ^{[27,28]} $ ，因为多级胺上的n原子具有很强的给电子能力。芳香叔胺是目前应用最多的空穴传输材料，其代表材料tpd的空穴迁移率达到 $ 10^{-3} $  cm $ ^{2} $ /v·s，但其热稳定性较差，tg太低，大约只有63℃。npb具有较高的tg，约为95℃，是目前应用最广泛的空穴传输材料。图1-7给出了常见的空穴传输材料分子结构式。']","{
  ""diagrams"": [
    {
      ""id"": ""sub_diagram_1"",
      ""domain"": ""Organic Chemistry"",
      ""summary"": ""Chemical structure of TPD (N,N'-Bis(4-methylphenyl)-N,N'-bis(phenyl)benzidine), a conjugated organic semiconductor."",
      ""entities"": [
        {
          ""id"": ""e1"",
          ""label"": ""TPD"",
          ""type"": ""Chemical Compound"",
          ""text"": ""TPD"",
          ""location"": ""bottom-center""
        },
        {
          ""id"": ""e2"",
          ""label"": ""N"",
          ""type"": ""Nitrogen Atom"",
          ""text"": ""N"",
          ""location"": ""central junction""
        },
        {
          ""id"": ""e3"",
          ""label"": ""Benzene Ring"",
          ""type"": ""Benzene Ring"",
          ""text"": ""Benzene Ring"",
          ""location"": ""left side""
        },
        {
          ""id"": ""e4"",
          ""label"": ""Benzene Ring"",
          ""type"": ""Benzene Ring"",
          ""text"": ""Benzene Ring"",
          ""location"": ""right side""
        },
        {
          ""id"": ""e5"",
          ""label"": ""Benzene Ring"",
          ""type"": ""Benzene Ring"",
          ""text"": ""Benzene Ring"",
          ""location"": ""center-left""
        },
        {
          ""id"": ""e6"",
          ""label"": ""Benzene Ring"",
          ""type"": ""Benzene Ring"",
          ""text"": ""Benzene Ring"",
          ""location"": ""center-right""
        },
        {
          ""id"": ""e7"",
          ""label"": ""Methyl Group"",
          ""type"": ""Substituent"",
          ""text"": ""Methyl Group"",
          ""location"": ""top-left of left benzene ring""
        },
        {
          ""id"": ""e8"",
          ""label"": ""Methyl Group"",
          ""type"": ""Substituent"",
          ""text"": ""Methyl Group"",
          ""location"": ""top-right of right benzene ring""
        }
      ],
      ""relations"": [
        {
          ""source"": ""e1"",
          ""target"": ""e2"",
          ""type"": ""chemical_label"",
          ""details"": ""Label identifying the compound""
        },
        {
          ""source"": ""e2"",
          ""target"": ""e3"",
          ""type"": ""chemical_bond"",
          ""details"": ""Nitrogen atom bonded to left benzene ring""
        },
        {
          ""source"": ""e2"",
          ""target"": ""e4"",
          ""type"": ""chemical_bond"",
          ""details"": ""Nitrogen atom bonded to right benzene ring""
        },
        {
          ""source"": ""e3"",
          ""target"": ""e5"",
          ""type"": ""chemical_bond"",
          ""details"": ""Benzene ring connected to central benzene ring""
        },
        {
          ""source"": ""e4"",
          ""target"": ""e6"",
          ""type"": ""chemical_bond"",
          ""details"": ""Benzene ring connected to central benzene ring""
        },
        {
          ""source"": ""e3"",
          ""target"": ""e7"",
          ""type"": ""substituent"",
          ""details"": ""Methyl group attached to left benzene ring""
        },
        {
          ""source"": ""e4"",
          ""target"": ""e8"",
          ""type"": ""substituent"",
          ""details"": ""Methyl group attached to right benzene ring""
        }
      ]
    }
  ]
}",器件 (Devices)/类型 (Types)/OLED (有机发光二极管),1.0,有机发光二极管显示(OLED)/OLED材料科学/平板显示/改善蓝色有机电致发光器件稳定性及发光效率的研究,"The path explicitly identifies the research focus as OLED materials science for improving blue organic electroluminescent devices, directly matching the OLED category.","[""LD1512"",""LED"",""5V"",""12通道数据输出""]",图片为LD1512芯片的应用框图，展示了芯片与系统控制器、多通道LED（带电阻）的连接，供电电压为5V（VLED=5V），芯片支持12通道数据输出（图中含多组ROUT/GOUT/BOUT通道），与文本中LD1512芯片、5V外部供电、LED点亮、12通道数据输出的描述对应。,"{""generated_question"":""LD1512芯片实现12位亮度输出需要几个PWM周期？"",""generated_answer"":""LD1512芯片实现12位亮度输出需要4个PWM周期。"",""qa_reasoning"":null}","{""generated_question"":""在图5的光学各向异性层结构中，盘状液晶分子与基板的配向角度沿垂直方向（上下）如何变化？"",""generated_answer"":""盘状液晶分子从上到下（或从靠近基板顶部到靠近基板底部）与基板所成的角度逐渐增大；靠近基板底部的液晶分子与基板的角度为起偏角\boldsymbol{\theta_1}，靠近基板顶部的为与空气的界入角\boldsymbol{\theta_2}。"",""qa_reasoning"":null}",45,False,0.0,问题和答案涉及的LD1512芯片及PWM周期内容，与提供的关于空穴传输材料的上下文无关，答案无事实依据，问题也不匹配上下文的显示技术相关内容，无法基于给定上下文回答。,False,0.2,问题涉及的“图5的光学各向异性层结构”与上下文（空穴传输材料相关）及提供的图片（图1-7为空穴传输材料分子结构式）无关，答案内容（盘状液晶分子配向角度变化、起偏角/界入角等）属于幻觉，无事实依据。,-0.2
