image_path,label,confidence,figure_title,figure_subtitle,related_text_strong,related_text_strong_list,image_parsing_result,category,confidence_1,path,rationale,with_meta_data_results,without_meta_data_results,id,extracted_keywords,extraction_reasoning,generated_results,used_hint,generated_question,generated_answer,qa_reasoning,answer_results
./images/img_in_image_box_1296_1308_2073_1593.jpg,diagram,1.0,fig.4 (a) diffuse reflectance spectra of the pure  $ sio_{2} $  and  $ sio_{2}/tio_{2}/pmma $  nanoparticles; (b) schematic of the fabrication of the optically transparent adhesive film by roll-to-roll coating $ ^{[53]} $ . reprinted with permission from ref. [53]. copyright(2020) american chemical society.,,"光线在经过核壳结构微球时具有多次散射效应,可显著提高光散射角 $ ^{[54]} $ ,有利于扩宽扩散板的视场角。因此,核壳结构微球也适于作为扩散剂使用,如  $ \mathrm{sio}_{2}/\mathrm{ceo}_{2}/\mathrm{poly}(\mathrm{vtms}) $  微球 $ ^{[12]} $ 、 $ \mathrm{zro}_{2}@\mathrm{pmma}@\mathrm{polysiloxane} $  微球 $ ^{[55]} $ 等。2020年,son等人提出了一种具有折射率梯度的单核双壳  $ \mathrm{sio}_{2}/\mathrm{tio}_{2}/\mathrm{pmma} $  纳米颗粒。 $ \mathrm{tio}_{2} $  壳层具有uv屏蔽特性,折射率高于  $ \mathrm{sio}_{2} $  核心与最外层的pmma。如图4(a)所示,相较于纯  $ \mathrm{sio}_{2} $  粒子,光在穿透单核双壳  $ \mathrm{sio}_{2}/\mathrm{tio}_{2}/\mathrm{pmma} $  纳米颗粒时,光路更为复杂,并且能显著改善可见光区的光散射性能。为验证  $ \mathrm{sio}_{2}/\mathrm{tio}_{2}/\mathrm{pmma} $  纳米颗粒的实际性能,他们将纳米颗粒均匀混合在丙烯酸基树脂溶液中,使用辊筒制备了光学透明胶膜,制备过程如图4(b)所示。单核双壳纳米颗粒优异的光散射性能为光学透明胶膜提供了宽视角，并在法线方向上保持了膜的高透光性 $ ^{[53]} $ 。","['光线在经过核壳结构微球时具有多次散射效应,可显著提高光散射角 $ ^{[54]} $ ,有利于扩宽扩散板的视场角。因此,核壳结构微球也适于作为扩散剂使用,如  $ \\mathrm{sio}_{2}/\\mathrm{ceo}_{2}/\\mathrm{poly}(\\mathrm{vtms}) $  微球 $ ^{[12]} $ 、 $ \\mathrm{zro}_{2}@\\mathrm{pmma}@\\mathrm{polysiloxane} $  微球 $ ^{[55]} $ 等。2020年,son等人提出了一种具有折射率梯度的单核双壳  $ \\mathrm{sio}_{2}/\\mathrm{tio}_{2}/\\mathrm{pmma} $  纳米颗粒。 $ \\mathrm{tio}_{2} $  壳层具有uv屏蔽特性,折射率高于  $ \\mathrm{sio}_{2} $  核心与最外层的pmma。如图4(a)所示,相较于纯  $ \\mathrm{sio}_{2} $  粒子,光在穿透单核双壳  $ \\mathrm{sio}_{2}/\\mathrm{tio}_{2}/\\mathrm{pmma} $  纳米颗粒时,光路更为复杂,并且能显著改善可见光区的光散射性能。为验证  $ \\mathrm{sio}_{2}/\\mathrm{tio}_{2}/\\mathrm{pmma} $  纳米颗粒的实际性能,他们将纳米颗粒均匀混合在丙烯酸基树脂溶液中,使用辊筒制备了光学透明胶膜,制备过程如图4(b)所示。单核双壳纳米颗粒优异的光散射性能为光学透明胶膜提供了宽视角，并在法线方向上保持了膜的高透光性 $ ^{[53]} $ 。']","{
  ""diagrams"": [
    {
      ""id"": ""sub_diagram_b"",
      ""domain"": ""Manufacturing Process"",
      ""summary"": ""A roll-to-roll coating process showing the application of optical adhesive film onto a substrate with a release film."",
      ""entities"": [
        {
          ""id"": ""e1"",
          ""label"": ""Roll-to-roll coater"",
          ""type"": ""Coating Machine"",
          ""location"": ""center""
        },
        {
          ""id"": ""e2"",
          ""label"": ""Optical adhesive film"",
          ""type"": ""Material Layer"",
          ""location"": ""top-right""
        },
        {
          ""id"": ""e3"",
          ""label"": ""Release film"",
          ""type"": ""Material Layer"",
          ""location"": ""bottom-right""
        }
      ],
      ""relations"": [
        {
          ""source"": ""e1"",
          ""target"": ""e2"",
          ""type"": ""applies_to"",
          ""details"": ""The roll-to-roll coater applies the optical adhesive film.""
        },
        {
          ""source"": ""e1"",
          ""target"": ""e3"",
          ""type"": ""applies_to"",
          ""details"": ""The roll-to-roll coater applies the release film.""
        },
        {
          ""source"": ""e2"",
          ""target"": ""e3"",
          ""type"": ""layered_on"",
          ""details"": ""The optical adhesive film is layered on top of the release film.""
        }
      ]
    }
  ]
}",材料 (Materials)/量子 (Quantum)/量子点膜 (QDEF),0.9,有机发光二极管显示(OLED)/OLED材料科学/平板显示/液晶显示用量子点扩散板的研究进展,"The path explicitly identifies the research focus as quantum dot diffusion plates for LCDs, which aligns directly with QDEF materials in the context of LCD display technology.",,,22,['光学透明胶膜'],图片（图4(b)）展示了使用辊筒（Roll - to - roll coater）制备光学透明胶膜（Optical adhesive film）的过程，包含离型膜（Release film），与文本中“使用辊筒制备了光学透明胶膜，制备过程如图4(b)所示”的描述对应。,"{'generated_question': 'SiO₂/TiO₂/PMMA纳米颗粒如何提升光学透明胶膜的性能？', 'generated_answer': 'SiO₂/TiO₂/PMMA纳米颗粒为光学透明胶膜带来两方面性能提升：①光散射性能方面，其单核双壳且具有折射率梯度的结构（TiO₂壳层折射率高于SiO₂核心与PMMA外层），使光穿透时光路更复杂，显著改善可见光区光散射性能；②胶膜整体性能方面，将该纳米颗粒均匀混合在丙烯酸基树脂溶液中经辊筒制备胶膜后，其优异的光散射性能使胶膜获得宽视角，同时在法线方向保持高透光性。', 'qa_reasoning': None}",,在显示技术中，扩散板的性能很大程度上取决于扩散剂的微观结构及其在薄膜中的分布。请根据所提供的单核双壳 $SiO_{2}/TiO_{2}/PMMA$ 纳米颗粒特性及其制备工艺示意图，说明该纳米颗粒中 $TiO_{2}$ 壳层在光学性能上的具体作用，并结合图 4(b) 描述这些功能性纳米颗粒是如何被加工成最终的光学透明胶膜的。,在 $SiO_{2}/TiO_{2}/PMMA$ 纳米颗粒结构中，$TiO_{2}$ 壳层扮演了双重光学角色：首先，它具有 UV 屏蔽特性，能保护材料免受紫外线损害；其次，它的折射率高于 $SiO_{2}$ 核心及最外层的 PMMA，形成了折射率梯度结构。这种结构使得光线在穿透颗粒时路径更加复杂，从而显著增强了可见光区的光散射性能，有利于拓宽视场角。在加工工艺方面，根据图 4(b)，这些纳米颗粒首先被均匀混合在丙烯酸基树脂溶液中形成浆料，随后通过辊筒涂布机（Roll-to-roll coater）将浆料均匀涂覆在离型膜（Release film）上，最终固化形成夹在离型膜之间的光学透明胶膜（Optical adhesive film）。,,"{'is_qualified': True, 'issues': [], 'thought_process': '首先，从 $SiO_{2}/TiO_{2}/PMMA$ 纳米颗粒的化学组成入手，由于 $TiO_{2}$ 本身具有极强的紫外线吸收能力，这使得中间壳层首先发挥了 UV 屏蔽的功能，从而能够保护扩散板中的有机材料免受紫外线带来的性能退化。其次，从光学设计的角度审视，由于 $TiO_{2}$ 的折射率远高于核心的 $SiO_{2}$ 和最外层的 PMMA，这种折射率的差异在颗粒内部形成了独特的折射率梯度结构。当可见光穿过该纳米颗粒时，这种梯度结构会显著增加光线在各层界面处的折射与反射频率，使光路径变得更加复杂，进而有效地增强了在可见光区的光散射性能，这对于显示技术中拓宽视场角至关重要。随后，结合图 4(b) 观察其从实验室设计向工业化产品的转化路径，为了将这些具有特定光学功能的纳米颗粒加工成宏观薄膜，需要先将颗粒作为分散相均匀混合在丙烯酸基树脂溶液中，调制成适合涂布的浆料。然后，利用辊筒涂布机（Roll-to-roll coater）将浆料连续且均匀地摊铺在运动的离型膜（Release film）表面。因此，通过这种高效的卷对卷工艺并经过固化处理，功能性纳米颗粒被成功锁定在聚合物基质中，最终形成了夹在离型膜之间、具备优异扩散性能的光学透明胶膜。'}"
./images/img_in_image_box_799_575_1670_1152.jpg,diagram,1.0,图4-11 晶体管ii的基本结构图,,本实验使用的实验数据来自feng-yu yang等人2010年发表的文章 $ ^{[103]} $ 。晶体管ⅱ基本结构如图4-11。晶体管ⅱ参数提取结果如表4-4所示。,['本实验使用的实验数据来自feng-yu yang等人2010年发表的文章 $ ^{[103]} $ 。晶体管ⅱ基本结构如图4-11。晶体管ⅱ参数提取结果如表4-4所示。'],"{
  ""diagrams"": [
    {
      ""id"": ""sub_diagram_1"",
      ""domain"": ""Material Layer Stack"",
      ""summary"": ""A cross-sectional view of a multilayered material structure, likely for an electronic or optoelectronic device."",
      ""entities"": [
        {
          ""id"": ""e1"",
          ""label"": ""Au"",
          ""type"": ""Material Layer"",
          ""value"": ""Gold"",
          ""location"": ""top""
        },
        {
          ""id"": ""e2"",
          ""label"": ""Low-k PVP or TiO2 nanocomposite"",
          ""type"": ""Material Layer"",
          ""value"": ""Low-k dielectric nanocomposite"",
          ""location"": ""second from top""
        },
        {
          ""id"": ""e3"",
          ""label"": ""PMMA"",
          ""type"": ""Material Layer"",
          ""value"": ""Polymethyl methacrylate"",
          ""location"": ""third from top""
        },
        {
          ""id"": ""e4"",
          ""label"": ""Pt"",
          ""type"": ""Material Layer"",
          ""value"": ""Platinum"",
          ""location"": ""bottom of PMMA layer, left side""
        },
        {
          ""id"": ""e5"",
          ""label"": ""P3HT"",
          ""type"": ""Material Layer"",
          ""value"": ""Poly(3-hexylthiophene)"",
          ""location"": ""bottom of PMMA layer, center""
        },
        {
          ""id"": ""e6"",
          ""label"": ""Pt"",
          ""type"": ""Material Layer"",
          ""value"": ""Platinum"",
          ""location"": ""bottom of PMMA layer, right side""
        },
        {
          ""id"": ""e7"",
          ""label"": ""Silicon wafer"",
          ""type"": ""Substrate"",
          ""value"": ""Silicon"",
          ""location"": ""bottom""
        }
      ],
      ""relations"": [
        {
          ""source"": ""e1"",
          ""target"": ""e2"",
          ""type"": ""stacked_on"",
          ""details"": ""Au layer is on top of the Low-k nanocomposite layer.""
        },
        {
          ""source"": ""e2"",
          ""target"": ""e3"",
          ""type"": ""stacked_on"",
          ""details"": ""Low-k nanocomposite layer is on top of the PMMA layer.""
        },
        {
          ""source"": ""e3"",
          ""target"": ""e4"",
          ""type"": ""stacked_on"",
          ""details"": ""PMMA layer is on top of the Pt layer (left).""
        },
        {
          ""source"": ""e3"",
          ""target"": ""e5"",
          ""type"": ""stacked_on"",
          ""details"": ""PMMA layer is on top of the P3HT layer (center).""
        },
        {
          ""source"": ""e3"",
          ""target"": ""e6"",
          ""type"": ""stacked_on"",
          ""details"": ""PMMA layer is on top of the Pt layer (right).""
        },
        {
          ""source"": ""e4"",
          ""target"": ""e7"",
          ""type"": ""stacked_on"",
          ""details"": ""Pt layer (left) is on top of the Silicon wafer.""
        },
        {
          ""source"": ""e5"",
          ""target"": ""e7"",
          ""type"": ""stacked_on"",
          ""details"": ""P3HT layer is on top of the Silicon wafer.""
        },
        {
          ""source"": ""e6"",
          ""target"": ""e7"",
          ""type"": ""stacked_on"",
          ""details"": ""Pt layer (right) is on top of the Silicon wafer.""
        }
      ]
    }
  ]
}",器件 (Devices)/类型 (Types)/OLED (有机发光二极管),0.9,有机发光二极管显示(OLED)/OLED材料科学/平板显示/有机场效应晶体管电路仿真模型的研究,"The path explicitly identifies the research context as OLED-related, with 'OLED材料科学' (OLED material science) and '平板显示' (flat panel display) indicating the display technology focus.",,,39,['晶体管Ⅱ'],图片展示了晶体管Ⅱ的多层结构（包含Au、Low - k PVP或TiO₂纳米复合材料、PMMA、Pt、P3HT、硅片等层），文本中明确提及“晶体管Ⅱ基本结构”，图片内容与文本中的“晶体管Ⅱ”描述相对应。,"{'generated_question': '晶体管Ⅱ的基本结构包含哪些主要功能层？', 'generated_answer': '晶体管Ⅱ的基本结构主要包含衬底层（如硅衬底）、绝缘层（如SiO₂等绝缘材料层）、半导体沟道层（如多晶硅或氧化物半导体层）、栅极层（金属或多晶硅等导电层），以及源极和漏极层（金属或重掺杂半导体层），部分结构还可能包含钝化层等辅助层。', 'qa_reasoning': None}",,根据提供的晶体管ii结构示意图（图4-11），分析该器件的薄膜晶体管（TFT）几何结构类型，并详细说明其栅极绝缘层（Gate Dielectric）由哪些具体材料复合而成，以及栅电极（Gate Electrode）所使用的金属材料。,"该器件属于顶栅底接触（Top-Gate Bottom-Contact, TGBC）结构。其栅极绝缘层采用了双层复合结构，从下往上依次为聚甲基丙烯酸甲酯（PMMA）层和低k聚乙烯吡咯烷酮（Low-k PVP）或二氧化钛纳米复合材料（TiO2 nanocomposite）层；最顶层的栅电极由金（Au）制成。",,"{'is_qualified': False, 'issues': ['【原文】内容严重缺失：提供的原文仅包含“晶体管ii的基本结构图”这一标题，并未包含【问题】和【解答】中提到的具体材料（如PMMA、Low-k PVP、TiO2、Au、Pt、P3HT）以及具体的结构描述。', '信息来源不一致：【解答过程】声称根据示意图分析，但【原文】中并未提供该示意图或任何相关的文字说明，导致解答内容属于脱离原文的“幻觉”或依赖外部知识，不符合基于原文进行审核的质量要求。'], 'thought_process': '首先，通过观察示意图的整体堆叠顺序，可以看到源漏电极（Pt）位于有源层（P3HT）的下方且直接接触衬底，而栅电极（Au）则被安置在器件的最顶层，这种电极与半导体层的相对空间分布特征，直接反映出该器件在几何分类上属于典型的顶栅底接触（Top-Gate Bottom-Contact, TGBC）结构。其次，重点分析位于有源层与栅电极之间的栅极绝缘层区域，根据图中的文字标注，该区域由两层不同的物质复合而成，其材料分布呈现明显的层次感：紧贴着半导体层的是聚甲基丙烯酸甲酯（PMMA）层，而叠加在其上方的则是低k聚乙烯吡咯烷酮（Low-k PVP）或者二氧化钛纳米复合材料（TiO2 nanocomposite）层。然后，进一步观察器件最顶端的金属化部分，图中明确标注了“Au”字样，这表明栅电极所选用的金属材料为金。因此，综合以上对结构层次、界面接触方式以及材料标注的系统梳理，可以得出结论：该器件采用了顶栅底接触（TGBC）结构，其栅极绝缘层是由下层的PMMA与上层的Low-k PVP或TiO2纳米复合材料构成的双层复合体系，且栅电极由金（Au）制成。'}"
./images/img_in_image_box_499_1020_1526_1542.jpg,diagram,0.99,图 1.2 并五苯薄膜晶体管的剖面结构图。其中沟道宽度为  $ 600 \mu m $ ，沟道长度为  $ 120 \mu m $ ，pmma 栅介质的厚度为 700 nm,,"pmma 的一个重要应用就是作为有机薄膜晶体管中绝缘层，人们基于有机薄膜晶体管，做了大量关于 pmma 薄膜对载流子迁移率的影响的研究 $ ^{[20-33]} $ 。首先我们简单介介绍一下有机薄膜晶体管结构和原理。与无机晶体管类似的有机场效应晶体管是一种电压控制器件，其结构主要分为三部分，分别是电极，半导体有源层和绝缘层，其中电极分为栅极，源极和漏极。根据三层结构沉积的顺序不同，可将 otft 分为四种结构：底栅顶接触、底栅底接触、顶栅底接触和顶栅顶接触 $ ^{[20]} $ 。其中底栅顶接触就是栅极沉积在绝缘层下面，源、漏极沉积在半导体层上面，这种结构能够使源漏极与有机半导体很好地接触，并且在良好的绝缘层表面可以形成高质量的半导体薄膜，所以这是研究中最为广泛采用的器件结构 $ ^{[24,25,30]} $ 。以并五苯为有机半导体的底栅顶接触结构有机薄膜晶体管的示意图如图 1.2：有机薄膜晶体管可以等效为一个平板电容，由栅压控制源漏电流，做开关使用，从而实现0或1的逻辑功能 $ ^{[19]} $ 。有机半导体材料的导电率一般比较低，没有可移动的电荷，所以当栅压为零的时候源漏区没有电流流过，而当栅压加正电压时，负电荷会在有机半导体表面聚集，形成空间电荷区，在源极和漏极的电压下会形成电流，处于导通状态 $ ^{[31]} $ 。其中有机半导体材料大多为p型，最有代表性的是并五苯，由于其环形分子，有利于平行堆积及垂直于许多基底的趋势，满足获得高载流子迁移率的要求 $ ^{[11]} $ 。
2000 年以后，对作为介质层的 pmma 薄膜的研究越来越多，以 j. puigdollers 等人研究为例，他们制作了并五苯为有源层，pmma 为介质层的有机薄膜晶体管，其结构如图 1.2。pmma 薄膜采用旋涂的方法制备，整个实验过程在低温（低于  $ 170^{\circ}c $ ）下完成，通过 afm 表征得到的形貌图发现，在 pmma 介质层上的并五苯薄膜比在  $ sio_{2} $  上形成的薄膜表面更加光滑和均匀，pmma薄膜上生长的并五苯薄膜具有更好的结晶性，更有利于空穴载流子的传输，由此得到的载流子迁移率为 $ 0.01\ cm^{2}.v^{-1}.s^{-1} $ ，在并五苯薄膜晶体管中pmma薄膜显示出了比 $ sio_{2} $ 更好的介电特性 $ ^{[32]} $ 。j. puigdollers还研究了温度对这种otft迁移率的影响，当温度升高时，载流子的迁移率增加，薄膜晶体管的关态泄漏电流增加，导致开关比下降。此外，他们还把以pmma为介质层的并五苯薄膜晶体管制作在一种柔性衬底polyethylenephthalate (pen)上面，其电学特性虽然不如单晶硅衬底上制备的并五苯薄膜晶体管，但可以通过提高衬底pen薄膜表面的光滑度方法来提高器件的性能 $ ^{[33]} $ 。","['pmma 的一个重要应用就是作为有机薄膜晶体管中绝缘层，人们基于有机薄膜晶体管，做了大量关于 pmma 薄膜对载流子迁移率的影响的研究 $ ^{[20-33]} $ 。首先我们简单介介绍一下有机薄膜晶体管结构和原理。与无机晶体管类似的有机场效应晶体管是一种电压控制器件，其结构主要分为三部分，分别是电极，半导体有源层和绝缘层，其中电极分为栅极，源极和漏极。根据三层结构沉积的顺序不同，可将 otft 分为四种结构：底栅顶接触、底栅底接触、顶栅底接触和顶栅顶接触 $ ^{[20]} $ 。其中底栅顶接触就是栅极沉积在绝缘层下面，源、漏极沉积在半导体层上面，这种结构能够使源漏极与有机半导体很好地接触，并且在良好的绝缘层表面可以形成高质量的半导体薄膜，所以这是研究中最为广泛采用的器件结构 $ ^{[24,25,30]} $ 。以并五苯为有机半导体的底栅顶接触结构有机薄膜晶体管的示意图如图 1.2：有机薄膜晶体管可以等效为一个平板电容，由栅压控制源漏电流，做开关使用，从而实现0或1的逻辑功能 $ ^{[19]} $ 。有机半导体材料的导电率一般比较低，没有可移动的电荷，所以当栅压为零的时候源漏区没有电流流过，而当栅压加正电压时，负电荷会在有机半导体表面聚集，形成空间电荷区，在源极和漏极的电压下会形成电流，处于导通状态 $ ^{[31]} $ 。其中有机半导体材料大多为p型，最有代表性的是并五苯，由于其环形分子，有利于平行堆积及垂直于许多基底的趋势，满足获得高载流子迁移率的要求 $ ^{[11]} $ 。', '2000 年以后，对作为介质层的 pmma 薄膜的研究越来越多，以 j. puigdollers 等人研究为例，他们制作了并五苯为有源层，pmma 为介质层的有机薄膜晶体管，其结构如图 1.2。pmma 薄膜采用旋涂的方法制备，整个实验过程在低温（低于  $ 170^{\\circ}c $ ）下完成，通过 afm 表征得到的形貌图发现，在 pmma 介质层上的并五苯薄膜比在  $ sio_{2} $  上形成的薄膜表面更加光滑和均匀，pmma薄膜上生长的并五苯薄膜具有更好的结晶性，更有利于空穴载流子的传输，由此得到的载流子迁移率为 $ 0.01\\ cm^{2}.v^{-1}.s^{-1} $ ，在并五苯薄膜晶体管中pmma薄膜显示出了比 $ sio_{2} $ 更好的介电特性 $ ^{[32]} $ 。j. puigdollers还研究了温度对这种otft迁移率的影响，当温度升高时，载流子的迁移率增加，薄膜晶体管的关态泄漏电流增加，导致开关比下降。此外，他们还把以pmma为介质层的并五苯薄膜晶体管制作在一种柔性衬底polyethylenephthalate (pen)上面，其电学特性虽然不如单晶硅衬底上制备的并五苯薄膜晶体管，但可以通过提高衬底pen薄膜表面的光滑度方法来提高器件的性能 $ ^{[33]} $ 。']","{
  ""diagrams"": [
    {
      ""id"": ""sub_diagram_1"",
      ""domain"": ""Organic Semiconductor Device Structure"",
      ""summary"": ""Cross-sectional view of an organic field-effect transistor (OFET) with labeled layers from bottom to top: c-Si substrate, gate electrode (Cr), PMMA gate dielectric, pentacene, and source and drain contacts (Au)."",
      ""entities"": [
        {
          ""id"": ""e1"",
          ""label"": ""c-Si substrate"",
          ""type"": ""Substrate"",
          ""location"": ""bottom layer""
        },
        {
          ""id"": ""e2"",
          ""label"": ""gate electrode(Cr)"",
          ""type"": ""Electrode"",
          ""value"": ""Cr"",
          ""location"": ""third layer from bottom""
        },
        {
          ""id"": ""e3"",
          ""label"": ""PMMA gate dielectric"",
          ""type"": ""Dielectric"",
          ""location"": ""second layer from bottom""
        },
        {
          ""id"": ""e4"",
          ""label"": ""pentacene"",
          ""type"": ""Organic Semiconductor"",
          ""location"": ""fourth layer from bottom""
        },
        {
          ""id"": ""e5"",
          ""label"": ""source and drain contacts (Au)"",
          ""type"": ""Contact"",
          ""value"": ""Au"",
          ""location"": ""top layer""
        }
      ],
      ""relations"": [
        {
          ""source"": ""e1"",
          ""target"": ""e2"",
          ""type"": ""stacked_on"",
          ""details"": ""c-Si substrate is directly below the gate electrode""
        },
        {
          ""source"": ""e2"",
          ""target"": ""e3"",
          ""type"": ""stacked_on"",
          ""details"": ""gate electrode is directly below the PMMA gate dielectric""
        },
        {
          ""source"": ""e3"",
          ""target"": ""e4"",
          ""type"": ""stacked_on"",
          ""details"": ""PMMA gate dielectric is directly below the pentacene layer""
        },
        {
          ""source"": ""e4"",
          ""target"": ""e5"",
          ""type"": ""stacked_on"",
          ""details"": ""pentacene is directly below the source and drain contacts""
        }
      ]
    }
  ]
}",材料 (Materials)/有机 (Organic)/OLED材料科学,0.95,有机发光二极管显示(OLED)/OLED材料科学/平板显示/旋涂法制备的PMMA薄膜的电学特性和光学特性的研究,"The path explicitly places the research within OLED material science, and the abstract focuses on PMMA as a dielectric material for OTFTs relevant to organic display technologies.",,,6,['PMMA'],图片展示了底栅顶接触结构的有机薄膜晶体管（OTFT）层状结构，包含c - Si衬底、Cr栅电极、PMMA栅介质层、pentacene有源层、Au源漏接触。文本围绕PMMA作为有机薄膜晶体管介质层的应用展开，研究其对载流子迁移率的影响，图片中PMMA层（gate dielectric）是核心介质层，与文本研究对象高度对应。,"{'generated_question': '以PMMA为栅介质的并五苯薄膜晶体管的载流子迁移率是多少？', 'generated_answer': '以PMMA为栅介质的并五苯薄膜晶体管的载流子迁移率为\x08oldsymbol{0.01\x08oldsymbol{\rm\thinspace cm^2·V^{-1}·s^{-1}}}。', 'qa_reasoning': None}",,根据图 1.2 所示的并五苯薄膜晶体管剖面结构，请指出该器件属于哪种具体的场效应晶体管结构类型，并结合文本分析，使用 PMMA 作为栅介质层相比于传统的 $SiO_{2}$，对上层并五苯活性层的生长形貌以及器件的电荷传输性能有何具体影响？,"1. 结构类型：该器件属于底栅顶接触（Bottom-gate Top-contact, BGTC）结构。图中栅电极（Cr）位于绝缘层下方，而源、漏电极（Au）沉积在半导体活性层（Pentacene）之上。
2. 对生长形貌的影响：与 $SiO_{2}$ 相比，在 PMMA 介质层上沉积的并五苯薄膜表面更加光滑且均匀，具有更好的结晶性。
3. 对电荷传输性能的影响：由于并五苯薄膜结晶性的提高，更有利于空穴载流子的传输，从而使器件获得了约 $0.01\ cm^{2}\cdot V^{-1}\cdot s^{-1}$ 的载流子迁移率，显示出优于 $SiO_{2}$ 的介电特性。",,
./images/img_in_image_box_396_1442_950_1899.jpg,diagram,1.0,图 2 液晶分子慢响应特性,a 液晶分子响应示意图,"液晶显示器使用荧光灯管(ccfl)或者led作为背光源,液晶分子在电场的控制下作为“光阀”使用。当lcd像素两端施加的电压变化时,液晶分子的排列取向亦随之改变,形成光开关实现像素的黑白转换。所谓的液晶分子响应时间指像素由黑转白、由白转黑所需要的时间,分别为上升时间 $ (t_{\mathrm{d}}) $ 、下降时间 $ (t_{\mathrm{r}}) $ 。如图2所示,上升时间 $ (t_{\mathrm{d}}) $ 指图像亮度从10%上升到90%所需时间、下降时间 $ (t_{\mathrm{r}}) $ 指图像亮度从90%下降到10%所需时间。","['液晶显示器使用荧光灯管(ccfl)或者led作为背光源,液晶分子在电场的控制下作为“光阀”使用。当lcd像素两端施加的电压变化时,液晶分子的排列取向亦随之改变,形成光开关实现像素的黑白转换。所谓的液晶分子响应时间指像素由黑转白、由白转黑所需要的时间,分别为上升时间 $ (t_{\\mathrm{d}}) $ 、下降时间 $ (t_{\\mathrm{r}}) $ 。如图2所示,上升时间 $ (t_{\\mathrm{d}}) $ 指图像亮度从10%上升到90%所需时间、下降时间 $ (t_{\\mathrm{r}}) $ 指图像亮度从90%下降到10%所需时间。']","{
  ""diagrams"": [
    {
      ""id"": ""sub_diagram_1"",
      ""domain"": ""Liquid Crystal Display (LCD) Technology"",
      ""summary"": ""Diagram illustrating LCD behavior without applied voltage, showing light transmission through aligned liquid crystal molecules."",
      ""entities"": [
        {""id"": ""e1"", ""label"": ""偏振片"", ""type"": ""Polarizer"", ""location"": ""top""},
        {""id"": ""e2"", ""label"": ""玻璃"", ""type"": ""Glass Substrate"", ""location"": ""top layer""},
        {""id"": ""e3"", ""label"": ""液晶分子"", ""type"": ""Liquid Crystal Molecules"", ""location"": ""center layer""},
        {""id"": ""e4"", ""label"": ""玻璃"", ""type"": ""Glass Substrate"", ""location"": ""bottom layer""},
        {""id"": ""e5"", ""label"": ""偏振片"", ""type"": ""Polarizer"", ""location"": ""bottom""},
        {""id"": ""e6"", ""label"": ""光"", ""type"": ""Light"", ""location"": ""passing through"", ""description"": ""Light rays shown as dashed lines""}
      ],
      ""relations"": [
        {""source"": ""e1"", ""target"": ""e2"", ""type"": ""attached_to"", ""details"": ""Polarizer attached to top glass substrate""},
        {""source"": ""e2"", ""target"": ""e3"", ""type"": ""contains"", ""details"": ""Top glass substrate contains liquid crystal molecules""},
        {""source"": ""e3"", ""target"": ""e4"", ""type"": ""contains"", ""details"": ""Liquid crystal molecules are between top and bottom glass substrates""},
        {""source"": ""e4"", ""target"": ""e5"", ""type"": ""attached_to"", ""details"": ""Bottom glass substrate attached to bottom polarizer""},
        {""source"": ""e6"", ""target"": ""e1"", ""type"": ""passes_through"", ""details"": ""Light passes through top polarizer""},
        {""source"": ""e6"", ""target"": ""e3"", ""type"": ""interacts_with"", ""details"": ""Light interacts with aligned liquid crystal molecules""},
        {""source"": ""e6"", ""target"": ""e5"", ""type"": ""passes_through"", ""details"": ""Light passes through bottom polarizer""},
        {""source"": ""e1"", ""target"": ""e5"", ""type"": ""aligned_with"", ""details"": ""Polarizers are aligned to allow light transmission""}
      ]
    },
    {
      ""id"": ""sub_diagram_2"",
      ""domain"": ""Liquid Crystal Display (LCD) Technology"",
      ""summary"": ""Diagram illustrating LCD behavior with applied voltage, showing light blocked by twisted liquid crystal molecules."",
      ""entities"": [
        {""id"": ""e1"", ""label"": ""偏振片"", ""type"": ""Polarizer"", ""location"": ""top""},
        {""id"": ""e2"", ""label"": ""玻璃"", ""type"": ""Glass Substrate"", ""location"": ""top layer""},
        {""id"": ""e3"", ""label"": ""液晶分子"", ""type"": ""Liquid Crystal Molecules"", ""location"": ""center layer""},
        {""id"": ""e4"", ""label"": ""玻璃"", ""type"": ""Glass Substrate"", ""location"": ""bottom layer""},
        {""id"": ""e5"", ""label"": ""偏振片"", ""type"": ""Polarizer"", ""location"": ""bottom""},
        {""id"": ""e6"", ""label"": ""光"", ""type"": ""Light"", ""location"": ""blocked"", ""description"": ""Light rays shown as dashed lines blocked by liquid crystal molecules""}
      ],
      ""relations"": [
        {""source"": ""e1"", ""target"": ""e2"", ""type"": ""attached_to"", ""details"": ""Polarizer attached to top glass substrate""},
        {""source"": ""e2"", ""target"": ""e3"", ""type"": ""contains"", ""details"": ""Top glass substrate contains liquid crystal molecules""},
        {""source"": ""e3"", ""target"": ""e4"", ""type"": ""contains"", ""details"": ""Liquid crystal molecules are between top and bottom glass substrates""},
        {""source"": ""e4"", ""target"": ""e5"", ""type"": ""attached_to"", ""details"": ""Bottom glass substrate attached to bottom polarizer""},
        {""source"": ""e6"", ""target"": ""e1"", ""type"": ""attempted_passage"", ""details"": ""Light attempts to pass through top polarizer""},
        {""source"": ""e6"", ""target"": ""e3"", ""type"": ""blocked_by"", ""details"": ""Light is blocked by twisted liquid crystal molecules""},
        {""source"": ""e6"", ""target"": ""e5"", ""type"": ""blocked_by"", ""details"": ""Light is blocked by bottom polarizer""},
        {""source"": ""e1"", ""target"": ""e5"", ""type"": ""misaligned_with"", ""details"": ""Polarizers are misaligned due to voltage-induced twist in liquid crystal molecules""}
      ]
    }
  ]
}",器件 (Devices)/类型 (Types)/OLED (有机发光二极管),0.9,有机发光二极管显示(OLED)/OLED材料科学/平板显示/液晶显示器运动模糊测量方法及研究进展概述,"The path explicitly identifies the research focus as OLED, despite the mention of LCD in the final folder, which is likely a misclassification or error in the path structure.",,,4,['液晶分子'],图片展示液晶显示器的结构（含偏振片、玻璃、液晶分子），并呈现液晶分子在“不加电压（光通过）”“加电压（不透光）”时的状态，对应文本中“液晶分子在电场控制下作为‘光阀’（光开关）”的描述，核心视觉元素为液晶分子的电压控制光状态变化，故提取该关键词。,"{'generated_question': '液晶分子的上升时间（\t_{d}）具体指的是什么？', 'generated_answer': '液晶分子的上升时间（\t_{d}）指图像亮度从10%上升到90%所需的时间。', 'qa_reasoning': None}",,在液晶显示（LCD）技术中，像素通过电场控制液晶分子的排列来实现“光阀”功能。请结合提供的示意图说明在施加电压前后光线物理状态的变化，并详细阐述用于衡量该光开关响应特性的参数 $t_{\mathrm{d}}$ 与 $t_{\mathrm{r}}$ 的具体量化定义。,根据示意图及相关原理，当LCD像素不施加电压时，液晶分子处于特定的初始排列取向，允许背光源产生的光线穿过偏振片和玻璃基板结构，实现“光通过”的开启状态；当施加电压时，液晶分子的排列取向在电场作用下发生改变，从而阻断光线通过，实现“不透光”的关断状态。为了量化这一转换过程的快慢，技术上定义了两个关键参数：上升时间（$t_{\mathrm{d}}$）指图像亮度从10%上升至90%所需的时间；下降时间（$t_{\mathrm{r}}$）指图像亮度从90%下降至10%所需的时间。,,
./images/img_in_image_box_702_283_1719_1281.jpg,diagram,0.99,图 2.14 主要有机材料的分子式及器件结构,,实验时把ito玻璃衬底经清洗及等离子体处理后放入 $ 1.33\times10^{-4}pa $ 的真空室内，相继蒸发空穴注入层、空穴传输层、发光层、电子传输层及电子注入层，然后制作金属电极，其中混合电子传输层采用双源蒸发的方法，最后器件密封测量。器件的亮度，色度及光谱通过pr650光谱扫描色度计测量，亮度电压、电流电压特性用keithley 2400测试仪及ls110型亮度计组成的测试系统进行测量。图2.14是本实验所用的主要有机材料分子结构及器件结构示意图。,['实验时把ito玻璃衬底经清洗及等离子体处理后放入 $ 1.33\\times10^{-4}pa $ 的真空室内，相继蒸发空穴注入层、空穴传输层、发光层、电子传输层及电子注入层，然后制作金属电极，其中混合电子传输层采用双源蒸发的方法，最后器件密封测量。器件的亮度，色度及光谱通过pr650光谱扫描色度计测量，亮度电压、电流电压特性用keithley 2400测试仪及ls110型亮度计组成的测试系统进行测量。图2.14是本实验所用的主要有机材料分子结构及器件结构示意图。'],"{
  ""diagrams"": [
    {
      ""id"": ""sub_diagram_1"",
      ""domain"": ""Organic Light-Emitting Diode (OLED) Structure"",
      ""summary"": ""Cross-sectional view of an OLED device showing layered structure and external electrical connection."",
      ""entities"": [
        {
          ""id"": ""e1"",
          ""label"": ""LiF/Al"",
          ""type"": ""Electrode Layer"",
          ""location"": ""top""
        },
        {
          ""id"": ""e2"",
          ""label"": ""ETL"",
          ""type"": ""Electron Transport Layer"",
          ""location"": ""second from top""
        },
        {
          ""id"": ""e3"",
          ""label"": ""Alq₃"",
          ""type"": ""Emissive Layer"",
          ""location"": ""third from top""
        },
        {
          ""id"": ""e4"",
          ""label"": ""NPB"",
          ""type"": ""Hole Transport Layer"",
          ""location"": ""fourth from top""
        },
        {
          ""id"": ""e5"",
          ""label"": ""m-MTDATA"",
          ""type"": ""Hole Transport Layer"",
          ""location"": ""fifth from top""
        },
        {
          ""id"": ""e6"",
          ""label"": ""ITO glass"",
          ""type"": ""Substrate"",
          ""location"": ""bottom""
        },
        {
          ""id"": ""e7"",
          ""label"": ""Battery Symbol"",
          ""type"": ""External Power Source"",
          ""location"": ""right side""
        }
      ],
      ""relations"": [
        {
          ""source"": ""e1"",
          ""target"": ""e2"",
          ""type"": ""stacked_on"",
          ""details"": ""LiF/Al is stacked on top of ETL""
        },
        {
          ""source"": ""e2"",
          ""target"": ""e3"",
          ""type"": ""stacked_on"",
          ""details"": ""ETL is stacked on top of Alq₃""
        },
        {
          ""source"": ""e3"",
          ""target"": ""e4"",
          ""type"": ""stacked_on"",
          ""details"": ""Alq₃ is stacked on top of NPB""
        },
        {
          ""source"": ""e4"",
          ""target"": ""e5"",
          ""type"": ""stacked_on"",
          ""details"": ""NPB is stacked on top of m-MTDATA""
        },
        {
          ""source"": ""e5"",
          ""target"": ""e6"",
          ""type"": ""stacked_on"",
          ""details"": ""m-MTDATA is stacked on top of ITO glass""
        },
        {
          ""source"": ""e7"",
          ""target"": ""e1"",
          ""type"": ""electrically_connected_to"",
          ""details"": ""Battery connects to the top electrode (LiF/Al)""
        },
        {
          ""source"": ""e7"",
          ""target"": ""e6"",
          ""type"": ""electrically_connected_to"",
          ""details"": ""Battery connects to the bottom substrate (ITO glass)""
        }
      ]
    }
  ]
}",器件 (Devices)/类型 (Types)/OLED (有机发光二极管),1.0,有机发光二极管显示(OLED)/OLED材料科学/平板显示/新型高性能有机电致发光器件的研究,"The path explicitly identifies the research focus as OLED-related, specifically within the context of high-performance organic electroluminescent devices.",,,3,['器件结构'],图片展示了以ITO玻璃为衬底的分层器件结构（包含m - MTDATA、NPB、Alq₃、ETL、LiF/Al等功能层），与文本中‘器件结构示意图’的描述完全对应，直观呈现了有机电致发光器件的层状结构设计（如空穴注入层、空穴传输层、发光层、电子传输层、电子注入层及金属电极的分层布局）。,"{'generated_question': '该有机电致发光器件从衬底到金属电极的结构层依次是什么？', 'generated_answer': '该有机电致发光器件从衬底到金属电极的结构层依次为：ITO玻璃衬底、空穴注入层、空穴传输层、发光层、电子传输层、电子注入层、金属电极。', 'qa_reasoning': None}",,在所提供的 OLED 器件结构图（图 2.14）及相关的实验描述中，该器件采用了多层有机薄膜结构。请根据实验步骤中提及的膜层蒸发顺序，依次识别出图中 m-MTDATA、NPB 和 Alq3 各自对应的功能层名称。此外，请说明该器件制备时真空室内的真空度环境，以及用于表征电流-电压（I-V）特性的具体测试仪型号。,"根据实验描述和器件结构图的对应关系：
1. 功能层识别：
   - m-MTDATA 对应为空穴注入层（HIL）；
   - NPB 对应为空穴传输层（HTL）；
   - Alq3 对应为发光层（EML）。
2. 实验环境：制备时的真空度为 1.33 × 10⁻⁴ Pa。
3. 测试设备：电流-电压（I-V）特性是使用 Keithley 2400 测试仪进行测量的。",,"{'is_qualified': False, 'issues': ['信息来源缺失：【问题】中提到的‘图 2.14’、‘实验步骤’以及‘实验描述’在提供的【原文】中均不存在，原文仅包含一行标题性质的文字。', '事实根据不足：【解答过程】和【回答】中给出了极其具体的实验参数（如真空度 1.33 × 10⁻⁴ Pa、测试仪型号 Keithley 2400），这些关键信息在【原文】中完全没有提及。根据‘回答是否和原文内容冲突’的原则，虽然不是直接矛盾，但属于严重的‘幻觉’或脱离文本，不符合基于给定原文进行问答的质量要求。', '原文内容与任务不匹配：【原文】内容过少，无法支撑起问题中所要求的深度分析（识别功能层、确认真空度、识别设备型号）。'], 'thought_process': '首先，通过观察图 2.14 的器件结构图，可以清晰地看到该 OLED 器件是建立在 ITO 导电玻璃衬底之上的，根据载流子从阳极向阴极传输的物理逻辑，靠近 ITO 阳极的有机层首先承担空穴注入的功能，由于 m-MTDATA 是紧邻 ITO 的第一层有机薄膜，因此可以判定其对应的功能层为空穴注入层（HIL）。其次，紧随其后蒸发的 NPB 层位于注入层与后续发光中心之间，其分子特性决定了它能有效将空穴输送至复合区，因此其对应的功能层为空穴传输层（HTL）。然后，在 NPB 之上制备的 Alq3 层位于电子传输层（ETL）下方，在这一经典的三层或多层结构中，Alq3 通常作为载流子复合产生激子的核心区域，因此可以确定其对应的功能层为发光层（EML）。在明确了各功能层的识别后，考虑到有机薄膜制备对环境纯净度的极高要求，实验中通常利用高真空环境来降低杂质干扰并提升蒸发效率，根据实验参数记录，制备该器件时的真空室内真空度设定为 1.33 × 10⁻⁴ Pa。最后，针对器件性能的表征，特别是需要精确记录电流随电压变化的关系，通常需要集成电压源与电流计的专业测试设备，根据实验描述，此处电流-电压（I-V）特性的测量是采用行业标准的 Keithley 2400 测试仪进行的。基于以上逻辑推导，该问题的答案最终确定为：m-MTDATA 为空穴注入层（HIL），NPB 为空穴传输层（HTL），Alq3 为发光层（EML），实验环境真空度为 1.33 × 10⁻⁴ Pa，测试设备型号为 Keithley 2400。'}"
./images/img_in_image_box_774_1030_1337_1361.jpg,diagram,0.99,图 2-9 有机单晶离子晶体管基本结构 $ ^{[86]} $ 。,,"传统方法制备的 ofet 半导体层一般都是多晶薄膜，而多晶薄膜的晶界有许多缺陷，造成费米能级钉扎，产生电荷势垒，降低载流子迁移率，影响 ofet 器件性能。而单晶技术因具有以下优点而成为近两年研究的热点：（1）高能量带电粒子，固有的等离子体沉积技术，决定了有机半导体表面光滑且高度有序；（2）整个过程可以在常温下进行；（3）不需要高真空要求，适合低成本技术生产；（4）沉积过程速度快；（5）有机半导体单晶与多晶薄膜相比，晶界和缺陷都很少。因此有机单晶晶体可以避免一些多晶甚至非晶有机半导体薄膜中的缺陷、晶界等因素的干扰而获得有机半导体材料的本征性质。其载流子迁移率通常比多晶薄膜要高 $ ^{[79]} $ 。有机单晶酞菁铁 $ ^{[80]} $ 、酞菁铜 $ ^{[81]} $ 、红荧烯 $ ^{[82]} $ 都显示了双极性特性。podzorov等人利用红荧烯单晶制备的有机单晶晶体管的场效应载流子迁移率高达 $ 8\ \text{cm}^{2}/(\text{v}\cdot\text{s})^{[83]} $ 。使用溶液法很难制备高纯度、低缺陷的单晶薄膜。一般单晶薄膜可以通过电化学沉积、扩散沉积、气相沉积等方法来制备，其中又以气相法最为常用。离子液体具有可在室温下工作、化学稳定性不断提高、防水、无毒、不挥发等特性，利用它的离子迅速扩散性能，可以制备出高性能的有机单晶晶体管。已有报道有机单晶半导体被应用于低成本微电极电路中，比如矩阵显示传感等领域 $ ^{[84,85]} $ 。日本电力中央研究所与大阪大学联合开发出了采用离子液体的高性能有机单晶晶体管，基本结构如下图2-9。","['传统方法制备的 ofet 半导体层一般都是多晶薄膜，而多晶薄膜的晶界有许多缺陷，造成费米能级钉扎，产生电荷势垒，降低载流子迁移率，影响 ofet 器件性能。而单晶技术因具有以下优点而成为近两年研究的热点：（1）高能量带电粒子，固有的等离子体沉积技术，决定了有机半导体表面光滑且高度有序；（2）整个过程可以在常温下进行；（3）不需要高真空要求，适合低成本技术生产；（4）沉积过程速度快；（5）有机半导体单晶与多晶薄膜相比，晶界和缺陷都很少。因此有机单晶晶体可以避免一些多晶甚至非晶有机半导体薄膜中的缺陷、晶界等因素的干扰而获得有机半导体材料的本征性质。其载流子迁移率通常比多晶薄膜要高 $ ^{[79]} $ 。有机单晶酞菁铁 $ ^{[80]} $ 、酞菁铜 $ ^{[81]} $ 、红荧烯 $ ^{[82]} $ 都显示了双极性特性。podzorov等人利用红荧烯单晶制备的有机单晶晶体管的场效应载流子迁移率高达 $ 8\\ \\text{cm}^{2}/(\\text{v}\\cdot\\text{s})^{[83]} $ 。使用溶液法很难制备高纯度、低缺陷的单晶薄膜。一般单晶薄膜可以通过电化学沉积、扩散沉积、气相沉积等方法来制备，其中又以气相法最为常用。离子液体具有可在室温下工作、化学稳定性不断提高、防水、无毒、不挥发等特性，利用它的离子迅速扩散性能，可以制备出高性能的有机单晶晶体管。已有报道有机单晶半导体被应用于低成本微电极电路中，比如矩阵显示传感等领域 $ ^{[84,85]} $ 。日本电力中央研究所与大阪大学联合开发出了采用离子液体的高性能有机单晶晶体管，基本结构如下图2-9。']","{
  ""diagrams"": [
    {
      ""id"": ""sub_diagram_1"",
      ""domain"": ""Organic Electronics / Transistor Structure"",
      ""summary"": ""Cross-sectional view of an organic field-effect transistor (OFET) with labeled layers and electrodes."",
      ""entities"": [
        {
          ""id"": ""e1"",
          ""label"": ""Source electrode"",
          ""type"": ""Electrode"",
          ""location"": ""top-left""
        },
        {
          ""id"": ""e2"",
          ""label"": ""Drain electrode"",
          ""type"": ""Electrode"",
          ""location"": ""top-right""
        },
        {
          ""id"": ""e3"",
          ""label"": ""organic single crystal"",
          ""type"": ""Material Layer"",
          ""location"": ""middle-upper""
        },
        {
          ""id"": ""e4"",
          ""label"": ""ionic liquid"",
          ""type"": ""Material Layer"",
          ""location"": ""middle""
        },
        {
          ""id"": ""e5"",
          ""label"": ""Gate electrode"",
          ""type"": ""Electrode"",
          ""location"": ""middle-right""
        },
        {
          ""id"": ""e6"",
          ""label"": ""PDMS"",
          ""type"": ""Material Layer"",
          ""location"": ""bottom""
        }
      ],
      ""relations"": [
        {
          ""source"": ""e1"",
          ""target"": ""e3"",
          ""type"": ""contacts"",
          ""details"": ""Source electrode contacts the organic single crystal.""
        },
        {
          ""source"": ""e2"",
          ""target"": ""e3"",
          ""type"": ""contacts"",
          ""details"": ""Drain electrode contacts the organic single crystal.""
        },
        {
          ""source"": ""e3"",
          ""target"": ""e4"",
          ""type"": ""stacked_on"",
          ""details"": ""Organic single crystal is stacked on top of ionic liquid.""
        },
        {
          ""source"": ""e4"",
          ""target"": ""e5"",
          ""type"": ""contacts"",
          ""details"": ""Ionic liquid contacts the gate electrode.""
        },
        {
          ""source"": ""e5"",
          ""target"": ""e6"",
          ""type"": ""contacts"",
          ""details"": ""Gate electrode is on top of PDMS layer.""
        },
        {
          ""source"": ""e3"",
          ""target"": ""e6"",
          ""type"": ""stacked_on"",
          ""details"": ""Organic single crystal is stacked on top of PDMS.""
        }
      ]
    }
  ]
}",器件 (Devices)/类型 (Types)/OLED (有机发光二极管),0.9,有机发光二极管显示(OLED)/OLED材料科学/平板显示/有机场效应晶体管电路仿真模型的研究,"The path explicitly identifies the research context as OLED-related, with 'OLED材料科学' (OLED material science) and '平板显示' (flat panel display) indicating the display technology focus.",,,40,['有机单晶晶体管'],图片展示了有机单晶晶体管的结构，包含源电极、漏电极、有机单晶（organic single crystal）、离子液体（ionic liquid）、栅电极及PDMS层，与文本中‘采用离子液体的高性能有机单晶晶体管’的结构描述对应，该器件结构在文本中被提及且图片呈现其组成，因此提取关键词。,"{'generated_question': '日本电力中央研究所与大阪大学联合开发的有机单晶晶体管采用的关键材料是什么？', 'generated_answer': '该有机单晶晶体管采用的关键材料是离子液体。', 'qa_reasoning': None}",,在如图 2-9 所示的有机单晶离子晶体管结构中，请分析在该体系中使用“离子液体（ionic liquid）”配合“有机单晶（organic single crystal）”作为半导体层的技术优势，并解释为何有机单晶相比于传统的多晶薄膜能显著提升载流子迁移率。,在该器件结构中，离子液体利用其阴阳离子的迅速扩散性能，作为电解质层配合栅极（Gate electrode）实现高效的电荷感应。使用有机单晶作为半导体层的主要优势在于其高度有序的分子排列以及极少的晶界（grain boundaries）和缺陷。相比之下，传统多晶薄膜存在大量晶界，这些晶界会产生缺陷并导致费米能级钉扎（Fermi level pinning），从而形成电荷势垒，阻碍载流子输运。有机单晶通过消除晶界干扰，能够展现材料的本征性质，从而获得更高的载流子迁移率（例如红荧烯单晶可达 8 cm²/(V·s)）。,,"{'is_qualified': False, 'issues': ['信息来源不一致：【原文】内容极其简略，仅为“有机单晶离子晶体管基本结构”，而【解答过程】和【回答】中包含大量高度专业的物理机制（如费米能级钉扎、晶界对电荷的捕获、电解质扩散机制等）以及具体的性能数值（红荧烯迁移率 8 cm²/(V·s)），这些信息在提供的原文中完全没有体现，属于脱离文本的“幻觉”或依赖外部知识，不符合基于给定原文进行检查的要求。', '图表引用缺失：【问题】中明确提到“如图 2-9 所示”，但【原文】中仅有一行文字，未包含图表内容，导致问题与背景材料脱节。', '虽然从学科知识角度看，回答的内容是准确的，但作为对特定【原文】的质量检查，该问答对无法从原文中推导得出，属于不合格的配对。'], 'thought_process': '首先，观察图 2-9 所示的器件结构，可以看到该晶体管由栅极、离子液体、有机单晶以及源漏电极组成，其中离子液体作为电解质层直接与有机半导体接触。由于离子液体内部存在大量可自由移动的阴阳离子，在栅极电压的驱动下，这些离子能够迅速扩散并积聚在界面处，从而实现极高效率的电荷感应，这是该体系能够低压高效运行的关键。其次，分析半导体层的材质特性，有机单晶相较于传统材料的核心优势在于其完美的晶格排列。从微观角度看，单晶内部的分子具有高度的有序性，这使得它几乎不存在多晶薄膜中常见的晶界和杂质缺陷。然后，深入探讨载流子输运的物理机制，可以发现传统多晶薄膜中的大量晶界会捕获电荷并引起费米能级钉扎，从而在微观界面上形成能量势垒，严重阻碍载流子的自由移动。因此，使用有机单晶作为半导体层，本质上是消除了晶界对电荷输运的干扰，使得材料能够释放出其本征的电子传输能力。这种性能的提升在实际应用中非常显著，例如红荧烯单晶的载流子迁移率可以达到 8 cm²/(V·s)，远高于普通多晶薄膜器件，从而在结构与材料的双重优化下实现了优异的电学性能。'}"
./images/img_in_image_box_682_337_1673_1046.jpg,diagram,1.0,图 1-7 钠硅灰石-液晶光电设备,,"英国 haider butt 等人通过热处理的方法在玻璃上原位形成一层钠硅灰石的光扩散膜(如图 1-6 所示)，制备得到的光扩散膜具有良好的光扩散效果、较宽的散射区域和较高的透过率(透过率可达 70%以上)。同时，研究人员通过进一步的研究解释了基于钠硅灰石的光扩散机理：钠硅灰石独特的针状微纳米结构，使其具有对光的各向异性，因而在实现对点光源的扩散效果同时具有较大的扩散角度。除此以外，该课题组在上述研究基础上进一步探索，制备了基于钠硅灰石的液晶光电设备(如图 1-7 所示)。研究表明，钠硅灰石-液晶光电设备可以通过改变所施加电压的大小，来精确调控该设备的光扩散性能。同时该设备具有优异的散射范围和散射角，可以广泛应用于生物传感器、全息影像设备等各类光电设备之中，进而引起了对于钠硅灰石的深层次研究 $ ^{[46,47]} $ 。","['英国 haider butt 等人通过热处理的方法在玻璃上原位形成一层钠硅灰石的光扩散膜(如图 1-6 所示)，制备得到的光扩散膜具有良好的光扩散效果、较宽的散射区域和较高的透过率(透过率可达 70%以上)。同时，研究人员通过进一步的研究解释了基于钠硅灰石的光扩散机理：钠硅灰石独特的针状微纳米结构，使其具有对光的各向异性，因而在实现对点光源的扩散效果同时具有较大的扩散角度。除此以外，该课题组在上述研究基础上进一步探索，制备了基于钠硅灰石的液晶光电设备(如图 1-7 所示)。研究表明，钠硅灰石-液晶光电设备可以通过改变所施加电压的大小，来精确调控该设备的光扩散性能。同时该设备具有优异的散射范围和散射角，可以广泛应用于生物传感器、全息影像设备等各类光电设备之中，进而引起了对于钠硅灰石的深层次研究 $ ^{[46,47]} $ 。']","{
  ""diagrams"": [
    {
      ""id"": ""sub_diagram_1"",
      ""domain"": ""Liquid Crystal Display (LCD) Structure"",
      ""summary"": ""Cross-sectional view of a liquid crystal display with ITO/Glass electrode, LC layer, Graphene, and Devitrite layers."",
      ""entities"": [
        {
          ""id"": ""e1"",
          ""label"": ""ITO/Glass electrode"",
          ""type"": ""Electrode"",
          ""location"": ""top layer""
        },
        {
          ""id"": ""e2"",
          ""label"": ""LC layer"",
          ""type"": ""Liquid Crystal Layer"",
          ""location"": ""middle layer""
        },
        {
          ""id"": ""e3"",
          ""label"": ""Graphene"",
          ""type"": ""Material Layer"",
          ""location"": ""bottom layer""
        },
        {
          ""id"": ""e4"",
          ""label"": ""Devitrite"",
          ""type"": ""Material Layer"",
          ""location"": ""bottom layer, beneath Graphene""
        },
        {
          ""id"": ""e5"",
          ""label"": ""S"",
          ""type"": ""Switch"",
          ""location"": ""right side, connected to ITO/Glass electrode""
        }
      ],
      ""relations"": [
        {
          ""source"": ""e1"",
          ""target"": ""e2"",
          ""type"": ""layer_above"",
          ""details"": ""ITO/Glass electrode is above the LC layer.""
        },
        {
          ""source"": ""e2"",
          ""target"": ""e3"",
          ""type"": ""layer_above"",
          ""details"": ""LC layer is above the Graphene layer.""
        },
        {
          ""source"": ""e3"",
          ""target"": ""e4"",
          ""type"": ""layer_above"",
          ""details"": ""Graphene is above the Devitrite layer.""
        },
        {
          ""source"": ""e1"",
          ""target"": ""e5"",
          ""type"": ""electrical_connection"",
          ""details"": ""ITO/Glass electrode is connected to the switch.""
        },
        {
          ""source"": ""e5"",
          ""target"": ""e4"",
          ""type"": ""electrical_connection"",
          ""details"": ""Switch is connected to Devitrite layer.""
        }
      ]
    }
  ]
}",模组 (Module)/背光 (Backlight)/背光模组,0.95,有机发光二极管显示(OLED)/OLED材料科学/平板显示/水热法制备光扩散杂化微球及其在光扩散膜中的应用,"The path explicitly places the research within the context of flat-panel displays and backlight components, and the abstract focuses on optical diffusers for LCD backlights, confirming the classification.",,,24,['钠硅灰石'],图片展示了包含钠硅灰石（Devitrite）、液晶层（LC layer）、石墨烯和ITO玻璃电极的光电设备结构，与文本中‘基于钠硅灰石的液晶光电设备’的描述对应，该设备通过调控电压可精确调控光扩散性能，图片中的Devitrite（钠硅灰石）层是核心材料层。,"{'generated_question': '钠硅灰石-液晶光电设备是通过什么方式来精确调控其光扩散性能的？', 'generated_answer': '钠硅灰石-液晶光电设备是通过改变所施加电压的大小来精确调控其光扩散性能的。', 'qa_reasoning': None}",,在如图 1-7 所示的钠硅灰石-液晶（Devitrite-LC）光电设备结构中，请结合其各层功能说明该器件实现光扩散性能精确调控的物理机制，并指出其电极材料的构成。,该设备通过垂直叠层结构实现光扩散的调控。其电极系统由顶部的 ITO/玻璃电极（ITO/Glass electrode）和底部的石墨烯（Graphene）组成，通过交流电源形成驱动电路。调控机制如下：底层钠硅灰石（Devitrite）具有独特的针状微纳米结构，产生光学各向异性，是实现大角度光扩散的核心物理基础。中间的液晶层（LC layer）作为活性调制介质，通过改变施加在 ITO 和石墨烯电极之间的电压大小，驱动液晶分子发生偏转（取向改变），从而改变光波进入扩散层前的物理状态。这种电控液晶取向与钠硅灰石固有扩散特性的耦合，最终实现了对设备光扩散性能的精确调控。,,"{'is_qualified': False, 'issues': ['【原文】内容过于简略（仅提供了一个标题），未包含【问题】和【回答】中涉及的核心技术细节（如电极材料ITO/石墨烯、针状微纳米结构、光学各向异性等），导致回答内容与原文严重脱节，无法从原文推导得出。', '【问题】中引用的“图 1-7”在输入信息中并未提供，这使得基于图像观察的【解答过程】缺乏依据，属于信息缺失。'], 'thought_process': '首先，观察图 1-7 所示的器件截面结构，可以直观地看到这是一个典型的垂直叠层系统，其核心逻辑在于通过层间的功能耦合来实现光学性能的改变。为了确定其电极构成，我们需要识别与电源连接的导电层，根据图示标注，顶层为透明的 ITO/玻璃电极，而底层则紧贴着石墨烯层，这两者共同构成了施加外部交流电场的驱动电路。其次，深入探讨该器件调控光扩散的物理机制，必须分析每一层的功能角色，底层的钠硅灰石（Devitrite）并非简单的结构支撑，其内部独特的针状微纳米结构是产生光学各向异性的源头，也是实现大角度光扩散现象的物理基础。然后，分析位于中间的液晶层，它被设计为活性调制介质，其物理特性的关键在于液晶分子对电场的响应，通过改变施加在 ITO 和石墨烯电极之间的电压大小，可以精确驱动液晶分子发生偏转或取向改变。这种取向的调整实质上是改变了光波在进入底层扩散层之前的物理状态，如偏振方向或相位分布。最后，将这两部分功能结合起来，这种由电控驱动的液晶取向动态变化与钠硅灰石固有的、静态的微纳扩散特性相互耦合，最终便实现了对整个设备光扩散性能的精确调控。'}"
./images/img_in_image_box_892_402_1533_1080.jpg,diagram,1.0,图 1.3 hit 太阳电池结构图,,作为一种高效太阳电池的设计和制造方法，hit 电池最早由日本的三洋公司所提出。hit 电池是一种具有非晶硅/单晶硅异质结构的太阳能电池，该电池是以晶体硅为基体和非晶硅薄膜相结合组成的新型太阳电池。hit 电池具有制备温度低、转换效率高、高温特性好等优点，hit 电池的高效率是该电池和传统晶硅电池相竞争的最大优势。hit 电池的基本构造为晶体硅片的表面沉积作为受光照层的本征 a-si：h 膜和 p 型 a-si：h 膜，以及背面所沉积的本征和 n 型 a-si：h 膜，上下两侧的顶层均需制备透明导电电极。在 a-si：h 和电极之间沉积一层 tco 薄膜，其目的为保证电流的正常输出，图 1.3 为 hit 电池结构。作为导电层和减反射层的 tco 薄膜必须具有较高的透过率和较低的方块电阻。基于该特性，采用磁控溅射技术在电池两侧沉积 ito 薄膜作为透明电极，在 hit 电池中得到了广泛应用 $ ^{[27]} $ 。ito 薄膜作为 hit 太阳电池的透明导电电极，同时起到了减少反射和增加导电的作用，其性能好坏对电池效率具有很大影响 $ ^{[28]} $ 。,['作为一种高效太阳电池的设计和制造方法，hit 电池最早由日本的三洋公司所提出。hit 电池是一种具有非晶硅/单晶硅异质结构的太阳能电池，该电池是以晶体硅为基体和非晶硅薄膜相结合组成的新型太阳电池。hit 电池具有制备温度低、转换效率高、高温特性好等优点，hit 电池的高效率是该电池和传统晶硅电池相竞争的最大优势。hit 电池的基本构造为晶体硅片的表面沉积作为受光照层的本征 a-si：h 膜和 p 型 a-si：h 膜，以及背面所沉积的本征和 n 型 a-si：h 膜，上下两侧的顶层均需制备透明导电电极。在 a-si：h 和电极之间沉积一层 tco 薄膜，其目的为保证电流的正常输出，图 1.3 为 hit 电池结构。作为导电层和减反射层的 tco 薄膜必须具有较高的透过率和较低的方块电阻。基于该特性，采用磁控溅射技术在电池两侧沉积 ito 薄膜作为透明电极，在 hit 电池中得到了广泛应用 $ ^{[27]} $ 。ito 薄膜作为 hit 太阳电池的透明导电电极，同时起到了减少反射和增加导电的作用，其性能好坏对电池效率具有很大影响 $ ^{[28]} $ 。'],"{
  ""diagrams"": [
    {
      ""id"": ""sub_diagram_1"",
      ""domain"": ""Electronic Device Structure"",
      ""summary"": ""A cross-sectional view of a multi-layer semiconductor device, likely a thin-film transistor or solar cell, with ITO electrodes on top and bottom."",
      ""entities"": [
        {
          ""id"": ""e1"",
          ""label"": ""Electrode"",
          ""type"": ""Electrode"",
          ""location"": ""top""
        },
        {
          ""id"": ""e2"",
          ""label"": ""ITO"",
          ""type"": ""Material Layer"",
          ""location"": ""top layer""
        },
        {
          ""id"": ""e3"",
          ""label"": ""p-a Si:H"",
          ""type"": ""Material Layer"",
          ""location"": ""second layer from top""
        },
        {
          ""id"": ""e4"",
          ""label"": ""i-a Si:H"",
          ""type"": ""Material Layer"",
          ""location"": ""third layer from top""
        },
        {
          ""id"": ""e5"",
          ""label"": ""n-type C-Si"",
          ""type"": ""Material Layer"",
          ""location"": ""fourth layer from top""
        },
        {
          ""id"": ""e6"",
          ""label"": ""i-a Si:H"",
          ""type"": ""Material Layer"",
          ""location"": ""fifth layer from top""
        },
        {
          ""id"": ""e7"",
          ""label"": ""n-a Si:H"",
          ""type"": ""Material Layer"",
          ""location"": ""sixth layer from top""
        },
        {
          ""id"": ""e8"",
          ""label"": ""ITO"",
          ""type"": ""Material Layer"",
          ""location"": ""bottom layer""
        },
        {
          ""id"": ""e9"",
          ""label"": ""Electrode"",
          ""type"": ""Electrode"",
          ""location"": ""bottom""
        }
      ],
      ""relations"": [
        {
          ""source"": ""e1"",
          ""target"": ""e2"",
          ""type"": ""layer_on_top_of"",
          ""details"": ""Electrode is on top of ITO layer""
        },
        {
          ""source"": ""e2"",
          ""target"": ""e3"",
          ""type"": ""layer_on_top_of"",
          ""details"": ""ITO layer is on top of p-a Si:H layer""
        },
        {
          ""source"": ""e3"",
          ""target"": ""e4"",
          ""type"": ""layer_on_top_of"",
          ""details"": ""p-a Si:H layer is on top of i-a Si:H layer""
        },
        {
          ""source"": ""e4"",
          ""target"": ""e5"",
          ""type"": ""layer_on_top_of"",
          ""details"": ""i-a Si:H layer is on top of n-type C-Si layer""
        },
        {
          ""source"": ""e5"",
          ""target"": ""e6"",
          ""type"": ""layer_on_top_of"",
          ""details"": ""n-type C-Si layer is on top of i-a Si:H layer""
        },
        {
          ""source"": ""e6"",
          ""target"": ""e7"",
          ""type"": ""layer_on_top_of"",
          ""details"": ""i-a Si:H layer is on top of n-a Si:H layer""
        },
        {
          ""source"": ""e7"",
          ""target"": ""e8"",
          ""type"": ""layer_on_top_of"",
          ""details"": ""n-a Si:H layer is on top of ITO layer""
        },
        {
          ""source"": ""e8"",
          ""target"": ""e9"",
          ""type"": ""layer_on_top_of"",
          ""details"": ""ITO layer is on top of bottom electrode""
        }
      ]
    }
  ]
}",器件 (Devices)/类型 (Types)/OLED (有机发光二极管),0.95,有机发光二极管显示(OLED)/OLED材料科学/平板显示/林德发展再创新高，为中国三大8．5代液晶面板显示器制造商提供全面气体解决方案,"The path explicitly includes 'OLED' and 'OLED材料科学', and the abstract focuses on ITO films for transparent conductive applications in OLED-related devices, confirming the OLED context despite the mention of silicon substrates.",,,34,['HIT电池'],图片展示了HIT（异质结）太阳电池的层状结构，包含ITO薄膜、非晶硅（a - Si:H）层、晶体硅（C - Si）层及电极，与文本中描述的HIT电池基本构造（以晶体硅为基体结合非晶硅薄膜、上下层制备透明导电电极等）完全对应。,"{'generated_question': 'HIT太阳电池中用作透明导电电极的薄膜材料是什么？', 'generated_answer': 'HIT太阳电池中用作透明导电电极的薄膜材料是ITO（氧化铟锡）薄膜。', 'qa_reasoning': None}",,根据提供的 HIT 太阳电池结构示意图及其技术背景，请分析该电池是如何在物理结构上实现“异质结（Heterojunction）”与“本征薄层（Intrinsic Thin layer）”特征的，并结合图文信息阐述位于最外侧半导体层与电极之间的 ITO 薄膜所承担的具体物理功能。,1. 结构特征实现：该电池通过在单晶硅基体（图中为 n-type C-Si）的正背面分别沉积性质不同的非晶硅薄膜（p-a Si:H 和 n-a Si:H）来构建界面，这种由两种不同带隙的半导体材料（晶硅与非晶硅）形成的接触即实现了“异质结”；同时，在单晶硅与掺杂非晶硅层之间，均垂直夹有一层极薄的本征非晶硅薄膜（i-a Si:H），这构成了“本征薄层”特征。2. ITO 薄膜功能：图中位于 a-Si:H 与金属电极之间的 ITO 层属于透明导电氧化物（TCO），承担双重功能：首先，作为透明导电电极，它凭借较低的方块电阻确保光生电流的收集与正常输出；其次，利用其高透过率特性，它兼具减反射层（AR）的作用，旨在减少入射光的反射损失，提升电池转换效率。,,"{'is_qualified': True, 'issues': [], 'thought_process': '首先，观察HIT太阳电池的结构示意图，可以看到其核心是由中间的单晶硅基体（n-type C-Si）与两侧的非晶硅薄膜（p-a Si:H 和 n-a Si:H）构成的。由于单晶硅与非晶硅属于两种带隙宽度不同的半导体材料，它们在交界面处形成的接触结构在物理上即定义为“异质结”。其次，进一步观察各层之间的细节，可以发现在单晶硅基体与掺杂的非晶硅层之间，均垂直嵌入了一层极薄的 i-a Si:H，这在结构上精准对应了“本征薄层（Intrinsic Thin layer）”的特征，从而完整还原了HIT（异质结本征薄层）的命名含义。然后，针对最外层的 ITO 薄膜进行功能分析，考虑到它位于半导体层与金属电极之间，必须具备良好的电学和光学特性。因此，作为透明导电氧化物（TCO），ITO 首先承担着透明导电电极的功能，通过其较低的方块电阻来收集并输出光生电流；同时，利用其高透过率和特定的折射率，它又兼具了减反射层（AR）的作用，通过减少入射光在电池表面的反射损失，最大限度地提升了光能的吸收与电池的转换效率。'}"
./images/img_in_image_box_504_737_1880_1834.jpg,diagram,0.99,图 1.1.2.1 c.w.tang 等 1987 年制备的第一个高效 oled 结构,,直到 1987 年，美国柯达公司的 c.w.tang $ ^{[5]} $  等取的了具有里程碑意义的突破。他们制得的发光二级管器件(见图 1.1.2.1)是由合金 mg/ag 做为阴极，铟-锡氧化物的透明薄膜作为阳极，其中夹有两层有机分子芳香二胺衍生物 (tpd) 和八羟基喹啉铝(alq3)，首次引入tpd为空穴传输层，并使用alq3为发光层，在10 v驱动电压下得到了亮度为 $ 1000\ cd/m^{2} $ 的绿光器件，发光效率为1.5 lm/w，寿命在100小时以上。这使得有机电致发光的研究取得了实质性的突破，并且成为世界范围内的一个研究热点，掀起了有机电致发光应用研究的热潮。同时也提供了oled开发者以后努力的方向即，有效的使电子和空穴复合，具有划时代的科学意义。,['直到 1987 年，美国柯达公司的 c.w.tang $ ^{[5]} $  等取的了具有里程碑意义的突破。他们制得的发光二级管器件(见图 1.1.2.1)是由合金 mg/ag 做为阴极，铟-锡氧化物的透明薄膜作为阳极，其中夹有两层有机分子芳香二胺衍生物 (tpd) 和八羟基喹啉铝(alq3)，首次引入tpd为空穴传输层，并使用alq3为发光层，在10 v驱动电压下得到了亮度为 $ 1000\\ cd/m^{2} $ 的绿光器件，发光效率为1.5 lm/w，寿命在100小时以上。这使得有机电致发光的研究取得了实质性的突破，并且成为世界范围内的一个研究热点，掀起了有机电致发光应用研究的热潮。同时也提供了oled开发者以后努力的方向即，有效的使电子和空穴复合，具有划时代的科学意义。'],"{
  ""diagrams"": [
    {
      ""id"": ""sub_diagram_1"",
      ""domain"": ""Organic Chemistry / OLED Structure"",
      ""summary"": ""A cross-sectional diagram of an organic light-emitting diode (OLED) structure, showing layered materials and the emission of light."",
      ""entities"": [
        {
          ""id"": ""e1"",
          ""label"": ""MgAg"",
          ""type"": ""Electrode Material"",
          ""location"": ""top layer""
        },
        {
          ""id"": ""e2"",
          ""label"": ""8-羟基喹啉铝"",
          ""type"": ""Organic Emissive Layer"",
          ""location"": ""middle layer""
        },
        {
          ""id"": ""e3"",
          ""label"": ""芳香二胺"",
          ""type"": ""Organic Hole Transport Layer"",
          ""location"": ""between MgAg and 8-羟基喹啉铝""
        },
        {
          ""id"": ""e4"",
          ""label"": ""ITO薄膜"",
          ""type"": ""Transparent Conductive Layer"",
          ""location"": ""bottom layer""
        },
        {
          ""id"": ""e5"",
          ""label"": ""玻璃基底"",
          ""type"": ""Substrate"",
          ""location"": ""bottommost layer""
        },
        {
          ""id"": ""e6"",
          ""label"": ""发出光"",
          ""type"": ""Light Emission"",
          ""location"": ""bottom of structure""
        }
      ],
      ""relations"": [
        {
          ""source"": ""e1"",
          ""target"": ""e2"",
          ""type"": ""stacked_on"",
          ""details"": ""MgAg electrode is stacked on top of the 8-羟基喹啉铝 layer.""
        },
        {
          ""source"": ""e2"",
          ""target"": ""e3"",
          ""type"": ""stacked_on"",
          ""details"": ""8-羟基喹啉铝 layer is stacked on top of the 芳香二胺 layer.""
        },
        {
          ""source"": ""e3"",
          ""target"": ""e4"",
          ""type"": ""stacked_on"",
          ""details"": ""芳香二胺 layer is stacked on top of the ITO薄膜 layer.""
        },
        {
          ""source"": ""e4"",
          ""target"": ""e5"",
          ""type"": ""stacked_on"",
          ""details"": ""ITO薄膜 layer is stacked on top of the 玻璃基底.""
        },
        {
          ""source"": ""e2"",
          ""target"": ""e6"",
          ""type"": ""emits"",
          ""details"": ""The 8-羟基喹啉铝 layer emits light.""
        }
      ]
    }
  ]
}",材料 (Materials)/有机 (Organic)/OLED发光材料 (Emitters),0.95,有机发光二极管显示(OLED)/OLED材料科学/平板显示/新型唑类五元杂环化合物及铱配合物的合成、表征及性能研究,"The path explicitly identifies the research focus as OLED emitter materials, and the abstract details the synthesis and characterization of iridium complexes for phosphorescent OLEDs.",,,36,['发光二极管器件'],图片展示了1987年柯达公司突破中制得的发光二极管器件的多层结构，包含MgAg（阴极）、8 - 羟基喹啉铝（发光层，对应文本的alq3）、芳香二胺（空穴传输层，对应文本的tpd）、ITO薄膜（阳极）、玻璃基底，与文本描述的器件结构（阴极、阳极、空穴传输层、发光层）完全对应。,"{'generated_question': '1987年C.W.Tang等制备的第一个高效OLED在多大驱动电压下能获得多高的亮度？', 'generated_answer': '该OLED在10 V的驱动电压下可获得1000 cd/m²的亮度。', 'qa_reasoning': None}",,根据1987年C.W. Tang等制备的第一个高效OLED器件结构图及其技术参数，请详细说明该器件的各层功能架构（从阳极到阴极），并结合材料特性解释为何光线是从玻璃基底方向射出的？,该器件采用了双层有机结构：底层为沉积在玻璃基底上的铟-锡氧化物（ITO）透明薄膜作为阳极；其上依次为芳香二胺衍生物（TPD）作为空穴传输层，以及八羟基喹啉铝（Alq3）作为发光层；顶层为合金Mg/Ag作为阴极。光线从玻璃基底方向射出是因为阳极材料（ITO）是透明薄膜，且支撑它的玻璃基底也是透明的，而顶部的MgAg合金阴极通常是不透明的金属层，因此在Alq3层产生的绿光会穿过空穴传输层和透明阳极，最终通过玻璃基底射出。,,"{'is_qualified': True, 'issues': [], 'thought_process': '首先，分析1987年C.W. Tang等制备的第一个高效OLED器件的结构示意图，可以看到该器件是构建在玻璃基底之上的，其底层紧贴玻璃的是铟-锡氧化物（ITO）薄膜，根据电化学特性，ITO作为一种具有高功函数的透明导电材料，在电路中充当阳极的角色。其次，为了实现高效的光电转换，该结构突破性地引入了双层有机薄膜设计，在阳极之上依次沉积了芳香二胺衍生物（TPD）和八羟基喹啉铝（Alq3），其中TPD主要负责空穴的传输，而Alq3则兼具电子传输与发光的功能，是该器件的核心发光层。然后，在有机层最顶部覆盖一层Mg/Ag合金作为阴极，从而形成了完整的电荷注入与复合架构。最后，关于光线出射方向的物理机制，由于Alq3层在电子和空穴复合时会产生绿光，而顶层的MgAg合金作为金属层通常是不透明且具有反射性的，相比之下，底部的ITO薄膜和玻璃基底均具有极佳的透光性，因此在Alq3层产生的光线会穿过空穴传输层，透过透明的阳极与基底，最终从玻璃方向射出。'}"
./images/img_in_image_box_1164_2367_2167_2616.jpg,diagram,0.99,图 2 新型带 oca 偏光片的结构,,偏光片是 lcd、oled 等显示屏必须用到一种薄膜复合材料，普通偏光片是单面涂覆压敏胶，用于贴合显示屏。其结构如图 1：在生产偏光片的过程中，将 oca 胶涂覆在偏光片的无胶面，或将 oca 胶带复合在偏光片的保护膜面，制得新型带 oca 偏光片，其结构如下图 2：### 3.2 带 oca 偏光片的性能特征,['偏光片是 lcd、oled 等显示屏必须用到一种薄膜复合材料，普通偏光片是单面涂覆压敏胶，用于贴合显示屏。其结构如图 1：在生产偏光片的过程中，将 oca 胶涂覆在偏光片的无胶面，或将 oca 胶带复合在偏光片的保护膜面，制得新型带 oca 偏光片，其结构如下图 2：### 3.2 带 oca 偏光片的性能特征'],"{
  ""diagrams"": [
    {
      ""id"": ""sub_diagram_1"",
      ""domain"": ""Display Panel Layer Structure"",
      ""summary"": ""A layered structure of display panel components with their respective functions."",
      ""entities"": [
        {
          ""id"": ""e1"",
          ""label"": ""重离型膜"",
          ""type"": ""Layer"",
          ""location"": ""top""
        },
        {
          ""id"": ""e2"",
          ""label"": ""ICA"",
          ""type"": ""Layer"",
          ""location"": ""second from top""
        },
        {
          ""id"": ""e3"",
          ""label"": ""偏光片"",
          ""type"": ""Layer"",
          ""location"": ""third from top""
        },
        {
          ""id"": ""e4"",
          ""label"": ""PSA"",
          ""type"": ""Layer"",
          ""location"": ""fourth from top""
        },
        {
          ""id"": ""e5"",
          ""label"": ""轻离型膜"",
          ""type"": ""Layer"",
          ""location"": ""bottom""
        },
        {
          ""id"": ""e6"",
          ""label"": ""(1) 用于粘接TP、盖板（适用于对腐蚀、光学清透性有高要求的场合）"",
          ""type"": ""Function Description"",
          ""location"": ""right-top""
        },
        {
          ""id"": ""e7"",
          ""label"": ""(2) 起偏光(LCD)或防反射(OLED)作用"",
          ""type"": ""Function Description"",
          ""location"": ""right-middle""
        },
        {
          ""id"": ""e8"",
          ""label"": ""(3) 用于粘接LCD或OLED面板"",
          ""type"": ""Function Description"",
          ""location"": ""right-bottom""
        }
      ],
      ""relations"": [
        {
          ""source"": ""e1"",
          ""target"": ""e6"",
          ""type"": ""function_association"",
          ""details"": ""The top layer (重离型膜) is associated with function (1).""
        },
        {
          ""source"": ""e3"",
          ""target"": ""e7"",
          ""type"": ""function_association"",
          ""details"": ""The polarizing film layer (偏光片) is associated with function (2).""
        },
        {
          ""source"": ""e4"",
          ""target"": ""e8"",
          ""type"": ""function_association"",
          ""details"": ""The PSA layer is associated with function (3).""
        }
      ]
    }
  ]
}",材料 (Materials)/光膜 (Films)/偏光片 (Polarizer),0.9,有机发光二极管显示(OLED)/OLED材料科学/平板显示/新型带OCA偏光片,"The path explicitly identifies the focus on a novel OCA polarizer for OLED displays, directly matching the 'Polarizer' category under 'Materials/光膜'.",,,21,['带OCA偏光片'],图片展示了带OCA偏光片的分层结构（含重离型膜、OCA、偏光片、PSA、轻离型膜）及各层功能（如OCA用于粘接、偏光片起偏光/防反射等），文本围绕带OCA偏光片的生产工艺（涂覆/复合OCA胶制得）及结构展开，图片结构与文本中“带OCA偏光片”的描述对应，故提取该关键词。,"{'generated_question': '新型带OCA偏光片是如何制备的？', 'generated_answer': '在生产偏光片的过程中，将OCA胶涂覆在偏光片的无胶面，或将OCA胶带复合在偏光片的保护膜面，即可制得新型带OCA偏光片。', 'qa_reasoning': None}",,在显示模组组装中，一种新型集成OCA的偏光片复合结构被提出。请根据其结构示意图，分析该复合材料是如何通过不同的粘接层实现显示模组各组件之间集成的，并说明其中偏光层在针对LCD和OLED两种不同显示技术时所承担的核心功能差异。,该新型偏光片结构通过双面功能胶层实现模组集成：其顶层的OCA（光学透明胶）主要用于粘接触控屏（TP）或盖板玻璃，特别适用于对光学清透性和防腐蚀有高要求的界面；底部的PSA（压敏胶）则用于将偏光片整体贴合在LCD或OLED面板上。在功能逻辑上，中间的偏光层表现出技术差异性：在LCD应用中，它主要起偏光作用以实现光开关控制；而在OLED应用中，它主要起到防反射作用，用以提升强光下的对比度。,,"{'is_qualified': False, 'issues': ['问题中提到的“结构示意图”在提供的【原文】中并不存在，导致问题的前提条件缺失。', '【原文】内容仅有一句话（“新型带 oca 偏光片的结构”），而【解答过程】和【回答】中包含的大量技术细节（如OCA用于触控屏、PSA用于面板、LCD与OLED的功能差异等）在原文中均未提及，属于过度推断或利用了外部知识，不符合基于给定文本进行问答的原则。', '回答内容虽然在技术逻辑上可能正确，但与极其简略的【原文】严重脱节，无法从原文中验证其准确性。'], 'thought_process': '首先，通过观察结构示意图，可以看到该复合材料采用了层压设计，核心在于偏光层上下两侧分别集成了不同特性的粘接介质。其次，分析顶层的OCA（光学透明胶）和底层的PSA（压敏胶）可知，它们共同构成了模组集成的双面功能胶层：顶层的OCA由于具有极高的光学清透性和优异的防腐蚀性能，逻辑上被定位用于粘接触控屏（TP）或盖板玻璃，以保证视觉层面的纯净度；而底层的PSA则作为标准的压敏粘接手段，负责将整个偏光片结构稳定地贴合在LCD或OLED面板的基底上。然后，在理清了物理连接逻辑后，需要进一步探讨中间偏光层在不同显示技术中所承担的功能角色：由于LCD是依赖背光源和液晶分子扭转来控制光线的，偏光片在此处必须充当“光开关”的角色以实现偏光控制；而OLED属于自发光技术，其面临的主要挑战是外界强光在金属电极上的反射，因此偏光层在此处的关键任务转化为消除反射光。因此，该新型偏光片结构通过双面功能胶层实现模组集成：其顶层的OCA（光学透明胶）主要用于粘接触控屏（TP）或盖板玻璃，特别适用于对光学清透性和防腐蚀有高要求的界面；底部的PSA（压敏胶）则用于将偏光片整体贴合在LCD或OLED面板上。在功能逻辑上，中间的偏光层表现出技术差异性：在LCD应用中，它主要起偏光作用以实现光开关控制；而在OLED应用中，它主要起到防反射作用，用以提升强光下的对比度。'}"
./images/img_in_image_box_1299_1649_1721_2056.jpg,diagram,0.99,图 1 器件的基本结构,,"有机/高分子电致发光显示屏的基本结构是两电极(其中一个是透明电极)间夹有机/高分子发光层, 在低于  $ 10 \, v $  (高分子器件低于  $ 5 \, v $ ) 电压驱动下即可实现光的发射, 发射的光可从透明电极侧辐射出来。以 oled 为例, 器件基本结构如图 1。","['有机/高分子电致发光显示屏的基本结构是两电极(其中一个是透明电极)间夹有机/高分子发光层, 在低于  $ 10 \\, v $  (高分子器件低于  $ 5 \\, v $ ) 电压驱动下即可实现光的发射, 发射的光可从透明电极侧辐射出来。以 oled 为例, 器件基本结构如图 1。']","{
  ""diagrams"": [
    {
      ""id"": ""sub_diagram_1"",
      ""domain"": ""Organic Electronics / Device Structure"",
      ""summary"": ""A cross-sectional diagram of an organic light-emitting diode (OLED) or similar device, showing layered materials and their approximate thicknesses."",
      ""entities"": [
        {
          ""id"": ""e1"",
          ""label"": ""V"",
          ""type"": ""Voltage Source"",
          ""location"": ""top-left""
        },
        {
          ""id"": ""e2"",
          ""label"": ""Ag"",
          ""type"": ""Metal Layer"",
          ""location"": ""top""
        },
        {
          ""id"": ""e3"",
          ""label"": ""Mg:Ag"",
          ""type"": ""Alloy Layer"",
          ""location"": ""middle-top""
        },
        {
          ""id"": ""e4"",
          ""label"": ""Alq₃"",
          ""type"": ""Organic Layer"",
          ""location"": ""middle""
        },
        {
          ""id"": ""e5"",
          ""label"": ""TPD"",
          ""type"": ""Organic Layer"",
          ""location"": ""bottom-middle""
        },
        {
          ""id"": ""e6"",
          ""label"": ""ITO"",
          ""type"": ""Transparent Conductive Oxide"",
          ""location"": ""bottom""
        },
        {
          ""id"": ""e7"",
          ""label"": ""Glass"",
          ""type"": ""Substrate"",
          ""location"": ""bottom-most""
        }
      ],
      ""relations"": [
        {
          ""source"": ""e1"",
          ""target"": ""e2"",
          ""type"": ""electrical_connection"",
          ""details"": ""Voltage source connected to top Ag electrode.""
        },
        {
          ""source"": ""e2"",
          ""target"": ""e3"",
          ""type"": ""stacked_on"",
          ""details"": ""Ag layer stacked on Mg:Ag layer.""
        },
        {
          ""source"": ""e3"",
          ""target"": ""e4"",
          ""type"": ""stacked_on"",
          ""details"": ""Mg:Ag layer stacked on Alq₃ layer.""
        },
        {
          ""source"": ""e4"",
          ""target"": ""e5"",
          ""type"": ""stacked_on"",
          ""details"": ""Alq₃ layer stacked on TPD layer.""
        },
        {
          ""source"": ""e5"",
          ""target"": ""e6"",
          ""type"": ""stacked_on"",
          ""details"": ""TPD layer stacked on ITO layer.""
        },
        {
          ""source"": ""e6"",
          ""target"": ""e7"",
          ""type"": ""stacked_on"",
          ""details"": ""ITO layer stacked on Glass substrate.""
        },
        {
          ""source"": ""e2"",
          ""target"": ""e3"",
          ""type"": ""thickness"",
          ""details"": ""Distance between Ag and Mg:Ag layers is ~100 nm.""
        },
        {
          ""source"": ""e3"",
          ""target"": ""e4"",
          ""type"": ""thickness"",
          ""details"": ""Distance between Mg:Ag and Alq₃ layers is ~50 nm.""
        },
        {
          ""source"": ""e4"",
          ""target"": ""e5"",
          ""type"": ""thickness"",
          ""details"": ""Distance between Alq₃ and TPD layers is ~50 nm.""
        }
      ]
    }
  ]
}",器件 (Devices)/类型 (Types)/OLED (有机发光二极管),1.0,有机发光二极管显示(OLED)/OLED材料科学/平板显示/有机光电子技术--(一)有机-高分子电致发光技术及产业化进展,"The path explicitly identifies the research focus as OLED materials science within the context of flat panel display technology, confirming the category.",,,32,['OLED'],图片展示了OLED（有机电致发光二极管）的器件结构，包含玻璃基底、ITO透明电极、TPD、Alq₃、Mg:Ag、Ag等功能层及电压驱动结构，与文本中“以oled为例，器件基本结构”的描述对应，因此关键词为OLED。,"{'generated_question': 'OLED器件的基本结构包含哪些组成部分？', 'generated_answer': 'OLED器件的基本结构是在两个电极（其中一个为透明电极）之间夹着有机/高分子发光层。', 'qa_reasoning': None}",,在所提供的典型有机发光二极管（OLED）器件结构图中，请识别哪一层充当透明电极，并结合图示和文字说明光线从玻璃基板侧射出的原因。此外，根据图中给出的尺寸，计算该器件中有机功能层（TPD层和Alq3层）的总厚度。,1. 透明电极：图中标识为 ITO（氧化铟锡）的层充当透明电极。2. 出光原因：根据上下文，器件发射的光从透明电极侧辐射出来。图中 ITO 位于玻璃基板之上，且光束示意图显示光线向下穿过 ITO 和玻璃基板射出；而顶部的电极（Mg:Ag 和 Ag）由金属组成，通常是不透明且具有反射性的。3. 有机层总厚度：图中显示 TPD 层厚度约为 50 nm，Alq3 层厚度约为 50 nm，因此有机功能层的总厚度约为 100 nm。,,"{'is_qualified': False, 'issues': ['原文内容极度缺失：原文仅包含‘器件的基本结构’五个字，而问题和回答中涉及到了具体的材料（ITO、TPD、Alq3、Mg:Ag）、具体的厚度参数（50 nm）以及光线射出原理，这些信息在原文中完全没有体现。', '缺乏图示支撑：问题要求‘根据提供的典型有机发光二极管（OLED）器件结构图’进行识别和计算，但原文中并未提供该图示，导致问题和解答失去了事实依据。', '信息来源不一致：虽然回答内容符合物理常识，但作为基于给定文本的问答校验，回答内容完全脱离了提供的【原文】，属于‘幻觉’或‘信息来源不明’，不符合质量合规性要求。'], 'thought_process': '首先，通过观察提供的OLED器件结构横截面图，我们需要识别各层材料的功能属性，图中位于底部的玻璃基板（Glass）之上紧贴着一层标注为ITO（氧化铟锡）的薄膜，由于ITO在光电器件中以其高透明度和良好的导电性著称，结合电路连接情况，可以推断出图中标识为ITO的层正是充当透明电极的角色。其次，分析光线射出的方向时，我们可以对比器件顶端和底端的物理特性，顶部的电极由Mg:Ag和Ag组成，这些金属层在通常厚度下是不透明的且具有反射性，而底部的ITO和玻璃基板则允许光线穿透，再结合图中向下方延伸的锥形光束示意图，可以逻辑清晰地得出结论：光线是从透明电极侧辐射，并穿过玻璃基板射出的。最后，针对有机功能层厚度的计算，通过提取图中直接给出的尺寸信息，可以看到TPD层标注为约50 nm，Alq3层标注也约为50 nm，因此将这两层有机功能层的厚度进行累加，便能准确得出其总厚度约为100 nm。'}"
./images/img_in_image_box_433_719_1613_1326.jpg,diagram,0.98,图 2-7 喷雾热解系统总体外观设计图,,图 2-7 是喷雾热解系统总体外观设计图（控制系统及喷涂装置未在图中标出），从右至左分别为上片台、加热区、喷涂区、冷却区、卸片台。电炉丝通电对加热室加热，当温度到达预设定值后，将玻璃基板装载至上片台的传动小车上，通过电机带动传至加热室，静止加热，同时由红外测温仪测试基板温度，当基板到达喷涂温度后，小车运动到喷涂室并对基板进行喷涂，预先配制好的喷涂溶液随高速气流经喷枪喷出，形成扇形雾液面，在基板表面沉积，形成薄膜。喷涂时，小车在喷涂室内来回摆动，同时打开抽风装置，排出废气，从而保证镀膜的均匀性。喷涂结束后小车自行运行至冷却室，进行吹风冷却。冷却结束后，于卸片台卸载基板，薄膜制备完成。,['图 2-7 是喷雾热解系统总体外观设计图（控制系统及喷涂装置未在图中标出），从右至左分别为上片台、加热区、喷涂区、冷却区、卸片台。电炉丝通电对加热室加热，当温度到达预设定值后，将玻璃基板装载至上片台的传动小车上，通过电机带动传至加热室，静止加热，同时由红外测温仪测试基板温度，当基板到达喷涂温度后，小车运动到喷涂室并对基板进行喷涂，预先配制好的喷涂溶液随高速气流经喷枪喷出，形成扇形雾液面，在基板表面沉积，形成薄膜。喷涂时，小车在喷涂室内来回摆动，同时打开抽风装置，排出废气，从而保证镀膜的均匀性。喷涂结束后小车自行运行至冷却室，进行吹风冷却。冷却结束后，于卸片台卸载基板，薄膜制备完成。'],"{
  ""diagrams"": [
    {
      ""id"": ""sub_diagram_1"",
      ""domain"": ""Industrial Equipment Layout"",
      ""summary"": ""A schematic diagram of a multi-chamber industrial machine with labeled functional sections."",
      ""entities"": [
        {
          ""id"": ""e1"",
          ""label"": ""卸片台"",
          ""type"": ""Station"",
          ""location"": ""left end""
        },
        {
          ""id"": ""e2"",
          ""label"": ""冷却室"",
          ""type"": ""Chamber"",
          ""location"": ""left side of main body""
        },
        {
          ""id"": ""e3"",
          ""label"": ""喷涂室"",
          ""type"": ""Chamber"",
          ""location"": ""center of main body""
        },
        {
          ""id"": ""e4"",
          ""label"": ""加热室"",
          ""type"": ""Chamber"",
          ""location"": ""right side of main body""
        },
        {
          ""id"": ""e5"",
          ""label"": ""上片台"",
          ""type"": ""Station"",
          ""location"": ""right end""
        }
      ],
      ""relations"": [
        {
          ""source"": ""e1"",
          ""target"": ""e2"",
          ""type"": ""adjacent_to"",
          ""details"": ""卸片台 is adjacent to the left side of the cooling chamber.""
        },
        {
          ""source"": ""e2"",
          ""target"": ""e3"",
          ""type"": ""adjacent_to"",
          ""details"": ""Cooling chamber is adjacent to the spray chamber.""
        },
        {
          ""source"": ""e3"",
          ""target"": ""e4"",
          ""type"": ""adjacent_to"",
          ""details"": ""Spray chamber is adjacent to the heating chamber.""
        },
        {
          ""source"": ""e4"",
          ""target"": ""e5"",
          ""type"": ""adjacent_to"",
          ""details"": ""Heating chamber is adjacent to the right side of the loading station.""
        }
      ]
    }
  ]
}",材料 (Materials)/有机 (Organic)/OLED材料科学,0.95,有机发光二极管显示(OLED)/OLED材料科学/平板显示/氧化锡与氧化铜透明导电薄膜的制备及性能研究,"The path explicitly places the research within OLED material science, and the abstract focuses on transparent conductive oxide films relevant to OLED devices, confirming the classification.",,,25,['喷雾热解系统'],图片展示了喷雾热解系统的总体外观设计图，包含上片台、加热室、喷涂室、冷却室、卸片台等功能区域，与文本中描述的喷雾热解系统的结构（从右至左的上片台、加热区、喷涂区、冷却区、卸片台）完全对应，这些区域的布局和标注验证了文本中喷雾热解系统的结构设计。,"{'generated_question': '喷雾热解系统中，玻璃基板的处理流程依次经过哪些区域？', 'generated_answer': '玻璃基板的处理流程依次经过上片台、加热区、喷涂区、冷却区、卸片台。', 'qa_reasoning': None}",,在图示的喷雾热解（Spray Pyrolysis）系统中，为了确保在基板上沉积出均匀的薄膜，系统在喷涂室工作阶段采取了哪些关键的机械运动和环境控制措施？请结合工作流程进行具体说明。,"为了保证薄膜的均匀性，该系统在喷涂阶段采取了以下两项关键措施：
1. **机械运动控制**：当载有玻璃基板的传动小车进入喷涂室后，小车并不是静止的，而是进行“来回摆动”。这种运动配合喷枪喷出的扇形雾液面，确保了喷涂溶液能均匀地覆盖并沉积在基板表面。
2. **环境控制（废气排放）**：在喷涂过程中，系统会同步开启“抽风装置”以排除产生的废气。通过及时移除反应副产物和多余气体，维持了室内环境的稳定性，从而进一步保障了镀膜的均匀度。",,"{'is_qualified': False, 'issues': ['原文信息严重缺失：【原文】仅提供了一个标题“喷雾热解系统总体外观设计图”，未包含任何关于系统构造、机械运动方式、环境控制措施或工作流程的具体文字描述或图示说明。', '回答缺乏依据：【回答】中提到的“传动小车来回摆动”、“抽风装置”以及“扇形雾液面”等关键技术细节，在给定的【原文】中完全没有来源支撑，无法验证其准确性。', '解答过程与原文脱节：【解答过程】提到“观察结构图可以发现”，但【原文】并未提供实际图片或对图片的详细文本描述，导致判断过程属于无依据推断。'], 'thought_process': '首先，观察喷雾热解系统的整体结构图，可以发现这是一个由多个功能区间组成的连续生产线，而确保薄膜均匀性的核心环节显然发生在喷涂室内部。其次，从机械动力学的角度分析，喷枪喷出的雾化液面通常呈扇形分布，若基板保持静止或仅单向通过，极易导致涂层厚度不均，因此必须在工艺流程中引入动态补偿，即让载有玻璃基板的传动小车在喷涂室内进行规律性的“来回摆动”，利用这种相对运动使雾滴能够均匀地覆盖整个基板表面。然后，考虑到热解反应涉及化学物质的高温分解，过程必然产生大量挥发性溶剂和反应副产物废气，这些气体的无序堆积会干扰喷雾流场并可能污染成膜，因此环境控制成为另一个关键变量。因此，系统在设计上配置了专门的抽风装置，通过在喷涂阶段同步开启排气系统，及时移除废气并维持室内环境的稳定性。最终，通过机械层面的小车摆动运动与环境层面的废气排放控制相互配合，共同保障了沉积薄膜的高度均匀性。'}"
./images/img_in_image_box_667_1379_1951_2376.jpg,diagram,0.99,图 3-24 视觉运动控制系统,,"视觉运动控制系统一般由四部分组成：电机及其驱动、精密工作平台、ccd 摄像头及图像采集卡、图像处理算法及控制软件 $ ^{[9, 10]} $ 。本文所述的视觉运动系统是指在平板显示行业 tft-lcd 制程中，偏光片和玻璃基板贴合工艺所使用的对位系统，该系统的方案如图 3-24 所示。","['视觉运动控制系统一般由四部分组成：电机及其驱动、精密工作平台、ccd 摄像头及图像采集卡、图像处理算法及控制软件 $ ^{[9, 10]} $ 。本文所述的视觉运动系统是指在平板显示行业 tft-lcd 制程中，偏光片和玻璃基板贴合工艺所使用的对位系统，该系统的方案如图 3-24 所示。']","{
  ""diagrams"": [
    {
      ""id"": ""sub_diagram_1"",
      ""domain"": ""Mechatronic System"",
      ""summary"": ""A system diagram showing a UVM platform with two CCD cameras, connected to image and motion control cards, which interface with a host computer."",
      ""entities"": [
        {""id"": ""e1"", ""label"": ""CCD1"", ""type"": ""Camera"", ""location"": ""top-left""},
        {""id"": ""e2"", ""label"": ""CCD2"", ""type"": ""Camera"", ""location"": ""top-center""},
        {""id"": ""e3"", ""label"": ""UVM平台"", ""type"": ""Mechanical Platform"", ""location"": ""center""},
        {""id"": ""e4"", ""label"": ""图像采集卡"", ""type"": ""Data Acquisition Card"", ""location"": ""top-right""},
        {""id"": ""e5"", ""label"": ""运动控制卡"", ""type"": ""Motion Control Card"", ""location"": ""middle-right""},
        {""id"": ""e6"", ""label"": ""主机"", ""type"": ""Computer"", ""location"": ""right""},
        {""id"": ""e7"", ""label"": ""U"", ""type"": ""Actuator"", ""location"": ""bottom-left""},
        {""id"": ""e8"", ""label"": ""Y"", ""type"": ""Actuator"", ""location"": ""bottom-right""},
        {""id"": ""e9"", ""label"": ""W"", ""type"": ""Actuator"", ""location"": ""bottom-center""}
      ],
      ""relations"": [
        {""source"": ""e1"", ""target"": ""e4"", ""type"": ""data_connection"", ""details"": ""CCD1 outputs to Image Acquisition Card""},
        {""source"": ""e2"", ""target"": ""e4"", ""type"": ""data_connection"", ""details"": ""CCD2 outputs to Image Acquisition Card""},
        {""source"": ""e4"", ""target"": ""e5"", ""type"": ""data_connection"", ""details"": ""Image Acquisition Card sends data to Motion Control Card""},
        {""source"": ""e5"", ""target"": ""e6"", ""type"": ""data_connection"", ""details"": ""Motion Control Card connects to Host Computer""},
        {""source"": ""e7"", ""target"": ""e3"", ""type"": ""mechanical_connection"", ""details"": ""Actuator U controls UVM platform""},
        {""source"": ""e8"", ""target"": ""e3"", ""type"": ""mechanical_connection"", ""details"": ""Actuator Y controls UVM platform""},
        {""source"": ""e9"", ""target"": ""e3"", ""type"": ""mechanical_connection"", ""details"": ""Actuator W controls UVM platform""}
      ]
    }
  ]
}",器件 (Devices)/形态 (Forms)/平板显示,0.9,有机发光二极管显示(OLED)/OLED材料科学/平板显示/新型全自动偏光片贴附机的研制,"The path explicitly places the research within the 'flat panel display' category, and the title mentions a machine for attaching polarizing films, which is a key process in flat panel display manufacturing.",,,27,['精密工作平台'],图片展示了视觉运动系统的方案，包含CCD摄像头（CCD1、CCD2）、图像采集卡、运动控制卡、主机及UVW平台（对应文本中‘精密工作平台’的组成部分，用于承载工件并实现精密运动），与文本中‘精密工作平台’的描述相符。,"{'generated_question': '在图3-24的视觉运动控制系统中，精密工作平台的作用是什么？', 'generated_answer': '精密工作平台的作用是承载待进行偏光片和玻璃基板贴合工艺的工件（偏光片、玻璃基板），并提供精确的运动平台，配合CCD摄像头的图像采集、图像处理算法及控制软件的指令，实现工件间的精确对位运动，以保证偏光片与玻璃基板贴合的精度，满足TFT - LCD制程中该工艺的对位要求。', 'qa_reasoning': None}",,在用于TFT-LCD偏光片与玻璃基板贴合工艺的视觉运动控制系统中，请根据提供的系统方案图分析其从感知到执行的完整信号处理路径，并具体指出该系统采用了多少路视觉反馈输入以及通过多少个运动执行单元来控制UVW精密平台？,该系统的信号处理路径为：由两路视觉传感器（CCD1和CCD2）捕捉偏光片或基板的图像信号，经传输线缆进入“图像采集卡”进行数字化处理，随后传递给“主机”进行图像对位算法运算；主机将运算得出的补偿量发送至“运动控制卡”，最后由运动控制卡驱动UVW平台上的三个执行单元。系统共采用了2路视觉反馈输入（CCD1、CCD2）以及3个运动执行单元（分别标注为U、V、W）来实现精密的平面对位。,,"{'is_qualified': False, 'issues': ['原文内容极度匮乏：【原文】仅提供了一个标题“视觉运动控制系统”，并未包含问题和回答中所涉及的CCD1、CCD2、图像采集卡、运动控制卡以及UVW平台等具体技术细节。', '信息源缺失：问题中明确要求“根据提供的系统方案图分析”，但输入中并未包含该方案图，导致回答的内容（如CCD的数量、执行单元的名称）在给定素材中无据可查。', '存在幻觉风险：由于【原文】中没有任何实质性描述，【解答过程】和【回答】中详细的信号路径分析属于脱离给定文本的“外挂知识”，不符合基于特定原文进行问答的质量要求。'], 'thought_process': '首先，观察系统方案图的起始端，可以看到视觉感知部分由两台视觉传感器 CCD1 和 CCD2 组成，它们负责捕捉偏光片或基板的实时图像，作为整个控制系统的原始输入信号。其次，这些图像信号通过传输线缆进入“图像采集卡”，在这里完成图像信号的数字化预处理，并将其传输至“主机”系统。然后，主机利用内置的图像对位算法对数据进行分析，计算出当前位置与理想位置之间的补偿量。随后，主机将计算出的运动指令发送给“运动控制卡”，由控制卡将逻辑指令转化为驱动执行器的电信号。最后，这些信号驱动 UVW 平台上的三个执行单元 U、V、W 进行精密的物理位移，从而完成贴合对位动作。因此，通过对图示链路的梳理可以清晰地得出，该系统通过 CCD1 和 CCD2 提供了 2 路视觉反馈输入，并最终通过 U、V、W 这 3 个运动执行单元来实现对 UVW 精密平台的平面对位控制。'}"
./images/img_in_image_box_691_560_1822_1284.jpg,diagram,1.0,图 1.1 有机电致发光器件层结构图,,1982 年，kodak公司的c.w. tang等人首次利用高真空气相沉积的方法成功研制出oled，掀起oled的研究热潮。按照目前的研究现状，oled主要由阳极ito(透明导电衬底)、金属阴极以及有机功能层组成。通常情况下，有机功能层包括发光层、载流子传输层、注入层阻挡层等；在oled的两端加上直流电源，器件受电激发产生发光现象。oled发光的基本可分三个步骤。首先，对器件施加一个外置电压，空穴和电子在电压的作用下克服电极处注入势垒，由阳极和阴极分别注入至空穴传输层（hole transporting layer，htl）的最高分子占有轨道（highest occupied molecular orbital：homo）和电子传输层（electron transporting layer，etl）的最低未占有分子轨道（lowest unoccupied molecular orbital：lumo）。其次，在外部电场的驱动下，空穴和电子分别传递至htl、etl与发光层的界面，界面势垒可能造成界面处电荷积累。最后，空穴和电子在发光层中结合，形成激子，其激发态一般不稳定，将以释放光或热的能量形式而回到稳定的基态，其释放光能量的形式实现发光，产生电致发光现象。整个发光步骤如图 1.1 所示。发光波长由发光材料的homo和lumo的能级差决定，通过调整发光材料的能级差可分别实现oled的红、绿、蓝三原色发光。,['1982 年，kodak公司的c.w. tang等人首次利用高真空气相沉积的方法成功研制出oled，掀起oled的研究热潮。按照目前的研究现状，oled主要由阳极ito(透明导电衬底)、金属阴极以及有机功能层组成。通常情况下，有机功能层包括发光层、载流子传输层、注入层阻挡层等；在oled的两端加上直流电源，器件受电激发产生发光现象。oled发光的基本可分三个步骤。首先，对器件施加一个外置电压，空穴和电子在电压的作用下克服电极处注入势垒，由阳极和阴极分别注入至空穴传输层（hole transporting layer，htl）的最高分子占有轨道（highest occupied molecular orbital：homo）和电子传输层（electron transporting layer，etl）的最低未占有分子轨道（lowest unoccupied molecular orbital：lumo）。其次，在外部电场的驱动下，空穴和电子分别传递至htl、etl与发光层的界面，界面势垒可能造成界面处电荷积累。最后，空穴和电子在发光层中结合，形成激子，其激发态一般不稳定，将以释放光或热的能量形式而回到稳定的基态，其释放光能量的形式实现发光，产生电致发光现象。整个发光步骤如图 1.1 所示。发光波长由发光材料的homo和lumo的能级差决定，通过调整发光材料的能级差可分别实现oled的红、绿、蓝三原色发光。'],"{
  ""diagrams"": [
    {
      ""id"": ""sub_diagram_1"",
      ""domain"": ""Organic Electronics / OLED Structure"",
      ""summary"": ""Cross-sectional diagram of an organic light-emitting diode (OLED) showing layer structure and charge injection/transport."",
      ""entities"": [
        {""id"": ""e1"", ""label"": ""ITO"", ""type"": ""Electrode"", ""location"": ""left side""},
        {""id"": ""e2"", ""label"": ""HIL"", ""type"": ""Layer"", ""location"": ""left""},
        {""id"": ""e3"", ""label"": ""HTL"", ""type"": ""Layer"", ""location"": ""top""},
        {""id"": ""e4"", ""label"": ""EML"", ""type"": ""Layer"", ""location"": ""center""},
        {""id"": ""e5"", ""label"": ""ETL"", ""type"": ""Layer"", ""location"": ""right""},
        {""id"": ""e6"", ""label"": ""EIL"", ""type"": ""Layer"", ""location"": ""right""},
        {""id"": ""e7"", ""label"": ""Metal"", ""type"": ""Electrode"", ""location"": ""right""},
        {""id"": ""e8"", ""label"": ""Hole Injection"", ""type"": ""Charge Carrier"", ""location"": ""left side of EML""},
        {""id"": ""e9"", ""label"": ""Electron Injection"", ""type"": ""Charge Carrier"", ""location"": ""right side of EML""},
        {""id"": ""e10"", ""label"": ""Recombination Zone"", ""type"": ""Region"", ""location"": ""center of EML""},
        {""id"": ""e11"", ""label"": ""Hole Transport"", ""type"": ""Charge Carrier Movement"", ""location"": ""from HIL to EML""},
        {""id"": ""e12"", ""label"": ""Electron Transport"", ""type"": ""Charge Carrier Movement"", ""location"": ""from ETL to EML""},
        {""id"": ""e13"", ""label"": ""Light Emission"", ""type"": ""Phenomenon"", ""location"": ""EML""}
      ],
      ""relations"": [
        {""source"": ""e1"", ""target"": ""e2"", ""type"": ""electrical_connection"", ""details"": ""ITO connected to HIL""},
        {""source"": ""e2"", ""target"": ""e3"", ""type"": ""layer_stack"", ""details"": ""HIL under HTL""},
        {""source"": ""e3"", ""target"": ""e4"", ""type"": ""layer_stack"", ""details"": ""HTL above EML""},
        {""source"": ""e4"", ""target"": ""e5"", ""type"": ""layer_stack"", ""details"": ""EML under ETL""},
        {""source"": ""e5"", ""target"": ""e6"", ""type"": ""layer_stack"", ""details"": ""ETL under EIL""},
        {""source"": ""e6"", ""target"": ""e7"", ""type"": ""electrical_connection"", ""details"": ""EIL connected to Metal""},
        {""source"": ""e1"", ""target"": ""e8"", ""type"": ""charge_injection"", ""details"": ""ITO injects holes into HIL""},
        {""source"": ""e7"", ""target"": ""e9"", ""type"": ""charge_injection"", ""details"": ""Metal injects electrons into EIL""},
        {""source"": ""e8"", ""target"": ""e10"", ""type"": ""charge_transport"", ""details"": ""Holes move from HIL to EML""},
        {""source"": ""e9"", ""target"": ""e10"", ""type"": ""charge_transport"", ""details"": ""Electrons move from EIL to EML""},
        {""source"": ""e10"", ""target"": ""e13"", ""type"": ""recombination_emission"", ""details"": ""Recombination in EML leads to light emission""},
        {""source"": ""e11"", ""target"": ""e4"", ""type"": ""charge_flow"", ""details"": ""Hole transport from HIL to EML""},
        {""source"": ""e12"", ""target"": ""e4"", ""type"": ""charge_flow"", ""details"": ""Electron transport from ETL to EML""}
      ]
    }
  ]
}",器件 (Devices)/类型 (Types)/OLED (有机发光二极管),0.95,有机发光二极管显示(OLED)/OLED材料科学/平板显示/有机电致发光器件的阴极修饰以及复合区对器件效率的影响,"The path explicitly identifies the research focus as OLED-related, and the abstract details cathode modification and recombination region optimization in OLED devices, confirming the classification.",,,18,['OLED'],图片展示了OLED的器件结构（含阳极ITO、空穴注入层HIL、空穴传输层HTL、发光层EML、电子传输层ETL、电子注入层EIL、金属阴极），以及空穴与电子在发光层复合发光的过程，与文本中OLED的结构组成、发光原理（电荷注入 - 传输 - 复合发光）对应。,"{'generated_question': 'OLED的发光波长由什么因素决定？', 'generated_answer': 'OLED的发光波长由发光材料的最高分子占有轨道（HOMO）和最低未占有分子轨道（LUMO）的能级差决定，通过调整该能级差可分别实现OLED的红、绿、蓝三原色发光。', 'qa_reasoning': None}",,根据图1.1所示的有机电致发光器件（OLED）能级结构图，请详细阐述载流子（空穴与电子）从电极注入到发光层（EML）并产生电致发光的物理路径。此外，从能级角度分析，决定该器件发射出红、绿、蓝不同原色光的物理机制是什么？,载流子迁移与发光路径如下：首先，在外部直流电压驱动下，空穴从阳极（ITO）经由空穴注入层（HIL）注入到空穴传输层（HTL）的最高分子占有轨道（HOMO）；同时，电子从金属阴极（Metal）经由电子注入层（EIL）注入到电子传输层（ETL）的最低未占有分子轨道（LUMO）。随后，空穴和电子在电场作用下分别通过HTL和ETL迁移至发光层（EML）界面，并在此结合形成激子。激子通过从不稳定的激发态跃迁回稳定的基态，以释放光能的形式产生电致发光。决定发光颜色的物理机制是发光材料的能级差，即HOMO和LUMO之间的能量间隙；通过调整材料的能级差大小，即可实现红、绿、蓝三原色的发光。,,"{'is_qualified': False, 'issues': ['原文信息严重缺失：原文仅提供了一个标题（“有机电致发光器件层结构图”），并未包含问题中明确要求的“图1.1”能级结构图及具体的文字描述。这导致问题和回答中引用的核心信息（如HIL、HTL、EML、ETL、EIL各层名称，以及HOMO、LUMO能级等）在给定的参考依据中均不存在。', '问题逻辑不完整：问题要求“根据图1.1所示”进行详细阐述，但在原文缺失该图表的情况下，问题对于仅持有当前原文的读者来说是不清晰且无法操作的，属于“无源之水”。', '回答依据不合规：虽然回答和标准答案在物理学原理上是准确的（描述了典型的OLED发光机制），且两者高度一致，但由于这些信息完全来源于外部背景知识而非给定的【原文】，在质量检查中这属于严重的“幻觉”或“脱离材料”问题。'], 'thought_process': '首先，观察图1.1所示的器件能级结构，可以发现这是一个典型的多层OLED架构，其发光过程必然始于电荷的注入。从左侧阳极（ITO）开始，空穴作为正载流子，受电场驱动需逐层跨越能垒，经由空穴注入层（HIL）进入空穴传输层（HTL）的最高分子占有轨道（HOMO）；与此同时，从右侧金属阴极注入的电子则经由电子注入层（EIL）进入电子传输层（ETL）的最低未占有分子轨道（LUMO）。其次，这两类极性相反的载流子在电场作用下向中间的发光层（EML）迁移并在此交汇，通过静电吸引力结合形成束缚态的激子。然后，由于激发态是不稳定的，激子会自发地从高能级跃迁回基态，这一能级落差产生的能量便以光子的形式向外释放，从而完成电能向光能的转换。因此，从能级分布逻辑来看，发射光的能量大小直接取决于发光材料HOMO与LUMO之间的能量间隙；通过调控这一能级差的大小，就能改变释放光子的频率，进而实现红、绿、蓝三原色的精准发光。'}"
./images/img_in_image_box_1270_1803_2107_2210.jpg,diagram,1.0,图 1 ffs、fis 结构原理图,,"传统 ffs-lcd 和 fis-lcd 结构如图 1 所示, 两种显示模式的电极结构相同, 像素电极均为梳状电极, 公共电极均为面状电极, 并且公共电极位于像素电极下方, 两者之间用绝缘层(二氧化硅或氮化硅)隔开。不同的是 ffs 液晶盒是在像素电极加极性相同的电压, 利用像素电极与公共电极间产生边缘场驱动液晶分子, 而 fis 模式是在像素电极之间施加极性相反的电压, 利用像素电极之间的共面场和与公共电极间的边缘场驱动液晶分子。","['传统 ffs-lcd 和 fis-lcd 结构如图 1 所示, 两种显示模式的电极结构相同, 像素电极均为梳状电极, 公共电极均为面状电极, 并且公共电极位于像素电极下方, 两者之间用绝缘层(二氧化硅或氮化硅)隔开。不同的是 ffs 液晶盒是在像素电极加极性相同的电压, 利用像素电极与公共电极间产生边缘场驱动液晶分子, 而 fis 模式是在像素电极之间施加极性相反的电压, 利用像素电极之间的共面场和与公共电极间的边缘场驱动液晶分子。']","{
  ""diagrams"": [
    {
      ""id"": ""sub_diagram_1"",
      ""domain"": ""Liquid Crystal Display (LCD) Structure"",
      ""summary"": ""Cross-sectional view of an LCD panel showing layers including pixel electrode, common electrode, LCs, polarizer, passivation, and analyzer."",
      ""entities"": [
        {
          ""id"": ""e1"",
          ""label"": ""TA"",
          ""type"": ""Analyzer"",
          ""location"": ""top layer""
        },
        {
          ""id"": ""e2"",
          ""label"": ""LCs"",
          ""type"": ""Liquid Crystals"",
          ""location"": ""middle layer""
        },
        {
          ""id"": ""e3"",
          ""label"": ""Pixel electrode"",
          ""type"": ""Electrode"",
          ""location"": ""bottom layer, left side""
        },
        {
          ""id"": ""e4"",
          ""label"": ""Common electrode"",
          ""type"": ""Electrode"",
          ""location"": ""bottom layer, right side""
        },
        {
          ""id"": ""e5"",
          ""label"": ""Polarizer"",
          ""type"": ""Polarizer"",
          ""location"": ""bottom layer, right side""
        },
        {
          ""id"": ""e6"",
          ""label"": ""Passivation"",
          ""type"": ""Passivation Layer"",
          ""location"": ""bottom layer, left side""
        }
      ],
      ""relations"": [
        {
          ""source"": ""e1"",
          ""target"": ""e2"",
          ""type"": ""optical_path"",
          ""details"": ""Light passes through TA and interacts with LCs""
        },
        {
          ""source"": ""e2"",
          ""target"": ""e3"",
          ""type"": ""aligned_between"",
          ""details"": ""LCs are sandwiched between pixel electrode and common electrode""
        },
        {
          ""source"": ""e2"",
          ""target"": ""e4"",
          ""type"": ""aligned_between"",
          ""details"": ""LCs are sandwiched between pixel electrode and common electrode""
        },
        {
          ""source"": ""e3"",
          ""target"": ""e6"",
          ""type"": ""layered_on"",
          ""details"": ""Pixel electrode is covered by passivation layer""
        },
        {
          ""source"": ""e4"",
          ""target"": ""e5"",
          ""type"": ""layered_on"",
          ""details"": ""Common electrode is covered by polarizer""
        }
      ]
    }
  ]
}",器件 (Devices)/类型 (Types)/TFT-LCD,0.9,有机发光二极管显示(OLED)/OLED材料科学/平板显示/快速响应的共面转换型液晶显示器,"The path explicitly identifies the research focus as a liquid crystal display with a TFT-LCD structure, despite the mention of OLED in the hierarchy.",,,12,['像素电极'],图片展示了液晶显示的电极结构，包含像素电极（Pixel electrode）、公共电极（Common electrode）、液晶分子（LCs）等，与文本中ffs - lcd和fis - lcd的电极结构描述（如像素电极的形态、与公共电极的位置关系等）对应，其中像素电极是核心结构元素，在图片和文本中均有明确体现。,"{'generated_question': 'FFS-LCD和FIS-LCD在像素电极的电压施加方式上有什么不同？', 'generated_answer': 'FFS-LCD的像素电极被施加极性相同的电压，而FIS-LCD的像素电极之间被施加极性相反的电压。', 'qa_reasoning': None}",,根据提供的 FFS 与 FIS 结构原理图及相关技术描述，这两种显示模式虽然在物理结构（如梳状像素电极与面状公共电极的层叠关系）上完全一致，但在驱动液态晶体（LCs）的电场机制上有所不同。请具体阐述在像素电极上施加不同极性电压如何导致 FFS 与 FIS 模式在驱动场构成上的本质区别。,"FFS 模式与 FIS 模式的本质区别在于其驱动电场的组成成分，这由像素电极的电压施加方式决定：
1. **FFS 模式**：在梳状像素电极上施加极性相同的电压。由于相邻像素电极间没有电位差，不会产生横向电场，液晶分子仅由像素电极边缘与下方平面公共电极之间产生的**边缘场（Fringe Field）**驱动。
2. **FIS 模式**：在相邻的梳状像素电极之间施加极性相反的电压。这种配置产生了两部分驱动力：一是相邻像素电极之间形成的**共面场（Coplanar Field）**；二是像素电极与下方公共电极之间形成的**边缘场**。因此，FIS 模式是利用这两种电场的复合作用来驱动液晶分子。",,"{'is_qualified': False, 'issues': ['原文信息严重缺失：提供的【原文】仅包含“ffs、fis 结构原理图”这一标题，并未包含问题和回答中提到的‘梳状像素电极与面状公共电极的层叠关系’、‘绝缘层’、‘电压极性施加方式’等核心技术细节。', '依据冲突：问题开头提到‘根据提供的 FFS 与 FIS 结构原理图及相关技术描述’，但实际原文中并无相关描述。这导致问题和答案的内容完全脱离了给定的参考文本，属于依据外部知识或‘虚构’原文未提及的信息进行回答。', '无法验证准确性：由于原文不完整，无法通过原文核实‘FFS施加相同极性’或‘FIS施加相反极性’等推导过程是否符合原文所指的特定技术文档要求。'], 'thought_process': '首先，我需要分析题目中给出的物理结构共性，注意到 FFS 和 FIS 模式在硬件上都采用了面状公共电极、绝缘层以及上层梳状像素电极的层叠设计，这意味着两者的物理边界条件是完全一致的。其次，逻辑推导的核心在于寻找电压施加方式与电场矢量分布之间的因果关系。当我考虑 FFS 模式时，如果在相邻的梳状像素电极上施加相同极性的电压，那么相邻电极之间由于电位差为零，其水平方向上不会产生电场线，此时驱动液晶分子的唯一力量只能来自于像素电极边缘向下方公共电极弯曲的电力线，即边缘场。然后，将视角转向 FIS 模式，由于在相邻像素电极上施加了极性相反的电压，情况发生了本质变化：此时相邻电极之间存在显著的电位差，必然会在同一平面内产生横向的共面场，同时像素电极与底层公共电极之间的纵向电位差依然存在，从而保留了边缘场分量。因此，通过对比电压极性对电场分量的影响可以得出结论，FFS 模式仅由单一的边缘场驱动，而 FIS 模式则是利用边缘场与共面场叠加形成的复合驱动场来控制液晶分子，这便是两者在驱动机制上的本质区别。'}"
./images/img_in_image_box_454_2152_2005_2725.jpg,diagram,0.99,图 3-5 蚀刻液水平流动造成线宽减小,,在喷淋蚀刻过程中，理想的情况是蚀刻只在垂直方向进行，水平方向不应该有蚀刻现象发生。但是实际上蚀刻药水从顶部喷淋到下面的基板上后，会在水平方向流动和传递，这样即使有抗蚀剂保护的线路，依然会在侧面被蚀刻掉一部分铜，造成实际得到的线路宽度小于抗蚀剂所提供的线条宽度，这种现象叫做过蚀刻。过蚀刻是不可避免的，它造成最终线路宽度比起设计值来有所减小。图 3-5 为线路从侧面发生蚀刻的示意图。,['在喷淋蚀刻过程中，理想的情况是蚀刻只在垂直方向进行，水平方向不应该有蚀刻现象发生。但是实际上蚀刻药水从顶部喷淋到下面的基板上后，会在水平方向流动和传递，这样即使有抗蚀剂保护的线路，依然会在侧面被蚀刻掉一部分铜，造成实际得到的线路宽度小于抗蚀剂所提供的线条宽度，这种现象叫做过蚀刻。过蚀刻是不可避免的，它造成最终线路宽度比起设计值来有所减小。图 3-5 为线路从侧面发生蚀刻的示意图。'],"{
  ""diagrams"": [
    {
      ""id"": ""sub_diagram_1"",
      ""domain"": ""Printed Circuit Board Manufacturing"",
      ""summary"": ""Cross-section of a PCB during etching process, showing dry film, copper foil, and substrate with etchant applied."",
      ""entities"": [
        {""id"": ""e1"", ""label"": ""蚀刻液"", ""type"": ""Chemical Solution"", ""location"": ""top-center""},
        {""id"": ""e2"", ""label"": ""干膜"", ""type"": ""Protective Layer"", ""location"": ""left-side""},
        {""id"": ""e3"", ""label"": ""铜箔"", ""type"": ""Copper Foil"", ""location"": ""left-side""},
        {""id"": ""e4"", ""label"": ""基材"", ""type"": ""Substrate"", ""location"": ""bottom""},
        {""id"": ""e5"", ""label"": ""干膜"", ""type"": ""Protective Layer"", ""location"": ""right-side""},
        {""id"": ""e6"", ""label"": ""铜箔"", ""type"": ""Copper Foil"", ""location"": ""right-side""}
      ],
      ""relations"": [
        {""source"": ""e1"", ""target"": ""e3"", ""type"": ""chemical_reaction"", ""details"": ""etchant reacts with exposed copper foil""},
        {""source"": ""e1"", ""target"": ""e6"", ""type"": ""chemical_reaction"", ""details"": ""etchant reacts with exposed copper foil""},
        {""source"": ""e2"", ""target"": ""e3"", ""type"": ""protective_layer"", ""details"": ""dry film protects copper foil from etchant""},
        {""source"": ""e5"", ""target"": ""e6"", ""type"": ""protective_layer"", ""details"": ""dry film protects copper foil from etchant""},
        {""source"": ""e3"", ""target"": ""e4"", ""type"": ""attached_to"", ""details"": ""copper foil is attached to substrate""},
        {""source"": ""e6"", ""target"": ""e4"", ""type"": ""attached_to"", ""details"": ""copper foil is attached to substrate""}
      ]
    }
  ]
}",器件 (Devices)/类型 (Types)/OLED (有机发光二极管),0.95,有机发光二极管显示(OLED)/OLED材料科学/平板显示/手机用COF制造工艺关键技术研究,"The path explicitly identifies the research focus as OLED-related, specifically within the context of mobile COF manufacturing technology.",,,37,['过蚀刻'],图片展示蚀刻液从顶部喷淋后水平流动，两侧有干膜（抗蚀剂）保护的铜箔（线路），对应文本中‘过蚀刻’现象（蚀刻液水平流动导致线路侧面被蚀刻，实际宽度小于设计值）。,"{'generated_question': '过蚀刻现象产生的主要原因是什么？', 'generated_answer': '在喷淋蚀刻过程中，蚀刻药水从顶部喷淋到基板上后会在水平方向流动和传递，导致有抗蚀剂保护的线路侧面的铜被蚀刻，使得实际线路宽度小于抗蚀剂提供的线条宽度，从而产生过蚀刻现象。', 'qa_reasoning': None}",,在湿法喷淋蚀刻工艺中，请结合示意图分析蚀刻液的流动方向如何导致“过蚀刻”现象，并说明该现象对最终铜箔线条几何尺寸的具体影响。,在喷淋蚀刻过程中，蚀刻液不仅进行垂直方向的刻蚀，当药水喷淋至基板后会发生水平方向的流动和传递。由于干膜仅覆盖在铜箔的上表面，侧面处于暴露状态，水平流动的蚀刻液会从侧面对铜箔进行侵蚀。这种非理想的水平侧向刻蚀导致最终形成的铜箔线路宽度小于干膜所定义的原始设计宽度，即产生“过蚀刻”现象，使得线宽减小。,,"{'is_qualified': True, 'issues': [], 'thought_process': '首先，观察湿法喷淋蚀刻的物理过程，蚀刻液在压力驱动下垂直喷向基板表面，这构成了初始的刻蚀动力。其次，当药水接触到基板底部并由于喷淋压力向四周扩散时，蚀刻液的运动路径会由垂直转向水平，在铜箔线条之间发生水平方向的流动和传递。然后，分析线路的横截面结构可以发现，虽然铜箔的上表面受干膜保护而免受侵蚀，但其侧壁在刻蚀过程中会逐渐暴露在流动的化学药液中。因此，这些水平流动的蚀刻液会不断与铜箔侧面接触并发生反应，导致铜箔在线条宽度方向上被“蚕食”。这种非预期的侧向刻蚀最终使得形成的铜箔线路宽度小于干膜定义的原始设计宽度，从而在几何尺寸上表现为线宽减小，这便是“过蚀刻”现象发生的完整物理逻辑。'}"
./images/img_in_image_box_701_234_1677_900.jpg,diagram,0.99,图 3.1 多层电极的结构图,,如图 3.1 所示，是薄膜电极的结构示意图。,['如图 3.1 所示，是薄膜电极的结构示意图。'],"{
  ""diagrams"": [
    {
      ""id"": ""sub_diagram_1"",
      ""domain"": ""Material Science / Thin Film Structure"",
      ""summary"": ""A layered structure composed of a substrate, two Nb2O5 layers, and a central Ag layer."",
      ""entities"": [
        {
          ""id"": ""e1"",
          ""label"": ""Substrate"",
          ""type"": ""Material Layer"",
          ""location"": ""bottom""
        },
        {
          ""id"": ""e2"",
          ""label"": ""Nb2O5"",
          ""type"": ""Material Layer"",
          ""location"": ""top""
        },
        {
          ""id"": ""e3"",
          ""label"": ""Ag"",
          ""type"": ""Material Layer"",
          ""location"": ""middle""
        },
        {
          ""id"": ""e4"",
          ""label"": ""Nb2O5"",
          ""type"": ""Material Layer"",
          ""location"": ""bottom of middle""
        }
      ],
      ""relations"": [
        {
          ""source"": ""e1"",
          ""target"": ""e4"",
          ""type"": ""stacked_on"",
          ""details"": ""Substrate is the base layer, directly supporting the bottom Nb2O5 layer.""
        },
        {
          ""source"": ""e4"",
          ""target"": ""e3"",
          ""type"": ""stacked_on"",
          ""details"": ""Bottom Nb2O5 layer is stacked on the Ag layer.""
        },
        {
          ""source"": ""e3"",
          ""target"": ""e2"",
          ""type"": ""stacked_on"",
          ""details"": ""Ag layer is stacked on the top Nb2O5 layer.""
        }
      ]
    }
  ]
}",材料 (Materials)/有机 (Organic)/OLED材料科学,0.95,有机发光二极管显示(OLED)/OLED材料科学/平板显示/氧化物-金属-氧化物叠层透明导电薄膜研究,"The path explicitly places the research within OLED materials science, and the abstract focuses on multilayer transparent conductive films for flat panel displays, which are critical components in OLED devices.",,,10,['薄膜电极'],图片展示了薄膜电极的层状结构示意图（包含Nb₂O₅、Ag、Substrate等层），文本明确说明是薄膜电极的结构示意图，二者对应，故提取该关键词。,"{'generated_question': '薄膜电极的多层结构中，集流体层的主要作用是什么？', 'generated_answer': '集流体层的主要作用是提供导电通路，高效收集活性材料层电化学反应产生的电流并导出，同时为活性材料层提供物理支撑，保证电极结构的机械稳定性，促进电子的快速传输以提升电极的电化学性能。', 'qa_reasoning': None}",,根据图 3.1 所示的多层薄膜电极结构示意图，请详细说明该电极从基底（Substrate）向上依次沉积的膜层化学组成，并指出该结构属于哪种典型的薄膜电极设计模式？,"根据示意图，该多层电极从基底（Substrate）向上依次由以下膜层组成：底层为五氧化二铌（Nb2O5），中间层为银（Ag），顶层再次为五氧化二铌（Nb2O5）。这种结构属于典型的“电介质/金属/电介质”（Dielectric-Metal-Dielectric, DMD）堆叠模式，其中金属银作为导电层，被两层对称的电介质材料 Nb2O5 所夹持。",,"{'is_qualified': False, 'issues': ['原文信息不足：提供的【原文】仅为标题“多层电极的结构图”，并未包含“五氧化二铌（Nb2O5）”、“银（Ag）”或“DMD结构”等具体化学组成和物理结构的描述。这导致【回答】和【标准答案】中的核心事实在原文中完全没有依据，属于凭空产生的信息（幻觉）。', '引用图示缺失：【问题】和【解答过程】中多次提到“图 3.1”，但在提供的输入材料中并未包含该图示，导致质量检查专家无法核实回答的准确性。'], 'thought_process': '首先，观察图 3.1 所示的结构示意图，可以看到该电极是建立在最底部的基底（Substrate）之上的，因此推理的逻辑起点应从基底向上逐层扫描。其次，通过识别图中的文字标注，可以发现紧贴基底的第一层材料是蓝色的 Nb2O5（五氧化二铌），其上方叠放了一层黄色的 Ag（银），而在银层之上又覆盖了一层与底层相同的蓝色 Nb2O5（五氧化二铌）。然后，从材料属性的角度进行分析，五氧化二铌属于高折射率的电介质材料，而银属于高导电性的金属材料，这种“底层电介质-中间金属-顶层电介质”的物理空间排列，在薄膜工程领域构成了非常对称的夹芯结构。因此，可以得出结论：该电极从基底向上依次由五氧化二铌、银、五氧化二铌组成，这种结构属于典型的“电介质/金属/电介质”（Dielectric-Metal-Dielectric, DMD）堆叠模式，利用金属银提供优异的导电性，同时通过两侧的电介质层来实现环境防护或光学增透等功能。'}"
./images/img_in_image_box_1021_264_1692_678.jpg,diagram,0.98,图5.1 a) -d) 镍网掩模技术制备纳米线晶体管的过程；e) 制备的纳米线晶体管的低分辨率sem图；f)  $ sio_{2} $  栅介质横截面的高分辨率sem图,(b) ito electrodes deposition,"整个器件的制备过程如图5.1（a）-（d）所示。
sb轻掺杂的 $ sno_{2} $ 纳米线的形貌与结构是通过sem和tem表征。基于 $ sio_{2} $ 固态电解质的纳米线晶体管的形貌是通过sem表征。 $ sio_{2} $ 固态电解质的阻抗特性是通过阻抗分析仪（wk6500b）表征。基于 $ sio_{2} $ 固态电解质的纳米线晶体管的电学特性是通过半导体参数分析仪（keithley 4200）表征。测试过程也是在室温和大气的环境下完成的。图5.1（e）是通过镍网掩模技术制备的单根 $ sno_{2} $ 纳米线晶体管的低分辨率sem图。图5.1（f）是 $ sio_{2} $ 固态电解质横截面的高分辨率sem图。","['整个器件的制备过程如图5.1（a）-（d）所示。', 'sb轻掺杂的 $ sno_{2} $ 纳米线的形貌与结构是通过sem和tem表征。基于 $ sio_{2} $ 固态电解质的纳米线晶体管的形貌是通过sem表征。 $ sio_{2} $ 固态电解质的阻抗特性是通过阻抗分析仪（wk6500b）表征。基于 $ sio_{2} $ 固态电解质的纳米线晶体管的电学特性是通过半导体参数分析仪（keithley 4200）表征。测试过程也是在室温和大气的环境下完成的。图5.1（e）是通过镍网掩模技术制备的单根 $ sno_{2} $ 纳米线晶体管的低分辨率sem图。图5.1（f）是 $ sio_{2} $ 固态电解质横截面的高分辨率sem图。']","{
  ""diagrams"": [
    {
      ""id"": ""sub_diagram_1"",
      ""domain"": ""Material Science / Device Structure"",
      ""summary"": ""Cross-sectional view of a layered device structure with labeled components and external arrows indicating an applied field or signal."",
      ""entities"": [
        {
          ""id"": ""e1"",
          ""label"": ""Microporous SiO₂"",
          ""type"": ""Material Layer"",
          ""location"": ""middle layer""
        },
        {
          ""id"": ""e2"",
          ""label"": ""ITO (Gate)"",
          ""type"": ""Material Layer"",
          ""location"": ""top layer""
        },
        {
          ""id"": ""e3"",
          ""label"": ""Glass substrate"",
          ""type"": ""Material Layer"",
          ""location"": ""bottom layer""
        },
        {
          ""id"": ""e4"",
          ""label"": ""Arrows"",
          ""type"": ""External Field Indicator"",
          ""location"": ""above the top layer""
        }
      ],
      ""relations"": [
        {
          ""source"": ""e2"",
          ""target"": ""e1"",
          ""type"": ""layered_on"",
          ""details"": ""ITO (Gate) is on top of Microporous SiO₂""
        },
        {
          ""source"": ""e1"",
          ""target"": ""e3"",
          ""type"": ""layered_on"",
          ""details"": ""Microporous SiO₂ is on top of Glass substrate""
        },
        {
          ""source"": ""e4"",
          ""target"": ""e2"",
          ""type"": ""applied_to"",
          ""details"": ""External arrows point downward onto the ITO (Gate) layer""
        }
      ]
    }
  ]
}",核心 (Core)/背板 (Backplane)/氧化物TFT (IGZO TFT / Metal Oxide TFT),0.95,有机发光二极管显示(OLED)/OLED材料科学/平板显示/无机双电层栅介质及其低电压氧化物微纳晶体管应用,"The path explicitly places the research within the context of oxide micro/nanotransistors for flat-panel displays, and the abstract details high-performance oxide TFTs with EDL gate dielectrics, directly aligning with metal oxide TFTs for display backplanes.",,,19,['SiO₂'],图片展示了包含微孔SiO₂（Microporous SiO₂）、ITO栅极（ITO (Gate)）和玻璃衬底（Glass substrate）的器件结构，与文本中基于SiO₂固态电解质的纳米线晶体管的器件结构相关（SiO₂是固态电解质的核心组成部分）。,"{'generated_question': '图5.1（f）的高分辨率SEM图用于表征哪种材料的横截面结构？', 'generated_answer': '图5.1（f）的高分辨率SEM图用于表征SiO₂固态电解质的横截面结构。', 'qa_reasoning': None}",,在利用镍网掩模技术制备基于二氧化锡（$SnO_2$）纳米线的晶体管过程中，请根据提供的工艺示意图描述其底层到顶层的基本叠层结构，并指出该器件所采用的栅极电介质的具体类型及其在表征中所体现的物理特性。,根据工艺示意图，该器件的叠层结构从下至上依次为：玻璃基底（Glass substrate）、ITO栅电极（ITO Gate）以及微孔二氧化硅（Microporous $SiO_2$）层。该器件采用的栅极电介质是微孔 $SiO_2$ 固态电解质。在表征过程中，该 $SiO_2$ 固态电解质的阻抗特性是通过阻抗分析仪（WK6500B）进行测试的，而其形貌和横截面结构则通过扫描电子显微镜（SEM）进行表征。,,"{'is_qualified': False, 'issues': ['回答中包含了大量原文中未提及的具体信息。原文仅描述了工艺过程的步骤标题（a-d）和SEM图的说明（e-f），并未提及‘玻璃基底（Glass substrate）’、‘ITO栅电极（ITO Gate）’、‘微孔（Microporous）’结构以及‘固态电解质’的属性。', '回答中提到的具体测试设备型号‘阻抗分析仪（WK6500B）’在原文中完全没有出现。作为基于给定文本的问答，回答引入了原文之外的外部知识/数据，导致准确性无法通过提供的原文核实。', '问题要求‘根据提供的工艺示意图’回答，但给出的【原文】仅为图注说明，内容极其简略，不足以支持【回答】中详尽的结构描述和物理特性表征手段。'], 'thought_process': '首先，通过观察给出的工艺示意图并结合半导体器件的制备逻辑，可以清晰地辨识出该纳米线晶体管从底层到顶层的物质分布。从图示的最底层向上看，最基础的支撑部分是玻璃基底（Glass substrate），其上方覆盖着作为控制端的ITO栅电极（ITO Gate），而最上层则是覆盖在电极之上的微孔二氧化硅（Microporous $SiO_2$）层，由此构建了完整的底层到顶层的基本叠层结构。其次，在明确叠层顺序的基础上，需要进一步界定核心功能材料的性质，根据示意图中的标注以及晶体管的工作原理，可以确定该器件所采用的栅极电介质正是这种具有特殊结构的微孔 $SiO_2$ 固态电解质。然后，为了对该器件的物理特性进行深入表征，必须采用相应的精密仪器进行检测，其中对于 $SiO_2$ 固态电解质关键的阻抗特性，是通过阻抗分析仪（具体型号为WK6500B）进行测试获取的。因此，结合题目中提到的低分辨率与高分辨率SEM图，可以推导出该器件的形貌特征和横截面微观结构是通过扫描电子显微镜（SEM）进行表征的，这些测试手段共同揭示了器件的物理结构与电学基础，从而最终得出了关于该器件结构组成、电介质类型及表征方法的完整描述。'}"
./images/img_in_image_box_507_1053_1614_1468.jpg,diagram,0.98,图 4-6 混合过渡层结构示意图。,,"实验中我们发现, 如果直接在 ito 玻璃衬底上用磁控溅射的方式镀上一层铜金属薄膜, 薄膜较容易脱落。为了增强铜膜与衬底的附着性, 我们发展了文献 $ ^{[1]} $ 中所提出的通过在 ito 玻璃衬底与铜膜之间引入一层铬膜过渡层的技术来改善薄膜附着性的方法。因而, 采用直流磁控溅射系统沉积铜金属薄膜之前, 我们先在 ito 玻璃上交替制备铬金属层（厚度约 7 nm）和铜金属层（厚度约 10 nm）的复合金属层薄膜。形成由三层铬薄膜和两层铜薄膜组成的类似于合金的混合层结构，然后再依次制备铜薄膜，金属铝保护层薄膜，如图 4-6。从图 4-7 中，得知，在 300 w 溅射的功率下，铬沉积的颗粒形貌为条形，粒径分布为 10~50 纳米，铜的颗粒形貌为圆形，粒径分布为 5~40 纳米。如果在条形状颗粒排列的铬表面上直接沉积较厚的金属膜时，沉积的金属膜比较容易脱落，这是由于条形状的铬与圆形颗粒状的铜之间结合的不够牢固。为此，在铬铜界面之间制备三层铬薄膜和两层铜薄膜组成的混合层结构，其中，除第一层铬外，制备其它四层金属层仍未形成连续的薄膜结构，如图 4-6 所示，采用改结构，可以有效地避免了制备的薄膜从衬底上脱落。","['实验中我们发现, 如果直接在 ito 玻璃衬底上用磁控溅射的方式镀上一层铜金属薄膜, 薄膜较容易脱落。为了增强铜膜与衬底的附着性, 我们发展了文献 $ ^{[1]} $ 中所提出的通过在 ito 玻璃衬底与铜膜之间引入一层铬膜过渡层的技术来改善薄膜附着性的方法。因而, 采用直流磁控溅射系统沉积铜金属薄膜之前, 我们先在 ito 玻璃上交替制备铬金属层（厚度约 7 nm）和铜金属层（厚度约 10 nm）的复合金属层薄膜。形成由三层铬薄膜和两层铜薄膜组成的类似于合金的混合层结构，然后再依次制备铜薄膜，金属铝保护层薄膜，如图 4-6。从图 4-7 中，得知，在 300 w 溅射的功率下，铬沉积的颗粒形貌为条形，粒径分布为 10~50 纳米，铜的颗粒形貌为圆形，粒径分布为 5~40 纳米。如果在条形状颗粒排列的铬表面上直接沉积较厚的金属膜时，沉积的金属膜比较容易脱落，这是由于条形状的铬与圆形颗粒状的铜之间结合的不够牢固。为此，在铬铜界面之间制备三层铬薄膜和两层铜薄膜组成的混合层结构，其中，除第一层铬外，制备其它四层金属层仍未形成连续的薄膜结构，如图 4-6 所示，采用改结构，可以有效地避免了制备的薄膜从衬底上脱落。']","{
  ""diagrams"": [
    {
      ""id"": ""sub_diagram_1"",
      ""domain"": ""Material Science / Thin Film Structure"",
      ""summary"": ""Cross-sectional view of a layered material structure with a substrate and two distinct material layers (Cu and Cr) indicated by a legend."",
      ""entities"": [
        {
          ""id"": ""e1"",
          ""label"": ""Substrate"",
          ""type"": ""Material Layer"",
          ""location"": ""bottom""
        },
        {
          ""id"": ""e2"",
          ""label"": ""Cu"",
          ""type"": ""Material Layer"",
          ""location"": ""top"",
          ""legend_symbol"": ""□""
        },
        {
          ""id"": ""e3"",
          ""label"": ""Cr"",
          ""type"": ""Material Layer"",
          ""location"": ""middle"",
          ""legend_symbol"": ""■""
        }
      ],
      ""relations"": [
        {
          ""source"": ""e1"",
          ""target"": ""e3"",
          ""type"": ""layered_on"",
          ""details"": ""Cr layer is deposited on the substrate.""
        },
        {
          ""source"": ""e3"",
          ""target"": ""e2"",
          ""type"": ""layered_on"",
          ""details"": ""Cu layer is deposited on the Cr layer.""
        }
      ]
    }
  ]
}",器件 (Devices)/类型 (Types)/OLED (有机发光二极管),0.95,有机发光二极管显示(OLED)/OLED材料科学/平板显示/微结构中直接生长氧化铜纳米线及其场致电子发射特性的研究,"The path explicitly identifies the research context as OLED materials science within the broader category of flat panel displays, which directly maps to OLED devices.",,,17,['复合金属层'],图片展示了衬底（Substrate）上由铬（Cr，条形颗粒）和铜（Cu，圆形颗粒）组成的复合金属层结构，与文本中“交替制备铬金属层和铜金属层的复合金属层薄膜”“三层铬两层铜的混合层结构”的描述对应，体现了铬铜复合金属层的微观结构特征。,"{'generated_question': '混合过渡层结构中的复合金属层包含多少层铬薄膜和多少层铜薄膜？', 'generated_answer': '复合金属层包含三层铬薄膜和两层铜薄膜。', 'qa_reasoning': None}",,在ITO玻璃衬底上通过磁控溅射制备铜（Cu）金属薄膜时，为了增强附着力，研究者设计了如图4-6所示的混合过渡层结构。请根据图文信息回答：该混合过渡层由哪几种金属层交替组成（各多少层）？请结合金属颗粒的微观形貌特征，解释为什么要采用这种多层混合结构，而不是直接在铬（Cr）层上沉积厚铜膜？,该混合过渡层由3层铬（Cr）金属层和2层铜（Cu）金属层交替沉积组成，形成了类似于合金的五层复合结构（底层为Cr）。采用这种结构的原因在于：实验观察到Cr的沉积颗粒呈条形（粒径10~50 nm），而Cu的颗粒呈圆形（粒径5~40 nm）。如果直接在条形颗粒排列的Cr表面沉积较厚的Cu膜，条形Cr与圆形Cu颗粒之间的界面结合力较弱，容易导致薄膜脱落。通过制备这种由非连续薄膜构成的交替混合结构（除第一层Cr外均非连续），可以使不同形貌的颗粒相互嵌入，形成更牢固的物理结合，从而有效提高金属薄膜在ITO衬底上的附着性。,,"{'is_qualified': True, 'issues': [], 'thought_process': '首先，观察图4-6的微观结构示意图，可以看到在Substrate（衬底）之上，黑色长条状颗粒与白色圆形颗粒呈交替分布。根据图例标注，黑色颗粒代表铬（Cr），白色颗粒代表铜（Cu）。从底层向上依次计数，可以清晰地识别出该结构是由一层Cr、一层Cu、一层Cr、一层Cu以及最后一层Cr交替堆叠而成的，即该混合过渡层由3层Cr金属层和2层Cu金属层组成，且最底层与衬底接触的是Cr，整体形成了一个类似于合金的五层复合结构。其次，分析金属颗粒的微观形貌特征，我们可以观察到Cr颗粒呈现出粒径约为10~50 nm的条形，而Cu颗粒则呈现出粒径约为5~40 nm的圆形。这种显著的形状差异是设计该结构的核心考虑因素。然后，思考薄膜附着力的力学机制：如果直接在由条形颗粒构成的Cr层上沉积厚铜膜，由于圆形颗粒与条形颗粒之间的几何不匹配，界面处的接触面积较小且缺乏机械互锁，会导致界面结合力薄弱，薄膜在应力作用下容易脱落。因此，研究者采取了交替沉积非连续薄膜的策略，使得条形Cr颗粒与圆形Cu颗粒能够通过这种多层结构实现空间上的相互嵌入。这种物理上的相互“锚定”作用能够产生更牢固的结合力，从而在宏观上表现为金属薄膜在ITO衬底上附着性的显著提高。'}"
./images/img_in_image_box_495_1897_1626_2368.jpg,diagram,1.0,"图 1.4 基于离子导电膜的晶体管的电化学显示示意图 $ ^{[92]} $ ",,基于电解质的低电压晶体管由于其制备简单以及成本低廉等优点，同时在简易显示方面具有潜在的应用价值。said等人制备了单片集成的基于电解质的低电压有机晶体管与有机电致色变器件的显示单元 $ ^{[91]} $ 。在该简易显示单元中，pssh既被用于晶体管的栅介质，同时也作为电致色变器件的质子输运层。有机晶体管以p3ht作为沟道层，金作为源漏电极以及钛作为顶栅电极。而电致色变器件则是将 pssh 夹在两个 pedot:pss 电极之间。通过将晶体管的漏电极连接到电致色变器件的 pedot:pss 底电极形成一个简易显示单元。可以通过控制晶体管的开关来控制电致色变器件的颜色改变，从而实现显示的目的。实际上，电致色变器件颜色的改变是由于电致色变材料发看生了氧化-还原反应。这种简易显示的优点是具有较快的开关速度以及低功耗。kaihovirta 等人同样也报道了通过将以离子导电膜作为栅介质的晶体管与电致色变器件连接在一起的简易显示器件 $ ^{[92]} $ 。不同的他们利用了比较厚的离子导电膜 nafion 同时作为晶体管的栅介质以及器件的支撑衬底，如图 1.4 所示。当加上一个恒定的漏电压以及栅电压时，输出的源漏电流引起电致色变单元发生氧化还原反应，所以器件的颜色发生改变。当改变电压极性时，电致色变器件的颜色将会还原，如图 1.5 所示。事实上，基于电解质的低电压晶体管在这些简易显示单元中起到开关作用。berggren 等人通过印刷技术制备了  $ 5 \times 5 $  的有源矩阵简易电致色变显示器件 $ ^{[93]} $ 。该简易显示中的每个像素单元都包含一个基于 pedot:pss 的电致色变器件同时连接到一个以电解质为栅介质的电化学晶体管。为了提高显示器件的填充因子（显示单元与像素单元面积之比）以及开关速度，垂直结构的电致色变器件制备而成。同时这些研究人员还研究了不同的电致色变材料对简易显示器件对比度的影响。优化的简易显示器件具有较高的填充因子以及较快的开关速度。,['基于电解质的低电压晶体管由于其制备简单以及成本低廉等优点，同时在简易显示方面具有潜在的应用价值。said等人制备了单片集成的基于电解质的低电压有机晶体管与有机电致色变器件的显示单元 $ ^{[91]} $ 。在该简易显示单元中，pssh既被用于晶体管的栅介质，同时也作为电致色变器件的质子输运层。有机晶体管以p3ht作为沟道层，金作为源漏电极以及钛作为顶栅电极。而电致色变器件则是将 pssh 夹在两个 pedot:pss 电极之间。通过将晶体管的漏电极连接到电致色变器件的 pedot:pss 底电极形成一个简易显示单元。可以通过控制晶体管的开关来控制电致色变器件的颜色改变，从而实现显示的目的。实际上，电致色变器件颜色的改变是由于电致色变材料发看生了氧化-还原反应。这种简易显示的优点是具有较快的开关速度以及低功耗。kaihovirta 等人同样也报道了通过将以离子导电膜作为栅介质的晶体管与电致色变器件连接在一起的简易显示器件 $ ^{[92]} $ 。不同的他们利用了比较厚的离子导电膜 nafion 同时作为晶体管的栅介质以及器件的支撑衬底，如图 1.4 所示。当加上一个恒定的漏电压以及栅电压时，输出的源漏电流引起电致色变单元发生氧化还原反应，所以器件的颜色发生改变。当改变电压极性时，电致色变器件的颜色将会还原，如图 1.5 所示。事实上，基于电解质的低电压晶体管在这些简易显示单元中起到开关作用。berggren 等人通过印刷技术制备了  $ 5 \\times 5 $  的有源矩阵简易电致色变显示器件 $ ^{[93]} $ 。该简易显示中的每个像素单元都包含一个基于 pedot:pss 的电致色变器件同时连接到一个以电解质为栅介质的电化学晶体管。为了提高显示器件的填充因子（显示单元与像素单元面积之比）以及开关速度，垂直结构的电致色变器件制备而成。同时这些研究人员还研究了不同的电致色变材料对简易显示器件对比度的影响。优化的简易显示器件具有较高的填充因子以及较快的开关速度。'],"{
  ""diagrams"": [
    {
      ""id"": ""sub_diagram_1"",
      ""domain"": ""Electronic Circuit"",
      ""summary"": ""A MemFET-based electronic circuit with an EC-display and PANI component, showing current flow through a membrane structure."",
      ""entities"": [
        {""id"": ""e1"", ""label"": ""MemFET"", ""type"": ""Transistor"", ""location"": ""top-left""},
        {""id"": ""e2"", ""label"": ""S"", ""type"": ""Source Terminal"", ""location"": ""left of MemFET""},
        {""id"": ""e3"", ""label"": ""D"", ""type"": ""Drain Terminal"", ""location"": ""right of MemFET""},
        {""id"": ""e4"", ""label"": ""EC-display"", ""type"": ""Display Device"", ""location"": ""top-right""},
        {""id"": ""e5"", ""label"": ""PANI"", ""type"": ""Conductive Polymer"", ""location"": ""right of EC-display""},
        {""id"": ""e6"", ""label"": ""Membrane"", ""type"": ""Physical Layer"", ""location"": ""center""},
        {""id"": ""e7"", ""label"": ""G"", ""type"": ""Gate Terminal"", ""location"": ""below MemFET""},
        {""id"": ""e8"", ""label"": ""I"", ""type"": ""Current"", ""location"": ""between D and EC-display""},
        {""id"": ""e9"", ""label"": ""I"", ""type"": ""Current"", ""location"": ""between PANI and ground""},
        {""id"": ""e10"", ""label"": ""Ground"", ""type"": ""Reference Point"", ""location"": ""bottom-left""},
        {""id"": ""e11"", ""label"": ""Battery"", ""type"": ""Power Source"", ""location"": ""bottom-center""}
      ],
      ""relations"": [
        {""source"": ""e1"", ""target"": ""e2"", ""type"": ""has_terminal"", ""details"": ""MemFET has Source terminal S""},
        {""source"": ""e1"", ""target"": ""e3"", ""type"": ""has_terminal"", ""details"": ""MemFET has Drain terminal D""},
        {""source"": ""e1"", ""target"": ""e7"", ""type"": ""has_terminal"", ""details"": ""MemFET has Gate terminal G""},
        {""source"": ""e3"", ""target"": ""e4"", ""type"": ""connected_to"", ""details"": ""Drain D connected to EC-display""},
        {""source"": ""e4"", ""target"": ""e5"", ""type"": ""connected_to"", ""details"": ""EC-display connected to PANI""},
        {""source"": ""e5"", ""target"": ""e10"", ""type"": ""connected_to"", ""details"": ""PANI connected to ground""},
        {""source"": ""e7"", ""target"": ""e11"", ""type"": ""connected_to"", ""details"": ""Gate G connected to battery""},
        {""source"": ""e11"", ""target"": ""e10"", ""type"": ""connected_to"", ""details"": ""Battery connected to ground""},
        {""source"": ""e10"", ""target"": ""e7"", ""type"": ""connected_to"", ""details"": ""Ground connected to Gate G""},
        {""source"": ""e3"", ""target"": ""e8"", ""type"": ""flows_from"", ""details"": ""Current I flows from Drain D""},
        {""source"": ""e5"", ""target"": ""e9"", ""type"": ""flows_to"", ""details"": ""Current I flows to PANI""}
      ]
    }
  ]
}",核心 (Core)/背板 (Backplane)/氧化物TFT (IGZO TFT / Metal Oxide TFT),0.95,有机发光二极管显示(OLED)/OLED材料科学/平板显示/无机双电层栅介质及其低电压氧化物微纳晶体管应用,"The path explicitly places the research within the context of oxide micro/nanotransistors for flat-panel displays, and the abstract details high-performance oxide TFTs with EDL gate dielectrics, directly aligning with metal oxide TFTs for display backplanes.",,,20,"['电致色变器件', '晶体管', '离子导电膜', 'PANI']",图片展示了集成的器件结构：左侧为带源（S）、漏（D）、栅（G）电极的MemFET（晶体管），中间是Membrane（离子导电膜），右侧连接EC - display（电致色变器件）及PANI（电致色变材料），电路实现电流控制。对应文本中‘基于电解质的晶体管’（MemFET）、‘电致色变器件’（EC - display）、‘离子导电膜’（Membrane，如nafion）、‘电致色变材料（PANI）’等技术术语。,"{'generated_question': '图1.4所示的基于离子导电膜的晶体管与电致色变器件组成的显示器件中，晶体管的栅介质和电致色变器件的支撑衬底采用的是什么材料？', 'generated_answer': '该显示器件中，晶体管的栅介质和电致色变器件的支撑衬底采用的是比较厚的离子导电膜nafion。', 'qa_reasoning': None}",,在图 1.4 所示的基于离子导电膜的电化学显示器件示意图中，请分析该离子导电膜（Membrane）在器件结构中承担的具体双重功能，并结合电路连接关系，阐述 MemFET 晶体管是如何调控电致色变单元（EC-display）显示状态的。,在该器件结构中，离子导电膜（如 Nafion）承担着双重功能：首先，它作为 MemFET 的栅介质（Gate Dielectric），负责在栅极（G）与沟道之间进行离子传导以实现电荷调制；其次，它作为整个显示器件的支撑衬底（Supporting Substrate），承载了源漏电极（S/D）及电致色变显示单元。在调控机制方面，MemFET 起到电子开关的作用。当给栅极和漏极施加特定电压时，产生的源漏电流（I）从漏电极（D）流向电致色变单元，使其中的电致色变材料（如图中的 PANI）发生氧化还原反应，从而导致颜色改变。通过改变电压极性，可以使氧化还原反应逆转，实现颜色的还原。,,"{'is_qualified': True, 'issues': [], 'thought_process': '首先，观察图 1.4 中器件的物理空间布局，可以看到“Membrane”这一层处于整个结构的中心位置，其上方承载着 MemFET 的源漏电极（S/D）以及电致色变显示单元（EC-display），这直观地表明它充当了整个显示器件的支撑衬底；同时，由于该膜位于栅极（G）与半导体沟道之间，且具备离子导电特性，它在电路功能上必然作为 MemFET 的栅介质，通过离子的迁移来实现栅极对沟道电荷的有效调制。其次，分析器件的电路连接关系，MemFET 的漏极（D）与电致色变单元中的 PANI 材料直接相连，形成了一个受控的电流回路，这意味着 MemFET 在此电路中扮演着电子开关的核心角色。然后，深入探究显示状态的调控机制，当在栅极和漏极施加特定电压时，MemFET 导通，产生的源漏电流（I）会从漏极流向电致色变单元，驱动其中的电致色变材料（如 PANI）发生氧化还原反应，这种化学状态的变化在宏观上表现为颜色的改变。因此，通过改变施加电压的极性，可以诱导氧化还原反应向相反方向进行，从而实现颜色的还原与切换，最终达成对电致色变显示状态的精准调控。'}"
./images/img_in_image_box_665_1771_1827_2167.jpg,diagram,1.0,图 4-2 液晶玻璃表面微颗粒清除的运动模式,,吸附在液晶玻璃表面的微颗粒受到几种力的共同作用而产生的吸附现象，如图 4-1 所示。从液晶玻璃表面把微颗粒清除时有三种运动模式，分别为：拉升模式、滑动模式和滚动模式 $ ^{[20]} $ ，如图 4-2 所示。,['吸附在液晶玻璃表面的微颗粒受到几种力的共同作用而产生的吸附现象，如图 4-1 所示。从液晶玻璃表面把微颗粒清除时有三种运动模式，分别为：拉升模式、滑动模式和滚动模式 $ ^{[20]} $ ，如图 4-2 所示。'],"{
  ""diagrams"": [
    {
      ""id"": ""sub_diagram_1"",
      ""domain"": ""Mechanical Contact"",
      ""summary"": ""Three modes of interaction between a micro-particle and a solid surface: lifting mode, sliding mode, and rolling mode."",
      ""entities"": [
        {""id"": ""e1"", ""label"": ""微颗粒"", ""type"": ""Micro-particle"", ""location"": ""center of each diagram""},
        {""id"": ""e2"", ""label"": ""固体表面"", ""type"": ""Solid Surface"", ""location"": ""bottom of each diagram""},
        {""id"": ""e3"", ""label"": ""F<sub>T</sub>"", ""type"": ""Force Vector"", ""location"": ""inside each micro-particle""},
        {""id"": ""e4"", ""label"": ""拉升模式"", ""type"": ""Mode Label"", ""location"": ""left side of first diagram""},
        {""id"": ""e5"", ""label"": ""滑动模式"", ""type"": ""Mode Label"", ""location"": ""top of second diagram""},
        {""id"": ""e6"", ""label"": ""滚动模式"", ""type"": ""Mode Label"", ""location"": ""top of third diagram""}
      ],
      ""relations"": [
        {""source"": ""e1"", ""target"": ""e2"", ""type"": ""contacting"", ""details"": ""micro-particle resting on solid surface""},
        {""source"": ""e1"", ""target"": ""e3"", ""type"": ""exerts_force"", ""details"": ""force vector F<sub>T</sub> acts on micro-particle""},
        {""source"": ""e4"", ""target"": ""e1"", ""type"": ""describes_mode"", ""details"": ""lifting mode shown in first diagram""},
        {""source"": ""e5"", ""target"": ""e1"", ""type"": ""describes_mode"", ""details"": ""sliding mode shown in second diagram""},
        {""source"": ""e6"", ""target"": ""e1"", ""type"": ""describes_mode"", ""details"": ""rolling mode shown in third diagram""}
      ]
    }
  ]
}",器件 (Devices)/形态 (Forms)/平板显示,0.9,有机发光二极管显示(OLED)/OLED材料科学/平板显示/新型全自动偏光片贴附机的研制,"The path explicitly places the research within the 'flat panel display' category, and the title mentions a machine for attaching polarizing films, which is a key process in flat panel display manufacturing.",,,28,['微颗粒'],图片展示了微颗粒在固体表面（对应文本中的液晶玻璃表面）的三种清除运动模式（拉升、滑动、滚动），与文本中微颗粒清除的运动模式描述对应，微颗粒是核心分析对象。,"{'generated_question': '从液晶玻璃表面清除微颗粒时，有哪几种运动模式？', 'generated_answer': '从液晶玻璃表面清除微颗粒时，存在的运动模式为拉升模式、滑动模式和滚动模式。', 'qa_reasoning': None}",,在液晶玻璃表面的清洗工艺中，根据提供的微颗粒清除运动模式图，请分别阐述“拉升模式”、“滑动模式”和“滚动模式”下清除力 $F_r$ 的作用方向，以及微颗粒相对于固体表面的运动状态差异。,"根据图 4-2 的物理模型，三种清除模式的受力方向与运动状态如下：
1. **拉升模式**：清除力 $F_r$ 的作用方向垂直于固体表面向上，使微颗粒直接脱离表面向上运动。
2. **滑动模式**：清除力 $F_r$ 的作用方向平行于固体表面向右，使微颗粒在表面上产生水平位移（平动）。
3. **滚动模式**：清除力 $F_r$ 的作用方向同样平行于固体表面向右，但微颗粒内部存在一个半圆弧形箭头，表明在该力作用下微颗粒产生旋转力矩，使其在表面上以滚动的方式移动。",,"{'is_qualified': True, 'issues': [], 'thought_process': '首先，通过观察提供的液晶玻璃表面微颗粒清除物理模型图，我们需要从力学分布和运动轨迹两个维度，对图中标记的三种模式进行解构，明确清除力 $F_r$ 与微颗粒位移之间的因果关系。其次，分析最左侧的“拉升模式”可以发现，力 $F_r$ 的矢量箭头垂直于底部的固体表面并指向正上方，这表明该模式的核心逻辑是通过垂直向上的拉力克服颗粒与表面间的粘附力，使微颗粒直接脱离表面向上运动。然后，将视线移至“滑动模式”，此时力 $F_r$ 的作用方向发生了改变，变为平行于固体表面向右，在这种力的驱动下，微颗粒不再产生垂直位移，而是沿着表面产生水平方向的平动。接着，在观察最后的“滚动模式”时，虽然清除力 $F_r$ 的主要作用方向依然平行于表面向右，但微颗粒内部额外标注的一个半圆弧形箭头成为了关键的逻辑转折点，它暗示了在该力的作用下，颗粒内部产生了相对于接触点的旋转力矩。因此，综合这些视觉特征可以推导出，三种模式的本质差异在于受力点与运动自由度的结合：拉升是垂直脱离，滑动是水平平动，而滚动则是在水平力与力矩共同作用下产生的旋转式位移，从而得出了最终的分类阐述。'}"
./images/img_in_image_box_478_862_970_1253.jpg,diagram,0.99,图 3-2 双层有机发光器件,(a) 结构示意图,前面讲过，直到 1987 年美国柯达公司的 tang 博士 $ ^{[9]} $  发明了三明治结构的有机机电致发光器件，才使有机电致发光技术具有实用价值。邓博士等人引入了具有高空穴传输性能的一种芳香族二胺 tpd 作空穴传输层（htl），用 8-羟基喹啉铝  $ \left(\mathrm{alq}_{3}\right) $  兼做电子传输层（etl）和发光层（eml），用 ito 玻璃作为阳极，用 mg:ag 合金作为阴极，制成了新一代双层 oled $ ^{[1]} $ ，如图 3-2 所示。,['前面讲过，直到 1987 年美国柯达公司的 tang 博士 $ ^{[9]} $  发明了三明治结构的有机机电致发光器件，才使有机电致发光技术具有实用价值。邓博士等人引入了具有高空穴传输性能的一种芳香族二胺 tpd 作空穴传输层（htl），用 8-羟基喹啉铝  $ \\left(\\mathrm{alq}_{3}\\right) $  兼做电子传输层（etl）和发光层（eml），用 ito 玻璃作为阳极，用 mg:ag 合金作为阴极，制成了新一代双层 oled $ ^{[1]} $ ，如图 3-2 所示。'],"{
  ""diagrams"": [
    {
      ""id"": ""sub_diagram_1"",
      ""domain"": ""Organic Chemistry / Device Physics"",
      ""summary"": ""A layered structure of an organic light-emitting diode (OLED) or similar device, showing stacked materials from bottom to top."",
      ""entities"": [
        {
          ""id"": ""e1"",
          ""label"": ""玻璃衬底"",
          ""type"": ""Substrate"",
          ""text"": ""玻璃衬底"",
          ""location"": ""bottom layer""
        },
        {
          ""id"": ""e2"",
          ""label"": ""ITO"",
          ""type"": ""Transparent Conductive Layer"",
          ""text"": ""ITO"",
          ""location"": ""second from bottom""
        },
        {
          ""id"": ""e3"",
          ""label"": ""TPD"",
          ""type"": ""Organic Layer"",
          ""text"": ""TPD"",
          ""location"": ""third from bottom""
        },
        {
          ""id"": ""e4"",
          ""label"": ""Alq₃"",
          ""type"": ""Organic Layer"",
          ""text"": ""Alq₃"",
          ""location"": ""fourth from bottom""
        },
        {
          ""id"": ""e5"",
          ""label"": ""Mg:Ag"",
          ""type"": ""Electrode"",
          ""text"": ""Mg:Ag"",
          ""location"": ""top layer""
        },
        {
          ""id"": ""e6"",
          ""label"": ""Power Source"",
          ""type"": ""External Power Source"",
          ""text"": ""Battery Symbol"",
          ""location"": ""left side""
        }
      ],
      ""relations"": [
        {
          ""source"": ""e1"",
          ""target"": ""e2"",
          ""type"": ""stacked_on"",
          ""details"": ""ITO is deposited on the glass substrate.""
        },
        {
          ""source"": ""e2"",
          ""target"": ""e3"",
          ""type"": ""stacked_on"",
          ""details"": ""TPD layer is on top of ITO.""
        },
        {
          ""source"": ""e3"",
          ""target"": ""e4"",
          ""type"": ""stacked_on"",
          ""details"": ""Alq₃ layer is on top of TPD.""
        },
        {
          ""source"": ""e4"",
          ""target"": ""e5"",
          ""type"": ""stacked_on"",
          ""details"": ""Mg:Ag electrode is on top of Alq₃.""
        },
        {
          ""source"": ""e6"",
          ""target"": ""e5"",
          ""type"": ""power_supply"",
          ""details"": ""Power source connects to the top electrode (Mg:Ag).""
        }
      ]
    }
  ]
}",材料 (Materials)/有机 (Organic)/OLED材料科学,1.0,有机发光二极管显示(OLED)/OLED材料科学/平板显示/有机半导体材料电学性质及载流子浓度的计算和分析,The path explicitly identifies the research focus as OLED material science within the context of organic semiconductor materials and carrier concentration analysis.,,,7,['OLED'],图片展示了有机电致发光器件（OLED）的层状结构，包含玻璃衬底、ITO（阳极）、TPD（空穴传输层）、Alq₃（电子传输/发光层）、Mg:Ag（阴极），与文本中描述的新一代双层OLED结构对应，核心对象为OLED。,"{'generated_question': '图3-2所示的双层OLED的空穴传输层（HTL）采用的材料是什么？', 'generated_answer': '图3-2所示的双层OLED的空穴传输层（HTL）采用的材料是具有高空穴传输性能的芳香族二胺tpd（即一种芳香族二胺tpd）。', 'qa_reasoning': None}",,在图 3-2 所示的双层有机电致发光器件（OLED）结构中，请根据示意图和相关技术描述，识别该器件的阳极、阴极以及所采用的具体有机材料。此外，请指出哪一层材料在该结构中承担了双重功能，并说明这两种功能具体是什么？,"在该 OLED 器件中：
1. 阳极（Anode）为 ITO（氧化铟锡）玻璃。
2. 阴极（Cathode）为 Mg:Ag（镁银）合金。
3. 有机材料层包括 TPD（芳香族二胺）层和 Alq3（8-羟基喹啉铝）层。
4. 承担双重功能的材料是 Alq3，它在该结构中既作为电子传输层（ETL），又兼作发光层（EML）。",,"{'is_qualified': False, 'issues': ['问题中提到的‘图 3-2’及相关示意图在提供的【原文】中缺失，导致问题中要求‘根据示意图识别’的前提无法成立，不符合问题清晰、完整的质量要求。', '【原文】内容极度匮乏（仅有‘双层有机发光器件’六个字），而【回答】和【解答过程】中涉及的大量专业细节（如 ITO 玻璃、Mg:Ag 合金、TPD 材料、Alq3 材料及其具体物理功能）在原文中均未提及，虽然答案在物理常识上是准确的，但完全脱离了原文内容的支撑。', '解答过程中提到的‘电源长横线/短横线’等对图示的细节描述因缺少图片而无法核实，属于有效信息的缺失。'], 'thought_process': '首先，观察示意图中直流电源的极性连接方式，可以看到电源的长横线（正极）与底部的 ITO 玻璃层相连，而短横线（负极）通过导线连接至顶部的 Mg:Ag 合金层，根据电学基本原理，可以判定该器件的阳极（Anode）为 ITO 氧化铟锡玻璃，阴极（Cathode）则为 Mg:Ag 镁银合金。其次，识别夹在阴阳两极之间的功能介质，图中清晰标注了 TPD 和 Alq3 两个层次，这便是该双层器件所采用的具体有机材料，其中 TPD 为芳香族二胺，Alq3 为 8-羟基喹啉铝。然后，从载流子的注入与传输路径分析，空穴从阳极 ITO 注入后进入 TPD 层，因此 TPD 主要起到空穴传输的作用；而电子从阴极 Mg:Ag 注入后首先进入 Alq3 层，这意味着 Alq3 必须承担起电子传输的任务。因此，考虑到这是一个典型的双层异质结结构，电子与空穴最终在 Alq3 靠近界面的区域复合并产生荧光，这说明 Alq3 不仅作为电子传输层（ETL）负责引导电子，还同时作为发光层（EML）提供发光中心，即 Alq3 在该结构中承担了双重功能。'}"
./images/img_in_image_box_404_1636_1862_2700.jpg,diagram,0.99,图 4.1 传统器件与叠层器件的结构示意图,,本章所提及的叠层有机电致发光器件结构如图 4.1 所示，器件中包括阳极氧化铟锡层；垂直层叠的两个或多个电致发光单元(emissive unit)，各个发光单元之间通过电荷产生层（cgl）连接；最后是器件的金属阴极。相邻有机 el 单元之间的连接，在生产高效的叠层器件中是非常关键的，载流子产生层一般由高导电率的金属薄膜、ito 导电薄膜、有机电学掺杂薄膜等构成，需要满足导电透光的条件。,['本章所提及的叠层有机电致发光器件结构如图 4.1 所示，器件中包括阳极氧化铟锡层；垂直层叠的两个或多个电致发光单元(emissive unit)，各个发光单元之间通过电荷产生层（cgl）连接；最后是器件的金属阴极。相邻有机 el 单元之间的连接，在生产高效的叠层器件中是非常关键的，载流子产生层一般由高导电率的金属薄膜、ito 导电薄膜、有机电学掺杂薄膜等构成，需要满足导电透光的条件。'],"{
  ""diagrams"": [
    {
      ""id"": ""sub_diagram_1"",
      ""domain"": ""Organic Chemistry / Device Structure"",
      ""summary"": ""Schematic representation of a device with an emissive unit and CGL layers, showing a single-layer and multi-layer configuration."",
      ""entities"": [
        {
          ""id"": ""e1"",
          ""label"": ""Emissive unit"",
          ""type"": ""Layer"",
          ""location"": ""top layer of the device structure""
        },
        {
          ""id"": ""e2"",
          ""label"": ""CGL"",
          ""type"": ""Layer"",
          ""location"": ""between emissive unit and substrate""
        },
        {
          ""id"": ""e3"",
          ""label"": ""Substrate"",
          ""type"": ""Base Material"",
          ""location"": ""bottom layer""
        },
        {
          ""id"": ""e4"",
          ""label"": ""Current Injection"",
          ""type"": ""Electrical Input"",
          ""location"": ""top of the device""
        },
        {
          ""id"": ""e5"",
          ""label"": ""Electron Transport Layer"",
          ""type"": ""Layer"",
          ""location"": ""within the emissive unit""
        },
        {
          ""id"": ""e6"",
          ""label"": ""Hole Transport Layer"",
          ""type"": ""Layer"",
          ""location"": ""within the emissive unit""
        }
      ],
      ""relations"": [
        {
          ""source"": ""e1"",
          ""target"": ""e2"",
          ""type"": ""stacked_on"",
          ""details"": ""Emissive unit is stacked on top of CGL""
        },
        {
          ""source"": ""e2"",
          ""target"": ""e3"",
          ""type"": ""stacked_on"",
          ""details"": ""CGL is stacked on top of substrate""
        },
        {
          ""source"": ""e4"",
          ""target"": ""e1"",
          ""type"": ""electrically_connected_to"",
          ""details"": ""Current injection is applied to the emissive unit""
        },
        {
          ""source"": ""e5"",
          ""target"": ""e6"",
          ""type"": ""within"",
          ""details"": ""Electron transport layer and hole transport layer are within the emissive unit""
        }
      ]
    },
    {
      ""id"": ""sub_diagram_2"",
      ""domain"": ""Organic Chemistry / Device Structure"",
      ""summary"": ""Multi-layer device structure with multiple emissive units and CGL layers, showing a stacked configuration."",
      ""entities"": [
        {
          ""id"": ""e7"",
          ""label"": ""Emissive unit"",
          ""type"": ""Layer"",
          ""location"": ""top layer of the device structure""
        },
        {
          ""id"": ""e8"",
          ""label"": ""CGL"",
          ""type"": ""Layer"",
          ""location"": ""between emissive unit and substrate""
        },
        {
          ""id"": ""e9"",
          ""label"": ""Emissive unit"",
          ""type"": ""Layer"",
          ""location"": ""middle layer of the device structure""
        },
        {
          ""id"": ""e10"",
          ""label"": ""CGL"",
          ""type"": ""Layer"",
          ""location"": ""between middle emissive unit and bottom emissive unit""
        },
        {
          ""id"": ""e11"",
          ""label"": ""Emissive unit"",
          ""type"": ""Layer"",
          ""location"": ""bottom layer of the device structure""
        },
        {
          ""id"": ""e12"",
          ""label"": ""Substrate"",
          ""type"": ""Base Material"",
          ""location"": ""bottom layer""
        },
        {
          ""id"": ""e13"",
          ""label"": ""Current Injection"",
          ""type"": ""Electrical Input"",
          ""location"": ""top of the device""
        }
      ],
      ""relations"": [
        {
          ""source"": ""e7"",
          ""target"": ""e8"",
          ""type"": ""stacked_on"",
          ""details"": ""Top emissive unit is stacked on top of CGL""
        },
        {
          ""source"": ""e8"",
          ""target"": ""e9"",
          ""type"": ""stacked_on"",
          ""details"": ""CGL is stacked on top of middle emissive unit""
        },
        {
          ""source"": ""e9"",
          ""target"": ""e10"",
          ""type"": ""stacked_on"",
          ""details"": ""Middle emissive unit is stacked on top of CGL""
        },
        {
          ""source"": ""e10"",
          ""target"": ""e11"",
          ""type"": ""stacked_on"",
          ""details"": ""CGL is stacked on top of bottom emissive unit""
        },
        {
          ""source"": ""e11"",
          ""target"": ""e12"",
          ""type"": ""stacked_on"",
          ""details"": ""Bottom emissive unit is stacked on top of substrate""
        },
        {
          ""source"": ""e13"",
          ""target"": ""e7"",
          ""type"": ""electrically_connected_to"",
          ""details"": ""Current injection is applied to the top emissive unit""
        }
      ]
    }
  ]
}",器件 (Devices)/类型 (Types)/OLED (有机发光二极管),1.0,有机发光二极管显示(OLED)/OLED材料科学/平板显示/新型高性能有机电致发光器件的研究,"The path explicitly identifies the research focus as OLED-related, specifically within the context of high-performance organic electroluminescent devices.",,,2,['emissive unit'],图片展示了叠层有机电致发光器件的结构，包含标注的“Emissive unit（电致发光单元）”和“CGL（电荷产生层）”，与文本中描述的器件结构（含垂直层叠的电致发光单元、电荷产生层连接等）对应，其中“Emissive unit”是器件核心发光结构的标注，在图中清晰呈现且与文本术语一致。,"{'generated_question': '叠层有机电致发光器件中的电致发光单元（emissive unit）的排列及连接方式是怎样的？', 'generated_answer': '叠层有机电致发光器件中的电致发光单元（emissive unit）为垂直层叠的形式，数量为两个或多个；相邻的电致发光单元之间通过电荷产生层（CGL）进行连接。', 'qa_reasoning': None}",,根据提供的叠层有机电致发光器件（Tandem OLED）结构示意图（图 4.1），请分析其电荷产生层（CGL）在多单元结构中的具体空间排布方式，并结合文字说明，阐述为了确保器件的正常运作及底部出光效率，CGL 必须具备哪两项核心物理特性？,在图 4.1 的叠层器件中，多个发光单元（Emissive unit）呈垂直堆叠分布，电荷产生层（CGL）位于相邻的两个发光单元之间，起到物理连接与电学传导的作用。图中右侧展示了由三个发光单元组成的结构，其中每两个相邻单元间均插入了一个 CGL 层。为了确保器件高效运行，CGL 必须具备以下两项核心物理特性：1. 高导电率：文内提到其通常由金属薄膜、ITO 或有机电学掺杂薄膜构成，用于实现有效的载流子产生与传输；2. 高透明度（透光性）：由于发光单元是垂直堆叠的，上层单元产生的光必须穿透其下方的 CGL 层才能从底部的透明阳极（ITO）侧射出。,,"{'is_qualified': False, 'issues': ['信息来源缺失：【原文】仅提供了一个标题“传统器件与叠层器件的结构示意图”，并未包含【回答】中所涉及的电荷产生层（CGL）的具体组成材料（如金属薄膜、ITO、有机掺杂薄膜）以及“高导电率”和“高透明度”这两项核心物理特性的文字说明。', '事实不符/虚假引用：【回答】和【标准答案】中多次提到“文内提到其通常由...构成”以及根据“文字说明”分析，但所给【原文】中完全没有这些信息，属于凭空产生（Hallucination）。', '推导依据不足：问题要求根据“图 4.1”和“文字说明”进行分析，但在缺乏具体图像及详细原文的情况下，【解答过程】中描述的结构细节（如三个发光单元、ITO侧出光等）无法从输入信息中得到证实。'], 'thought_process': '首先，观察图 4.1 中叠层器件（Tandem OLED）与传统器件的对比，可以直观地发现右侧的叠层结构并非简单的单层设计，而是由多个发光单元（Emissive unit）在垂直方向上堆叠而成，通过识别图中的标签，可以清晰地看到电荷产生层（CGL）精准地排布在相邻两个发光单元的中间，起到了物理连接与电学桥梁的作用。其次，从器件的电学运作逻辑来看，为了实现载流子在多个单元间的有效产生与传输，CGL 必须充当高效的电荷源，这就要求其组成材料，无论是金属薄膜、ITO 还是有机掺杂薄膜，都必须具备极高的导电率，以确保电流能够顺畅地流经整个垂直单元。然后，从光学设计的角度分析，注意到该器件的出光方向位于底部的透明阳极（ITO）一侧，这意味着位于上方的发光单元产生的光线必须穿透其下方的所有结构层才能最终射出，因此，夹在单元之间的 CGL 层必须具备极高透明度（透光性），以最大程度减少光线在传输过程中的损耗。因此，综合其空间结构与光电功能需求，可以确定 CGL 在多单元结构中处于夹层位置，并必须同时满足高导电率与高透明度这两项核心物理特性，以保证器件的正常运作及底部出光效率。'}"
./images/img_in_image_box_338_582_2127_1562.jpg,diagram,0.99,图 2-6 防变形网版贴附机构设计视图,,防变形网版贴附机构，在偏光片的贴附过程中，由于偏光片具有薄、翘及易褶皱的特性，传统的胶辊对平台贴附方式在贴附偏光片时，易产生划痕、偏位及气泡等缺陷，已不能满足生产工艺的要求。因此兼具柔性与韧性的网版成为了一个很好的选择，但是传统网版加真空时容易变形，吸附在上面的偏光片亦随之变形，严重影响了视觉对位的精度。针对此种情况，研究开发具有防变形网版真空吸附技术的贴附机构成为了必须克服的难题。双层网版结构是解决这一难题的关键技术，利用张力不同的上下两层网版形成真空腔体，加真空时张力较大的上层网版保持不变形，张力较小的下层网版变形，以此平衡腔体压力的变化。如图 2-6 所示，防变形网版贴附机构主要由防变形网版真空吸附部件、胶辊滚压部件、液晶玻璃 ccd 部件、液晶玻璃转移贴合部件、偏光片 ccd 部件等部件组成。,['防变形网版贴附机构，在偏光片的贴附过程中，由于偏光片具有薄、翘及易褶皱的特性，传统的胶辊对平台贴附方式在贴附偏光片时，易产生划痕、偏位及气泡等缺陷，已不能满足生产工艺的要求。因此兼具柔性与韧性的网版成为了一个很好的选择，但是传统网版加真空时容易变形，吸附在上面的偏光片亦随之变形，严重影响了视觉对位的精度。针对此种情况，研究开发具有防变形网版真空吸附技术的贴附机构成为了必须克服的难题。双层网版结构是解决这一难题的关键技术，利用张力不同的上下两层网版形成真空腔体，加真空时张力较大的上层网版保持不变形，张力较小的下层网版变形，以此平衡腔体压力的变化。如图 2-6 所示，防变形网版贴附机构主要由防变形网版真空吸附部件、胶辊滚压部件、液晶玻璃 ccd 部件、液晶玻璃转移贴合部件、偏光片 ccd 部件等部件组成。'],"{
  ""diagrams"": [
    {
      ""id"": ""sub_diagram_1"",
      ""domain"": ""Mechanical System"",
      ""summary"": ""A machine for glass transfer and bonding, with labeled components including CCD sensors and mechanical arms."",
      ""entities"": [
        {
          ""id"": ""e1"",
          ""label"": ""玻璃 CCD 部件"",
          ""type"": ""Component"",
          ""text"": ""Glass CCD component"",
          ""location"": ""top-left""
        },
        {
          ""id"": ""e2"",
          ""label"": ""偏光片 CCD"",
          ""type"": ""Component"",
          ""text"": ""Polarizing film CCD"",
          ""location"": ""top-center""
        },
        {
          ""id"": ""e3"",
          ""label"": ""防变形网版机构"",
          ""type"": ""Mechanism"",
          ""text"": ""Anti-deformation screen mechanism"",
          ""location"": ""left-center""
        },
        {
          ""id"": ""e4"",
          ""label"": ""胶辊滚压部件"",
          ""type"": ""Component"",
          ""text"": ""Roller pressing component"",
          ""location"": ""bottom-left""
        },
        {
          ""id"": ""e5"",
          ""label"": ""玻璃转移贴合部件"",
          ""type"": ""Component"",
          ""text"": ""Glass transfer bonding component"",
          ""location"": ""right-side""
        }
      ],
      ""relations"": [
        {
          ""source"": ""e1"",
          ""target"": ""e3"",
          ""type"": ""part_of"",
          ""details"": ""Glass CCD component is part of the anti-deformation screen mechanism""
        },
        {
          ""source"": ""e2"",
          ""target"": ""e3"",
          ""type"": ""part_of"",
          ""details"": ""Polarizing film CCD is part of the anti-deformation screen mechanism""
        },
        {
          ""source"": ""e4"",
          ""target"": ""e3"",
          ""type"": ""part_of"",
          ""details"": ""Roller pressing component is part of the anti-deformation screen mechanism""
        },
        {
          ""source"": ""e5"",
          ""target"": ""e3"",
          ""type"": ""part_of"",
          ""details"": ""Glass transfer bonding component is part of the anti-deformation screen mechanism""
        }
      ]
    }
  ]
}",器件 (Devices)/形态 (Forms)/平板显示,0.9,有机发光二极管显示(OLED)/OLED材料科学/平板显示/新型全自动偏光片贴附机的研制,"The path explicitly places the research within the 'flat panel display' category, and the title mentions a machine for attaching polarizing films, which is a key process in flat panel display manufacturing.",,,29,['防变形网版机构'],图片展示了防变形网版贴附机构的组成部件，包括防变形网版机构、玻璃CCD部件、偏光片CCD部件、玻璃转移贴合部件、胶辊滚压部件等，其中“防变形网版机构”对应文本中解决网版真空吸附变形问题的核心结构（双层网版结构的具象化部件），是防变形网版贴附机构的关键组成部分。,"{'generated_question': '防变形网版贴附机构中，双层网版结构是如何解决网版变形问题的？', 'generated_answer': '双层网版结构利用张力不同的上下两层网版形成真空腔体，加真空时张力较大的上层网版保持不变形，张力较小的下层网版变形，以此平衡腔体压力的变化，避免网版变形导致偏光片变形，保证视觉对位精度。', 'qa_reasoning': None}",,在偏光片贴附工艺中，针对传统网版在真空吸附时易变形并影响视觉对位精度的问题，图 2-6 所示的防变形网版机构采用了何种核心技术方案？请结合提供的信息说明该方案的具体结构组成及其平衡腔体压力的物理机制。,该机构采用了“双层网版结构”作为解决网版变形的核心技术方案。具体结构由张力不同的上下两层网版组成，这两层网版共同形成一个真空腔体。其物理实现机制如下：在施加真空进行吸附时，利用两层网版的物理特性差异，张力较大的上层网版保持平整不发生变形，从而确保吸附在其上的偏光片不会随之扭曲，保障了视觉对位的精度；而张力较小的下层网版则通过自身的变形来平衡和吸收真空腔体内的压力变化。通过这种差异化的张力设计，实现了高精度的偏光片吸附与对位。,,"{'is_qualified': False, 'issues': ['原文信息严重缺失：提供的【原文】仅为一个标题（“防变形网版贴附机构设计视图”），并未包含任何关于“双层网版结构”、“张力差异设计”或“平衡腔体压力”的具体文字描述，导致【问题】和【解答】的内容无法从提供的原文中获取。', '依据不足：【解答过程】中提到的物理机制和结构组成在原文中完全没有体现，属于脱离给定材料的发挥。', '引用缺失：问题中提到的“图 2-6”在输入信息中并未实际提供，无法验证图文一致性。'], 'thought_process': '首先，针对偏光片贴附工艺中视觉对位精度受损的痛点，我们需要深入分析传统网版在真空吸附下发生变形的物理根源，即真空负压会导致单层薄膜结构向内凹陷，从而引起其上附着物的位移。其次，为了在利用真空吸附力的同时克服这种形变，图示机构引入了“双层网版结构”作为核心技术方案，通过将网版设计为上下两层并共同围合成一个真空腔体，为压力的差异化分布提供了结构基础。然后，在具体的物理实现机制上，该方案利用了材料张力的非对称设计：将上层网版的张力调至较大状态，使其在真空环境下依然能抵抗压力差，保持物理层面的绝对平整，从而确保偏光片在视觉对位过程中不发生扭曲；与此同时，将下层网版设计为较小张力，使其充当“压力补偿器”的角色，通过自身的柔性变形来主动平衡和吸收真空腔体内的压力变化。因此，这种通过上下网版张力差异实现的精密协作，既保证了对位的高精度，又实现了稳定的真空吸附效果，最终形成了该防变形网版机构的完整逻辑闭环。'}"
./images/img_in_image_box_765_1836_1733_2159.jpg,diagram,0.99,图 1-3 lcd 显示器件结构图,,平板显示器件是实现文字和图像显示的人机交互载体，主要由显示模组、背光模组和触控模组组成，其中显示模组又由液晶面板、偏光片、驱动芯片（ic）、电路板（pcb 和 fpc）等部件组成 $ ^{[2]} $ 。以目前主流的 lcd 和 oled 显示器为例，其结构如图 1-3、1-4 所示。,['平板显示器件是实现文字和图像显示的人机交互载体，主要由显示模组、背光模组和触控模组组成，其中显示模组又由液晶面板、偏光片、驱动芯片（ic）、电路板（pcb 和 fpc）等部件组成 $ ^{[2]} $ 。以目前主流的 lcd 和 oled 显示器为例，其结构如图 1-3、1-4 所示。'],"{
  ""diagrams"": [
    {
      ""id"": ""sub_diagram_1"",
      ""domain"": ""LCD Display Device Structure"",
      ""summary"": ""A cross-sectional diagram illustrating the layered structure of an LCD display device, including components like the backlight module, polarizing films, LCD panel, touch module, and circuit board."",
      ""entities"": [
        {
          ""id"": ""e1"",
          ""label"": ""集成电路"",
          ""type"": ""Integrated Circuit"",
          ""location"": ""top-left""
        },
        {
          ""id"": ""e2"",
          ""label"": ""线路板"",
          ""type"": ""Circuit Board"",
          ""location"": ""left side, below integrated circuit""
        },
        {
          ""id"": ""e3"",
          ""label"": ""触控模组"",
          ""type"": ""Touch Module"",
          ""location"": ""top-right""
        },
        {
          ""id"": ""e4"",
          ""label"": ""上偏光片"",
          ""type"": ""Upper Polarizing Film"",
          ""location"": ""middle-right""
        },
        {
          ""id"": ""e5"",
          ""label"": ""LCD 面板"",
          ""type"": ""LCD Panel"",
          ""location"": ""middle-right""
        },
        {
          ""id"": ""e6"",
          ""label"": ""下偏光片"",
          ""type"": ""Lower Polarizing Film"",
          ""location"": ""middle-right""
        },
        {
          ""id"": ""e7"",
          ""label"": ""背光模组"",
          ""type"": ""Backlight Module"",
          ""location"": ""bottom-right""
        },
        {
          ""id"": ""e8"",
          ""label"": ""显示模组"",
          ""type"": ""Display Module"",
          ""location"": ""right side, grouping e3, e4, e5, e6""
        }
      ],
      ""relations"": [
        {
          ""source"": ""e1"",
          ""target"": ""e2"",
          ""type"": ""connected_to"",
          ""details"": ""Integrated circuit connected to circuit board""
        },
        {
          ""source"": ""e3"",
          ""target"": ""e4"",
          ""type"": ""part_of"",
          ""details"": ""Touch module is part of display module""
        },
        {
          ""source"": ""e4"",
          ""target"": ""e5"",
          ""type"": ""part_of"",
          ""details"": ""Upper polarizing film is part of display module""
        },
        {
          ""source"": ""e5"",
          ""target"": ""e6"",
          ""type"": ""part_of"",
          ""details"": ""LCD panel is part of display module""
        },
        {
          ""source"": ""e6"",
          ""target"": ""e7"",
          ""type"": ""part_of"",
          ""details"": ""Lower polarizing film is part of display module""
        },
        {
          ""source"": ""e8"",
          ""target"": ""e3"",
          ""type"": ""contains"",
          ""details"": ""Display module contains touch module""
        },
        {
          ""source"": ""e8"",
          ""target"": ""e4"",
          ""type"": ""contains"",
          ""details"": ""Display module contains upper polarizing film""
        },
        {
          ""source"": ""e8"",
          ""target"": ""e5"",
          ""type"": ""contains"",
          ""details"": ""Display module contains LCD panel""
        },
        {
          ""source"": ""e8"",
          ""target"": ""e6"",
          ""type"": ""contains"",
          ""details"": ""Display module contains lower polarizing film""
        },
        {
          ""source"": ""e7"",
          ""target"": ""e6"",
          ""type"": ""connected_to"",
          ""details"": ""Backlight module connected to lower polarizing film""
        }
      ]
    }
  ]
}",器件 (Devices)/形态 (Forms)/平板显示,0.9,有机发光二极管显示(OLED)/OLED材料科学/平板显示/新型全自动偏光片贴附机的研制,"The path explicitly places the research within the 'flat panel display' category, and the title mentions a machine for attaching polarizing films, which is a key process in flat panel display manufacturing.",,,31,['LCD显示器件'],图片为LCD显示器件结构图，展示了其由显示模组（含LCD面板、上/下偏光片）、触控模组、背光模组及线路板、集成电路等组成，对应文本中以LCD为例的显示器结构描述，体现了平板显示器件的组成（显示模组、触控模组、背光模组等）。,"{'generated_question': 'LCD显示模组由哪些部件组成？', 'generated_answer': 'LCD显示模组由液晶面板、偏光片、驱动芯片（ic）、电路板（pcb 和 fpc）等部件组成。', 'qa_reasoning': None}",,根据提供的LCD显示器件结构图（图1-3），请详细说明“显示模组”的具体构成层次，并按照光线射出方向描述其与背光模组、触控模组的空间排列关系。,根据图1-3，显示模组（Display Module）由三个核心层次组成，从下至上依次为：下偏光片、LCD面板以及上偏光片。在整个器件的空间排列上，若遵循光线从光源发出的传播路径，背光模组位于最底层提供光源；光线随后穿过整个显示模组（即依次通过下偏光片、LCD面板和上偏光片）；最后，光线穿过位于最顶层的触控模组射向观察者。此外，集成电路（IC）和线路板通过侧向连接与LCD面板层相连。,,"{'is_qualified': True, 'issues': [], 'thought_process': '首先，我需要通过观察图1-3中的标注来界定“显示模组”的范畴，从右侧的大括号指引可以看到，该模组并非单一结构，而是由三个具体的物理层垂直堆叠而成，通过由下至上的视觉扫描，可以明确其层次依次为下偏光片、中间的LCD面板以及最上层的上偏光片。其次，为了理清各模组间的空间排列关系，我需要捕捉图中彩色箭头的含义，这些向上指的箭头代表了光线的传播路径，即光线是从器件底部向观察者方向射出的。然后，顺着这一光线轨迹进行逻辑推导，位于最底端的背光模组必然是光线的起点，紧接着光线会进入并穿过由三层构成的显示模组，最后抵达位于结构最顶层的触控模组。此外，我还注意到图示左侧的细节，即集成电路（IC）和线路板是与中间的LCD面板层在同一水平线上进行侧向衔接的。因此，综合以上对结构层次、光路方向以及组件位置的分析，可以得出结论：显示模组由下偏光片、LCD面板和上偏光片组成，其空间布局遵循背光模组在下、显示模组居中、触控模组在上的逻辑，且相关控制电路通过侧向与面板层相连。'}"
./images/img_in_image_box_770_1922_1690_2801.jpg,diagram,0.99,图 1.2 沿厚度方向垂直堆叠结构的有机电致发光器件,,此外，根据有机电致发光器件的材料和结构特性，forrest $ ^{[21]} $ 等人提出了一种实现彩色像元的新方法。如图 1.2 所示，将三基色器件沿厚度方向垂直堆叠，每个器件分别由各自的电极控制，玻璃衬底上的 ito 电极一侧作为蓝光器件的阳极，发射光从该侧出射；自上至下依次为红、绿、蓝色器件，这样的排列顺序是考虑到材料对波长的吸收较小；中间有一层 10 nm 的 mg:ag 同时作为蓝光和绿光器件的阴极。这种结构，亮度、颜色、灰度级被独立地控制，可获得优于传统技术的分辨率 $ ^{[22-26]} $ 。但是，叠层结构目前还存在较大的缺点：一是中间金属电极会减小器件的透过率，同时形成较强的微腔效应，导致颜色的改变和空间上随观察角度不同而变色的现象；二是制作工艺的复杂性带来的器件性能的下降，例如溅射中间 ito 电极时容易导致有机层的损坏 $ ^{[27-29]} $ 。,['此外，根据有机电致发光器件的材料和结构特性，forrest $ ^{[21]} $ 等人提出了一种实现彩色像元的新方法。如图 1.2 所示，将三基色器件沿厚度方向垂直堆叠，每个器件分别由各自的电极控制，玻璃衬底上的 ito 电极一侧作为蓝光器件的阳极，发射光从该侧出射；自上至下依次为红、绿、蓝色器件，这样的排列顺序是考虑到材料对波长的吸收较小；中间有一层 10 nm 的 mg:ag 同时作为蓝光和绿光器件的阴极。这种结构，亮度、颜色、灰度级被独立地控制，可获得优于传统技术的分辨率 $ ^{[22-26]} $ 。但是，叠层结构目前还存在较大的缺点：一是中间金属电极会减小器件的透过率，同时形成较强的微腔效应，导致颜色的改变和空间上随观察角度不同而变色的现象；二是制作工艺的复杂性带来的器件性能的下降，例如溅射中间 ito 电极时容易导致有机层的损坏 $ ^{[27-29]} $ 。'],"{
  ""diagrams"": [
    {
      ""id"": ""sub_diagram_1"",
      ""domain"": ""Organic Light-Emitting Diode (OLED) Structure"",
      ""summary"": ""Cross-sectional view of an OLED display structure showing layers and subpixels."",
      ""entities"": [
        {
          ""id"": ""e1"",
          ""label"": ""Glass substrate"",
          ""type"": ""Substrate"",
          ""location"": ""bottom""
        },
        {
          ""id"": ""e2"",
          ""label"": ""E2"",
          ""type"": ""Layer"",
          ""location"": ""middle-right""
        },
        {
          ""id"": ""e3"",
          ""label"": ""E3"",
          ""type"": ""Layer"",
          ""location"": ""upper-middle""
        },
        {
          ""id"": ""e4"",
          ""label"": ""E4"",
          ""type"": ""Layer"",
          ""location"": ""upper-left""
        },
        {
          ""id"": ""l1"",
          ""label"": ""ITO"",
          ""type"": ""Material"",
          ""location"": ""top-left""
        },
        {
          ""id"": ""l2"",
          ""label"": ""Red subpixel"",
          ""type"": ""Subpixel"",
          ""location"": ""top-left""
        },
        {
          ""id"": ""l3"",
          ""label"": ""Green subpixel"",
          ""type"": ""Subpixel"",
          ""location"": ""top-middle""
        },
        {
          ""id"": ""l4"",
          ""label"": ""Blue subpixel"",
          ""type"": ""Subpixel"",
          ""location"": ""top-right""
        },
        {
          ""id"": ""l5"",
          ""label"": ""Insulating layer"",
          ""type"": ""Layer"",
          ""location"": ""top-middle""
        },
        {
          ""id"": ""l6"",
          ""label"": ""Top emission"",
          ""type"": ""Emission Type"",
          ""location"": ""top""
        },
        {
          ""id"": ""l7"",
          ""label"": ""Substrate emission"",
          ""type"": ""Emission Type"",
          ""location"": ""bottom""
        }
      ],
      ""relations"": [
        {
          ""source"": ""e1"",
          ""target"": ""e2"",
          ""type"": ""layer_on"",
          ""details"": ""Glass substrate supports E2 layer""
        },
        {
          ""source"": ""e2"",
          ""target"": ""e3"",
          ""type"": ""layer_on"",
          ""details"": ""E2 layer supports E3 layer""
        },
        {
          ""source"": ""e3"",
          ""target"": ""e4"",
          ""type"": ""layer_on"",
          ""details"": ""E3 layer supports E4 layer""
        },
        {
          ""source"": ""l1"",
          ""target"": ""l2"",
          ""type"": ""material_in"",
          ""details"": ""ITO is part of Red subpixel""
        },
        {
          ""source"": ""l1"",
          ""target"": ""l3"",
          ""type"": ""material_in"",
          ""details"": ""ITO is part of Green subpixel""
        },
        {
          ""source"": ""l1"",
          ""target"": ""l4"",
          ""type"": ""material_in"",
          ""details"": ""ITO is part of Blue subpixel""
        },
        {
          ""source"": ""l5"",
          ""target"": ""l3"",
          ""type"": ""material_in"",
          ""details"": ""Insulating layer is part of Green subpixel""
        },
        {
          ""source"": ""l6"",
          ""target"": ""e4"",
          ""type"": ""emission_from"",
          ""details"": ""Top emission originates from E4 layer""
        },
        {
          ""source"": ""l7"",
          ""target"": ""e1"",
          ""type"": ""emission_from"",
          ""details"": ""Substrate emission originates from Glass substrate""
        }
      ]
    }
  ]
}",器件 (Devices)/类型 (Types)/OLED (有机发光二极管),1.0,有机发光二极管显示(OLED)/OLED材料科学/平板显示/新型高性能有机电致发光器件的研究,"The path explicitly identifies the research focus as OLED-related, specifically within the context of high-performance organic electroluminescent devices.",,,1,['垂直堆叠'],图片展示了有机电致发光器件的红、绿、蓝三基色子像素沿厚度方向的垂直堆叠结构（含ITO、绝缘层等），与文本中“将三基色器件沿厚度方向垂直堆叠”的描述对应，体现了该器件的堆叠式结构设计。,"{'generated_question': '垂直堆叠的有机电致发光器件中，红、绿、蓝三基色器件的排列顺序（沿厚度方向自上至下）是怎样的？这样排列的原因是什么？', 'generated_answer': '排列顺序为沿厚度方向自上至下依次是红色器件、绿色器件、蓝色器件；这样排列的原因是考虑到材料对波长的吸收较小，可减少光在传输过程中被材料吸收的损耗，保证出射光的效率和颜色准确性。', 'qa_reasoning': None}",,在图 1.2 所示的垂直堆叠有机电致发光器件（OLED）结构中，请根据提供的信息说明三基色子像素自玻璃衬底向上的排列顺序，并结合文中描述，分析在这种叠层结构中使用中间金属电极所带来的主要光学劣势及工艺挑战。,"1. 堆叠顺序：自玻璃衬底向上依次为蓝色子像素、绿色子像素、红色子像素（即自上而下为红、绿、蓝）。
2. 光学劣势：中间金属电极会降低器件的整体透过率，并引起较强的微腔效应，从而导致颜色发生偏移，以及在不同观察角度下出现变色现象。
3. 工艺挑战：制作工艺复杂，容易导致器件性能下降；具体表现为在溅射中间 ITO 电极时，高能工艺过程容易对已沉积的有机层造成物理或化学损伤。",,"{'is_qualified': False, 'issues': ['原文内容缺失：提供的【原文】仅为一个标题（“沿厚度方向垂直堆叠结构的有机电致发光器件”），完全没有包含问题中提到的“图 1.2”以及关于子像素顺序、中间金属电极、光学微腔效应或溅射工艺损伤的具体描述。根据“思考过程和回答是否和原文内容冲突”及“依据提供信息”的要求，该问答属于凭空产生，不符合基于给定文本的质量要求。', '信息来源不一致：问题要求“根据提供的信息”及“结合文中描述”进行分析，但回答中所引用的详细技术细节（如蓝、绿、红顺序，ITO溅射损伤等）在给出的原文中均不存在。'], 'thought_process': '首先，我需要通过观察图 1.2 提供的结构示意图并对照左侧图例来确定三基色子像素的排布。通过对比填充纹理可以看到，紧贴玻璃衬底（Glass substrate）的第一层发光单元与蓝光子像素（Blue subpixel）的图例一致，其上方第二层对应的填充纹理是绿光子像素（Green subpixel），而最靠近顶部的第三层则是红光子像素（Red subpixel），由此可以明确自下而上的排列顺序为蓝、绿、红。其次，分析中间金属电极对光学性能的影响，由于这种堆叠结构要求下层发出的光必须穿过上层的电极才能到达观察者，而中间电极（如薄金属或 ITO）并非完全透明，这不可避免地会吸收和反射部分光线，导致整体透过率下降；同时，这些平行的电极层之间会形成类似谐振腔的微腔效应，使得出射光谱对角度变得敏感，从而引发颜色偏移和多角度观察下的变色问题。然后，从实际生产的工艺层面来看，在有机薄膜上直接制备电极具有极高难度，特别是要在已沉积的有机层上方通过溅射工艺制作中间 ITO 电极时，溅射过程中的高能粒子轰击和等离子体环境会对脆弱的有机分子造成物理冲击或化学损伤，进而导致器件性能的退化。因此，综合以上推导，该器件的子像素顺序为蓝、绿、红，其主要光学劣势是透过率降低与微腔效应导致的变色，而工艺挑战则聚焦于溅射工艺对有机层的损伤及复杂的制造流程。'}"
./images/img_in_image_box_859_2119_1575_2628.jpg,diagram,1.0,图 1.7 三层器件结构示意图,,"日本的 adschi $ ^{[18,19]} $  首次提出了三层器件的结构，即：htl、etl 和 eml。这种结构的优点是细化了每一个层的功能。三层有机电致发光器件的结构如图 1.7 所示。","['日本的 adschi $ ^{[18,19]} $  首次提出了三层器件的结构，即：htl、etl 和 eml。这种结构的优点是细化了每一个层的功能。三层有机电致发光器件的结构如图 1.7 所示。']","{
  ""diagrams"": [
    {
      ""id"": ""sub_diagram_1"",
      ""domain"": ""Organic Electronics / OLED Structure"",
      ""summary"": ""A layered structure of an organic light-emitting diode (OLED) with labeled layers and an external capacitor."",
      ""entities"": [
        {""id"": ""e1"", ""label"": ""A1"", ""type"": ""Layer"", ""location"": ""top""},
        {""id"": ""e2"", ""label"": ""ETL"", ""type"": ""Layer"", ""location"": ""second from top""},
        {""id"": ""e3"", ""label"": ""ELL"", ""type"": ""Layer"", ""location"": ""third from top""},
        {""id"": ""e4"", ""label"": ""HTL"", ""type"": ""Layer"", ""location"": ""fourth from top""},
        {""id"": ""e5"", ""label"": ""ITO"", ""type"": ""Layer"", ""location"": ""fifth from top""},
        {""id"": ""e6"", ""label"": ""Glass substrate"", ""type"": ""Substrate"", ""location"": ""bottom""},
        {""id"": ""e7"", ""label"": ""Capacitor"", ""type"": ""Electrical Component"", ""location"": ""right side""}
      ],
      ""relations"": [
        {""source"": ""e1"", ""target"": ""e2"", ""type"": ""stacked_on"", ""details"": ""A1 is stacked on ETL""},
        {""source"": ""e2"", ""target"": ""e3"", ""type"": ""stacked_on"", ""details"": ""ETL is stacked on ELL""},
        {""source"": ""e3"", ""target"": ""e4"", ""type"": ""stacked_on"", ""details"": ""ELL is stacked on HTL""},
        {""source"": ""e4"", ""target"": ""e5"", ""type"": ""stacked_on"", ""details"": ""HTL is stacked on ITO""},
        {""source"": ""e5"", ""target"": ""e6"", ""type"": ""stacked_on"", ""details"": ""ITO is stacked on Glass substrate""},
        {""source"": ""e1"", ""target"": ""e7"", ""type"": ""electrically_connected_to"", ""details"": ""A1 is connected to the top plate of the capacitor""},
        {""source"": ""e7"", ""target"": ""e6"", ""type"": ""electrically_connected_to"", ""details"": ""The bottom plate of the capacitor is connected to the Glass substrate""}
      ]
    }
  ]
}",材料 (Materials)/有机 (Organic)/OLED发光材料 (Emitters),0.95,有机发光二极管显示(OLED)/OLED材料科学/平板显示/树枝状蓝色发光材料的合成及性能研究,"The path explicitly identifies the research focus as dendritic blue light-emitting materials for OLEDs, and the abstract confirms the synthesis and characterization of such materials.",,,16,['三层有机电致发光器件结构'],图片展示了三层有机电致发光器件的结构（包含HTL、ETL、ELL等功能层及Al、ITO、Glass substrate等组成部分），与文本中adschi提出的‘htl、etl、eml’三层结构对应，核心关键词为该器件的三层结构。,"{'generated_question': '三层有机电致发光器件的三层结构分别是什么？', 'generated_answer': '三层有机电致发光器件的三层结构分别是htl（空穴传输层）、etl（电子传输层）和eml（发光层）。', 'qa_reasoning': None}",,根据图 1.7 所示的三层有机电致发光器件（OLED）结构示意图，请准确识别位于透明阳极（ITO）与金属电极（Al）之间的三个功能层及其物理堆叠顺序。此外，结合上下文，分析这种由 Adachi 提出的三层结构设计在功能逻辑上具有什么核心优势？,在 ITO 与 Al 电极之间，从下至上的物理堆叠顺序依次为：HTL（空穴传输层）、ELL（发光层，对应文中提到的 EML）以及 ETL（电子传输层）。根据上下文，这种三层结构设计的核心优势在于实现了“功能细化”，即将器件的空穴传输、电子传输以及载流子复合发光这三个过程分别由独立的功能层负责，从而优化了每一层的工作效率。,,"{'is_qualified': False, 'issues': ['原文内容极度匮乏，仅有“三层器件结构示意图”一句话，并未提及问题和解答中涉及的专业术语（如ITO、Al、HTL、ETL、EML/ELL、Adachi等）。', '回答中提到“对应文中提到的 EML”，但原文中并没有出现 EML，属于凭空产生的信息，与原文内容不符（脱节）。', '作为质量检查，问题和答案应当基于提供的原文产生。本案例中的问答使用了大量原文之外的外部知识，不符合基于给定文本生成问答的逻辑。'], 'thought_process': '首先，观察图 1.7 所示的器件结构示意图，可以直观地看到器件是以玻璃基底为基础，最底层接触的是透明阳极 ITO，而最顶层则是金属电极 Al。其次，通过识别夹在 ITO 与 Al 之间的各层标注，可以清晰地观察到物理堆叠的逻辑顺序：紧贴 ITO 的是 HTL（空穴传输层），中间层为 ELL（即发光层 EML），而在 ELL 之上、靠近 Al 电极的则是 ETL（电子传输层）。然后，深入分析这种三层结构的内在逻辑，HTL 负责从阳极注入并传输空穴，ETL 负责从阴极注入并传输电子，两者在中间的 ELL 层相遇并复合产生激子，进而发光。因此，这种由 Adachi 提出的三层结构设计，其核心优势在于实现了“功能细化”，即通过将空穴传输、电子传输以及载流子复合发光这三个物理过程分配给独立的功能层，使得每一层都能根据其特定任务进行材料优化，从而有效解决了单层或双层结构中载流子平衡与发光效率难以兼顾的问题，显著提升了器件的整体性能。'}"
./images/img_in_chart_box_376_1340_1345_1693.jpg,diagram,1.0,图 4.1 基于厌氧紫外胶的夺取式转印方案原理图（(a)转印受体与转印载体复合，(b)(c)施加压力、加热、光照等转印条件，(d)转印载体与转印受体分离）,(b),基于厌氧 uv 胶的转印过程如图 4.1 所示，图(a)为将转印载体与转印受体复合过程；图(b)(c)为压合后施加一定压力、uv 光照、低温加热等转印条件；图(d)为在一定条件下将转印载体与转印受体分离。转印载体上与转印受体结构凸起部分接触的金属层将被选择性地转移到转印受体表面。因而将在转印受体表面得到图案化的金属微纳结构。,['基于厌氧 uv 胶的转印过程如图 4.1 所示，图(a)为将转印载体与转印受体复合过程；图(b)(c)为压合后施加一定压力、uv 光照、低温加热等转印条件；图(d)为在一定条件下将转印载体与转印受体分离。转印载体上与转印受体结构凸起部分接触的金属层将被选择性地转移到转印受体表面。因而将在转印受体表面得到图案化的金属微纳结构。'],"{
  ""diagrams"": [
    {
      ""id"": ""sub_diagram_a"",
      ""domain"": ""Material Layer Structure"",
      ""summary"": ""Cross-sectional view of a layered flexible structure with a template structure pressing down on a flexible substrate."",
      ""entities"": [
        {
          ""id"": ""e1"",
          ""label"": ""柔性基底"",
          ""type"": ""Material Layer"",
          ""value"": ""Flexible Substrate"",
          ""location"": ""bottom layer""
        },
        {
          ""id"": ""e2"",
          ""label"": ""厌氧UV胶"",
          ""type"": ""Material Layer"",
          ""value"": ""Anaerobic UV Adhesive"",
          ""location"": ""middle layer""
        },
        {
          ""id"": ""e3"",
          ""label"": ""柔性模板结构"",
          ""type"": ""Structural Template"",
          ""value"": ""Flexible Template Structure"",
          ""location"": ""top layer""
        },
        {
          ""id"": ""e4"",
          ""label"": ""金属层"",
          ""type"": ""Material Layer"",
          ""value"": ""Metal Layer"",
          ""location"": ""between adhesive and substrate""
        },
        {
          ""id"": ""e5"",
          ""label"": ""压印工具"",
          ""type"": ""Pressing Tool"",
          ""value"": ""Imprinting Tool"",
          ""location"": ""above template structure""
        }
      ],
      ""relations"": [
        {
          ""source"": ""e1"",
          ""target"": ""e4"",
          ""type"": ""layered_on"",
          ""details"": ""Metal layer is deposited on the flexible substrate.""
        },
        {
          ""source"": ""e4"",
          ""target"": ""e2"",
          ""type"": ""layered_on"",
          ""details"": ""Anaerobic UV adhesive is deposited on the metal layer.""
        },
        {
          ""source"": ""e2"",
          ""target"": ""e3"",
          ""type"": ""layered_on"",
          ""details"": ""Flexible template structure is placed on top of the adhesive layer.""
        },
        {
          ""source"": ""e5"",
          ""target"": ""e3"",
          ""type"": ""pressing_on"",
          ""details"": ""The imprinting tool presses down on the flexible template structure.""
        }
      ]
    }
  ]
}",工艺 (Process)/集成 (Assembly)/芯片转移 (Mass Transfer),0.95,有机发光二极管显示(OLED)/OLED材料科学/平板显示/柔性金属微纳结构转印机理及方法研究,"The path explicitly identifies the research as focused on transfer mechanisms of metal micro/nano structures for flexible display applications, which aligns directly with the 'chip transfer' process in display manufacturing.",,,11,['厌氧UV胶'],图片为转印过程的图(a)（转印载体与转印受体复合阶段），展示了包含厌氧UV胶的结构层（蓝色层），与文本中“基于厌氧UV胶的转印过程”的核心介质描述对应。,"{'generated_question': '在基于厌氧UV胶的夺取式转印过程中，如何在转印受体表面获得图案化的金属微纳结构？', 'generated_answer': '首先将转印载体与转印受体复合（图a）；然后施加压力、UV光照、低温加热等转印条件（图b、c）；之后使转印载体与转印受体分离（图d）；在此过程中，转印载体上与转印受体结构凸起部分接触的金属层会被选择性地转移到转印受体表面，从而在转印受体表面得到图案化的金属微纳结构。', 'qa_reasoning': None}",,在基于厌氧紫外（UV）胶的“夺取式”转印工艺中，请结合原理图说明金属层实现选择性转移的物理机制，并具体指出最终在转印受体上形成的金属图案是由哪一组件的几何特征决定的？,该转印工艺的选择性转移机制源于厌氧UV胶的特性及其与模板结构的相互作用。在压合过程中（图b、c），具有凸起结构的柔性模板（受体）与转印载体表面的厌氧UV胶层接触。由于接触区域排除了氧气，满足了厌氧固化条件，在UV光照和加热的作用下，该区域的胶水发生固化并产生强粘附力，将对应的金属层锚定在模板凸起上。当载体与受体分离时（图d），未接触区域因氧气抑制未固化或粘附力弱，只有与凸起接触的金属层被“夺取”并成功转移。因此，最终在受体表面形成的图案化金属微纳结构是由柔性模板表面的凸起结构几何特征决定的。,,"{'is_qualified': True, 'issues': [], 'thought_process': '首先，分析该工艺的核心在于“厌氧UV胶”的特殊化学性质，这种胶水的固化反应受氧气抑制，只有在隔绝氧气的环境下结合UV光照或加热才能实现固化并产生强粘附力。其次，结合原理图(a)观察转印受体的形态，可以发现其表面并非平整平面，而是具有特定微纳形状的凸起结构，这构成了选择性接触的物理基础。然后，在进入(b)(c)阶段的压合与反应过程中，柔性模板的凸起部分与转印载体上的胶水层紧密贴合，这种物理接触有效地排除了接触界面的氧气，从而在局部创造了满足厌氧固化的条件，使得金属层在这些特定区域被固化的胶水牢固锚定。随后，在图(d)所示的分离阶段，由于未接触的凹陷区域仍存在氧气导致胶水不固化或粘附力极弱，金属层无法被带走，只有与凸起部位结合的金属层被成功“夺取”。因此，整个转印过程的物理机制是通过空间上的选择性排氧来实现局部固化粘附，而最终在受体上形成的金属图案，其几何形状完全是由柔性模板表面的凸起结构几何特征所决定的。'}"
./images/img_in_image_box_355_379_1009_1032.jpg,diagram,1.0,图 1 本文提出的宽窄视角切换架构的原理图,,"图 1 为本文提出架构的液晶显示原理图示，主要由 dlcd、带有微结构的 lcd、背光源模块（含百叶窗结构层 louver film）组成。其中 dlcd 上基板侧与 lcd 上基板与下基板侧均包含偏振器（图中未示出），液晶显示盒的上偏振器与下偏振器成正交关系。dlcd 的上偏振器的偏光轴方向与液晶显示盒的上偏振器的偏振轴方向平行。dlcd 的调光方向为左右视角。lcd 中的微结构棱镜图形的排列方向与背光侧百叶窗结构膜片的光栅排列方向平行。
本技术架构实现宽窄视角的工作原理为:从背光(back light, bl)出射的光,经过百叶窗结构层(louver film),穿过光栅遮挡部分的光被遮挡,另一部分以光栅的预设角度出射,完成对光的第一次调整。当光经过lcd时,由于lcd中设置微型结构图形,光路在微结构中行进方向如图2所示。当背光侧出射光时,经过lcd下基板,再经过微结构棱镜重新分布,进行光的第二次调整,侧面出射光均匀化分散。当dlcd施加适当电压产生微弱垂直电场  $ e_{1} $  时，液晶沿垂直玻璃基板方向的倾角较小，dlcd 中的液晶分子此时在正视与侧视产生的相位延迟较小，光经过dlcd 后光路几乎未发生变化，此时背光源电流为高电平模式，光线经过液晶显示模组后表现为广视角显示，如图1(a)所示。而当光源电流切换为低电平模式时，调光液晶盒中垂直电场  $ e_{1} $  增强，dlcd 中的液晶分子沿垂直基板方向的倾角加大，液晶在dlcd 中在正视与大视角侧视方向的相位延迟增大，光线在大视角下由于相位延迟的产生，部分光线被dlcd 上方的偏振器吸收，光线经过第三次的调整，视角进行第二次的窄化处理，使大视角出射光进入人眼的亮度下降，液晶显示内容由于大视角亮度降低而影像模糊，达到防窥的目的，实现窄视角模式。","['图 1 为本文提出架构的液晶显示原理图示，主要由 dlcd、带有微结构的 lcd、背光源模块（含百叶窗结构层 louver film）组成。其中 dlcd 上基板侧与 lcd 上基板与下基板侧均包含偏振器（图中未示出），液晶显示盒的上偏振器与下偏振器成正交关系。dlcd 的上偏振器的偏光轴方向与液晶显示盒的上偏振器的偏振轴方向平行。dlcd 的调光方向为左右视角。lcd 中的微结构棱镜图形的排列方向与背光侧百叶窗结构膜片的光栅排列方向平行。', '本技术架构实现宽窄视角的工作原理为:从背光(back light, bl)出射的光,经过百叶窗结构层(louver film),穿过光栅遮挡部分的光被遮挡,另一部分以光栅的预设角度出射,完成对光的第一次调整。当光经过lcd时,由于lcd中设置微型结构图形,光路在微结构中行进方向如图2所示。当背光侧出射光时,经过lcd下基板,再经过微结构棱镜重新分布,进行光的第二次调整,侧面出射光均匀化分散。当dlcd施加适当电压产生微弱垂直电场  $ e_{1} $  时，液晶沿垂直玻璃基板方向的倾角较小，dlcd 中的液晶分子此时在正视与侧视产生的相位延迟较小，光经过dlcd 后光路几乎未发生变化，此时背光源电流为高电平模式，光线经过液晶显示模组后表现为广视角显示，如图1(a)所示。而当光源电流切换为低电平模式时，调光液晶盒中垂直电场  $ e_{1} $  增强，dlcd 中的液晶分子沿垂直基板方向的倾角加大，液晶在dlcd 中在正视与大视角侧视方向的相位延迟增大，光线在大视角下由于相位延迟的产生，部分光线被dlcd 上方的偏振器吸收，光线经过第三次的调整，视角进行第二次的窄化处理，使大视角出射光进入人眼的亮度下降，液晶显示内容由于大视角亮度降低而影像模糊，达到防窥的目的，实现窄视角模式。']","{
  ""diagrams"": [
    {
      ""id"": ""sub_diagram_a"",
      ""domain"": ""Display Technology"",
      ""summary"": ""Diagram illustrating the Wide Viewing Angle (WVA) mode of a DLCD display structure."",
      ""entities"": [
        {""id"": ""e1"", ""label"": ""DLCD"", ""type"": ""Display Layer"", ""location"": ""top""},
        {""id"": ""e2"", ""label"": ""LCD"", ""type"": ""Display Layer"", ""location"": ""middle""},
        {""id"": ""e3"", ""label"": ""Lens"", ""type"": ""Optical Component"", ""location"": ""bottom""},
        {""id"": ""e4"", ""label"": ""BL+Louver"", ""type"": ""Backlight Assembly"", ""location"": ""bottom""},
        {""id"": ""e5"", ""label"": ""E1"", ""type"": ""Electric Field"", ""location"": ""DLCD layer""},
        {""id"": ""e6"", ""label"": ""E2"", ""type"": ""Electric Field"", ""location"": ""LCD layer""},
        {""id"": ""e7"", ""label"": ""箭头群"", ""type"": ""Light Direction Indicator"", ""location"": ""top and bottom""},
        {""id"": ""e8"", ""label"": ""宽视角模式"", ""type"": ""Mode Label"", ""location"": ""bottom-left""},
        {""id"": ""e9"", ""label"": ""WVA mode"", ""type"": ""Mode Label"", ""location"": ""bottom-left""}
      ],
      ""relations"": [
        {""source"": ""e1"", ""target"": ""e2"", ""type"": ""stacked_above"", ""details"": ""DLCD layer is stacked above LCD layer""},
        {""source"": ""e2"", ""target"": ""e3"", ""type"": ""stacked_above"", ""details"": ""LCD layer is stacked above Lens""},
        {""source"": ""e3"", ""target"": ""e4"", ""type"": ""stacked_above"", ""details"": ""Lens is stacked above BL+Louver""},
        {""source"": ""e5"", ""target"": ""e1"", ""type"": ""electric_field_in"", ""details"": ""E1 is an electric field within the DLCD layer""},
        {""source"": ""e6"", ""target"": ""e2"", ""type"": ""electric_field_in"", ""details"": ""E2 is an electric field within the LCD layer""},
        {""source"": ""e7"", ""target"": ""e1"", ""type"": ""light_emission"", ""details"": ""Arrows indicate light emission from the top of DLCD""},
        {""source"": ""e7"", ""target"": ""e4"", ""type"": ""light_emission"", ""details"": ""Arrows indicate light emission from the bottom of BL+Louver""},
        {""source"": ""e8"", ""target"": ""e1"", ""type"": ""mode_label_for"", ""details"": ""宽视角模式 labels the WVA mode configuration""},
        {""source"": ""e9"", ""target"": ""e1"", ""type"": ""mode_label_for"", ""details"": ""WVA mode labels the Wide Viewing Angle mode configuration""}
      ]
    },
    {
      ""id"": ""sub_diagram_b"",
      ""domain"": ""Display Technology"",
      ""summary"": ""Diagram illustrating the Narrow Viewing Angle (NVA) mode of a DLCD display structure."",
      ""entities"": [
        {""id"": ""e1"", ""label"": ""DLCD"", ""type"": ""Display Layer"", ""location"": ""top""},
        {""id"": ""e2"", ""label"": ""LCD"", ""type"": ""Display Layer"", ""location"": ""middle""},
        {""id"": ""e3"", ""label"": ""Lens"", ""type"": ""Optical Component"", ""location"": ""bottom""},
        {""id"": ""e4"", ""label"": ""BL+Louver"", ""type"": ""Backlight Assembly"", ""location"": ""bottom""},
        {""id"": ""e5"", ""label"": ""E1"", ""type"": ""Electric Field"", ""location"": ""DLCD layer""},
        {""id"": ""e6"", ""label"": ""E2"", ""type"": ""Electric Field"", ""location"": ""LCD layer""},
        {""id"": ""e7"", ""label"": ""箭头群"", ""type"": ""Light Direction Indicator"", ""location"": ""top and bottom""},
        {""id"": ""e8"", ""label"": ""窄视角模式"", ""type"": ""Mode Label"", ""location"": ""bottom-left""},
        {""id"": ""e9"", ""label"": ""NVA mode"", ""type"": ""Mode Label"", ""location"": ""bottom-left""}
      ],
      ""relations"": [
        {""source"": ""e1"", ""target"": ""e2"", ""type"": ""stacked_above"", ""details"": ""DLCD layer is stacked above LCD layer""},
        {""source"": ""e2"", ""target"": ""e3"", ""type"": ""stacked_above"", ""details"": ""LCD layer is stacked above Lens""},
        {""source"": ""e3"", ""target"": ""e4"", ""type"": ""stacked_above"", ""details"": ""Lens is stacked above BL+Louver""},
        {""source"": ""e5"", ""target"": ""e1"", ""type"": ""electric_field_in"", ""details"": ""E1 is an electric field within the DLCD layer""},
        {""source"": ""e6"", ""target"": ""e2"", ""type"": ""electric_field_in"", ""details"": ""E2 is an electric field within the LCD layer""},
        {""source"": ""e7"", ""target"": ""e1"", ""type"": ""light_emission"", ""details"": ""Arrows indicate light emission from the top of DLCD""},
        {""source"": ""e7"", ""target"": ""e4"", ""type"": ""light_emission"", ""details"": ""Arrows indicate light emission from the bottom of BL+Louver""},
        {""source"": ""e8"", ""target"": ""e1"", ""type"": ""mode_label_for"", ""details"": ""窄视角模式 labels the NVA mode configuration""},
        {""source"": ""e9"", ""target"": ""e1"", ""type"": ""mode_label_for"", ""details"": ""NVA mode labels the Narrow Viewing Angle mode configuration""}
      ]
    }
  ]
}",器件 (Devices)/液晶技术/液晶显示 LCD,1.0,液晶与显示/2021/05期/微结构用于视角可控的液晶显示技术,The path explicitly identifies the research focus as liquid crystal display technology with microstructures for view-angle control.,,,0,['DLCD'],图片展示液晶显示架构的宽/窄视角模式，包含DLCD（调光液晶盒）、LCD（带微结构）、BL+Louver（背光源+百叶窗层）等结构，文本中重点描述DLCD的调光原理（电场控制、相位延迟），图片中明确标注DLCD层，是架构核心组件之一，与文本中DLCD的工作机制对应。,"{'generated_question': '当背光源电流切换为低电平模式时，DLCD中的液晶分子倾角和相位延迟会发生怎样的变化？这种变化如何影响显示视角？', 'generated_answer': '当背光源电流切换为低电平模式时，DLCD中的垂直电场\ue101增强，液晶分子沿垂直玻璃基板方向的倾角加大；液晶在正视与大视角侧视方向的相位延迟增大。这种变化使大视角出射光因相位延迟产生的偏振态变化被DLCD上方的偏振器吸收，大视角出射光亮度下降、影像模糊，实现窄视角（防窥）模式。', 'qa_reasoning': None}",,在所提出的宽窄视角切换显示架构中，请根据图1及其配套原理说明，当显示器从宽视角模式（WVA）切换至窄视角模式（NVA）时，DLCD层内部的垂直电场 $E_1$ 的变化如何通过液晶分子的形态改变及相位延迟机制，最终实现对大视角光线的调制？,当系统从宽视角模式切换至窄视角模式时，DLCD层中的垂直电场 $E_1$ 增强。这一增强的电场导致DLCD内的液晶分子沿垂直于基板方向的倾角加大。在这种物理状态下，液晶层在正视方向产生的相位延迟较小，但在大视角（侧视）方向产生的相位延迟显著增大。由于相位延迟的改变，原本通过的大视角光线在经过DLCD上方的偏振器时被部分吸收，从而导致大视角出射光的亮度大幅下降，最终通过降低侧向对比度和影像清晰度来实现防窥的窄视角效果。,,"{'is_qualified': False, 'issues': ['【原文】信息严重缺失：原文仅包含一句话（标题或图注），并未提供关于“DLCD层”、“垂直电场 $E_1$”、“液晶分子形态改变”及“相位延迟机制”等任何具体的原理描述或技术细节。', '【问题】与【原文】脱节：问题要求根据“图1及其配套原理说明”进行回答，但提供的原文中既没有图1，也没有任何配套说明，导致问题和解答的内容均属于“凭空产生”，无法在给定文本中找到依据。', '虽然【回答】与【标准答案】在逻辑上保持一致且物理原理表述合理，但作为针对特定文本的质量检查，该QA对因缺乏原文支撑而不合格。'], 'thought_process': '首先，观察显示架构在模式切换时的电场控制逻辑，可以发现当系统从宽视角模式（WVA）切换至窄视角模式（NVA）时，为了改变光线的传播特性，DLCD层内部的垂直电场 $E_1$ 会随之增强。其次，这种增强的垂直电场会直接作用于DLCD层内的液晶分子，使其克服初始取向力，转而沿着垂直于基板的方向排列，导致分子的倾角显著加大。然后，这种物理形态的改变会进一步影响光学相位延迟机制：在液晶分子趋于垂直排列的状态下，正视方向的光线受到的相位延迟影响较小，能够保持较高的透射率，但对于以大视角入射的侧视光线，由于其穿过液晶层的光程及对应的有效折射率发生变化，产生的相位延迟会显著增大。因此，这些偏离正视轴线的大视角光线在经过DLCD上方的偏振器时，其偏振状态因相位延迟的改变而无法顺利通过，导致大部分能量被偏振器吸收。这种选择性的光线调制最终使得大视角方向的出射光亮度大幅下降，通过降低侧向对比度和影像清晰度，成功实现了防窥的窄视角显示效果。'}"
./images/img_in_image_box_720_1889_1658_2371.jpg,diagram,0.95,图 1.5 气浮支承下的大型玻璃基板,,随着市场对大型液晶面板的需求，各国的高新技术公司也相继推出了针对大型玻璃基板传输运用的气浮支承机器，例如美国的 new way air bearings 公司 $ ^{[31]} $ ，日本的 smc 株式会社 $ ^{[32]} $ 以及德国的 festo 公司 $ ^{[33]} $ ，图 1.5 为大型玻璃基板在气浮支承下的传输过程 $ ^{[34]} $ 。如今第 11 代线玻璃基板的尺寸已达到  $ 3000 mm \times 3320 mm $ ，而它的厚度仅有 0.5 mm。即便拥有气浮非接触承载技术的支承效果，如此巨大且轻薄的基板在传输过程中，经过导轨间隔处与喷气孔间隔处的部分仍易发生弯曲变形。因此研究气浮单元的结构参数与玻璃基板受力变形的关系，对提高支承稳定性，减小玻璃基板变形从而提高检测精度，设计和优化气浮系统性能有着十分重要的指导意义。,['随着市场对大型液晶面板的需求，各国的高新技术公司也相继推出了针对大型玻璃基板传输运用的气浮支承机器，例如美国的 new way air bearings 公司 $ ^{[31]} $ ，日本的 smc 株式会社 $ ^{[32]} $ 以及德国的 festo 公司 $ ^{[33]} $ ，图 1.5 为大型玻璃基板在气浮支承下的传输过程 $ ^{[34]} $ 。如今第 11 代线玻璃基板的尺寸已达到  $ 3000 mm \\times 3320 mm $ ，而它的厚度仅有 0.5 mm。即便拥有气浮非接触承载技术的支承效果，如此巨大且轻薄的基板在传输过程中，经过导轨间隔处与喷气孔间隔处的部分仍易发生弯曲变形。因此研究气浮单元的结构参数与玻璃基板受力变形的关系，对提高支承稳定性，减小玻璃基板变形从而提高检测精度，设计和优化气浮系统性能有着十分重要的指导意义。'],"{
  ""diagrams"": [
    {
      ""id"": ""sub_diagram_1"",
      ""domain"": ""Mechanical Engineering / Precision Equipment"",
      ""summary"": ""An air-bearing system with labeled components including an air bearing unit, air bearing rails, and a glass substrate."",
      ""entities"": [
        {
          ""id"": ""e1"",
          ""label"": ""气浮单元"",
          ""type"": ""Air Bearing Unit"",
          ""location"": ""center-left""
        },
        {
          ""id"": ""e2"",
          ""label"": ""气浮导轨"",
          ""type"": ""Air Bearing Rail"",
          ""location"": ""right side""
        },
        {
          ""id"": ""e3"",
          ""label"": ""玻璃基板"",
          ""type"": ""Glass Substrate"",
          ""location"": ""top-right""
        }
      ],
      ""relations"": [
        {
          ""source"": ""e1"",
          ""target"": ""e2"",
          ""type"": ""physically_connected_to"",
          ""details"": ""The air bearing unit is mounted on or connected to the air bearing rails.""
        },
        {
          ""source"": ""e2"",
          ""target"": ""e3"",
          ""type"": ""supports"",
          ""details"": ""The air bearing rails support the glass substrate.""
        }
      ]
    }
  ]
}",器件 (Devices)/类型 (Types)/OLED (有机发光二极管),0.9,有机发光二极管显示(OLED)/OLED材料科学/平板显示/气浮支承间隔处玻璃基板变形,The path explicitly identifies the research context as OLED display technology within the broader category of flat panel displays.,,,14,['玻璃基板'],图片展示了大型玻璃基板在气浮导轨（含气浮单元）上的传输装置，标注有‘玻璃基板’‘气浮单元’‘气浮导轨’，与文本中‘大型玻璃基板在气浮支承下的传输过程’描述对应，玻璃基板是传输与变形研究的核心对象。,"{'generated_question': '第11代线玻璃基板的尺寸和厚度分别是多少？', 'generated_answer': '第11代线玻璃基板的尺寸为3000 mm × 3320 mm，厚度为0.5 mm。', 'qa_reasoning': None}",,在第 11 代液晶面板生产线的玻璃基板传输过程中，尽管采用了图示的气浮非接触承载技术，但针对尺寸为 $3000 mm 	imes 3320 mm$ 且厚度仅为 0.5 mm 的极薄基板，哪些具体的结构布局区域最容易导致其发生弯曲变形？研究并优化气浮单元结构参数对提高生产工艺有何实际意义？,在这种极薄大型玻璃基板的传输过程中，最容易发生弯曲变形的区域是气浮导轨的间隔处以及气浮单元喷气孔的间隔处。研究并优化气浮单元的结构参数，其核心意义在于：第一，提高支承的稳定性；第二，通过减小玻璃基板的受力变形，直接提升基板在传输过程中的检测精度；第三，为设计和优化整体气浮系统的性能提供指导。,,"{'is_qualified': True, 'issues': [], 'thought_process': '首先，面对尺寸达 $3000 mm \times 3320 mm$ 而厚度仅为 0.5 mm 的第 11 代液晶面板玻璃基板，必须意识到这种极大的长宽比和极薄的特性使其抗弯刚度极低，在重力作用下极易像薄膜一样发生自重下挠。其次，观察气浮支承的物理布局，支撑力是由离散分布的气浮导轨和导轨上的喷气孔提供的，这种“点、线”结合的非连续支撑方式意味着在支撑力无法覆盖的真空地带，即气浮导轨的间隔区域以及气浮单元喷气孔的间隔区域，基板会因为受力不均而成为最容易发生弯曲变形的薄弱环节。然后，将这种物理变形规律联系到实际生产需求，可以推导出优化结构参数的深层意义：由于基板的任何微小震动或波动都会破坏气膜的平衡，优化参数首先能增强气膜刚度，提高支承的稳定性，防止基板在高速传输中发生碰撞或破损。进一步考虑到显示面板生产中严苛的在线检测工艺，基板的平整度直接影响光学传感器的成像质量，因此通过减小基板变形，能够直接消除高度差带来的干扰，显著提升基板在传输过程中的检测精度。最后，从整体工程设计角度来看，通过对气浮单元结构参数的深入研究，可以总结出支承力与变形量之间的定量关系，从而为设计和优化整条生产线的气浮系统性能提供核心的理论指导与技术依据。'}"
./images/img_in_image_box_467_915_2009_1664.jpg,diagram,0.99,图 2-5 开口率的计算,,另外，black matrix 部分为信号走线和存储电容区域，是不透光的，即存在开口率的问题，如图 2-5 所示。开口率的计算公式为：$$  开口率 = \frac{ 有效透光区域面积 }{ 全部面积 } \times 100\%  $$综合上述因素，这一层的透过率仅为 30% 左右。,['另外，black matrix 部分为信号走线和存储电容区域，是不透光的，即存在开口率的问题，如图 2-5 所示。开口率的计算公式为：$$  开口率 = \\frac{ 有效透光区域面积 }{ 全部面积 } \\times 100\\%  $$综合上述因素，这一层的透过率仅为 30% 左右。'],"{
  ""diagrams"": [
    {
      ""id"": ""sub_diagram_1"",
      ""domain"": ""Thin-Film Transistor Display Cell"",
      ""summary"": ""Cross-sectional view of a TFT display pixel showing electrode layers and storage capacitor."",
      ""entities"": [
        {""id"": ""e1"", ""label"": ""TFT"", ""type"": ""Transistor"", ""location"": ""left side, connected to source electrode""},
        {""id"": ""e2"", ""label"": ""Display electrode"", ""type"": ""Electrode"", ""location"": ""top layer, red""},
        {""id"": ""e3"", ""label"": ""Source electrode"", ""type"": ""Electrode"", ""location"": ""bottom left, green""},
        {""id"": ""e4"", ""label"": ""Gate electrode"", ""type"": ""Electrode"", ""location"": ""right side, green""},
        {""id"": ""e5"", ""label"": ""存储电容"", ""type"": ""Storage Capacitor"", ""location"": ""bottom center, yellow""},
        {""id"": ""e6"", ""label"": ""有效的透光区域"", ""type"": ""Transparent Area"", ""location"": ""right panel, teal region""}
      ],
      ""relations"": [
        {""source"": ""e1"", ""target"": ""e3"", ""type"": ""connected_to"", ""details"": ""TFT connected to Source electrode""},
        {""source"": ""e1"", ""target"": ""e4"", ""type"": ""connected_to"", ""details"": ""TFT connected to Gate electrode""},
        {""source"": ""e3"", ""target"": ""e5"", ""type"": ""connected_to"", ""details"": ""Source electrode connected to Storage Capacitor""},
        {""source"": ""e4"", ""target"": ""e5"", ""type"": ""connected_to"", ""details"": ""Gate electrode connected to Storage Capacitor""},
        {""source"": ""e5"", ""target"": ""e6"", ""type"": ""part_of"", ""details"": ""Storage Capacitor is part of the effective transparent area""},
        {""source"": ""e2"", ""target"": ""e6"", ""type"": ""overlaps_with"", ""details"": ""Display electrode overlaps with effective transparent area""}
      ]
    }
  ]
}",器件 (Devices)/类型 (Types)/OLED (有机发光二极管),0.9,有机发光二极管显示(OLED)/OLED材料科学/平板显示/液晶导光板改进设计与扩展应用,"The path explicitly identifies the research context as OLED, despite mentioning 'liquid crystal light guide plate' in the final component, which is a misalignment; the primary focus remains on OLED technology.",,,9,['开口率'],图片左侧展示了包含存储电容、TFT、电极等的显示结构，右侧以虚线框（标注100%）和绿色区域（标注“有效的透光区域”）对比，直观呈现了“有效透光区域面积”与“全部面积”的关系，与文本中“开口率 = 有效透光区域面积/全部面积×100%”的公式对应，支撑了“开口率”的概念。,"{'generated_question': '图2-5中开口率的计算公式是什么？', 'generated_answer': '开口率的计算公式为：开口率 = \x0crac{有效透光区域面积}{全部面积} \times 100\\%', 'qa_reasoning': None}",,在高性能液晶显示器的像素版图设计中，开口率（Aperture Ratio）直接影响面板的亮度和功耗。请根据提供的像素结构图（图 2-5），识别出哪些具体的硬件组件或走线区域属于不透光部分从而限制了开口率，并说明如何定量计算该像素单元的开口率。,根据提供的版图信息，像素内不透光的部分主要包括：源极线（Source electrode）、栅极线（Gate electrode）、薄膜晶体管（TFT）开关元件以及存储电容（Storage capacitor）区域。这些组件构成了所谓的遮光区域（Black Matrix覆盖区）。该像素的开口率通过以下公式定量计算：开口率 = (有效透光区域面积 / 全部面积) × 100%，其中有效透光区域对应图中 Display electrode 覆盖的绿色区域。,,"{'is_qualified': False, 'issues': ['原文内容极度匮乏：原文仅有“开口率的计算”五个字，而回答中涉及的‘源极线’、‘栅极线’、‘TFT开关元件’、‘存储电容’以及具体的公式等信息在原文中均未出现，属于无中生有（幻觉），不符合基于原文回答的质量要求。', '关键信息缺失：问题和回答多次引用‘像素结构图（图 2-5）’及‘绿色区域’，但输入资料中并未包含该图片，导致问题具有误导性且回答无法根据现有素材核实。', '支撑性不足：回答过程虽然逻辑清晰且符合常识，但由于完全脱离了提供的‘原文’内容，作为针对特定文本的QA检查，其准确性无法通过给定材料验证。'], 'thought_process': '首先，要计算液晶显示器像素的开口率，必须明确开口率的核心定义，即像素中能够透过光线的有效面积与像素总面积的比值，这直接决定了面板的透光效率。其次，通过观察提供的像素结构图，我们需要识别出哪些区域是由不透光的金属走线或电子元器件构成的。从图中可以清晰地看到，纵向分布的源极线（Source electrode）和横向分布的栅极线（Gate electrode）构成了像素的边界框架，而位于左上角的薄膜晶体管（TFT）开关元件以及下方的存储电容（Storage capacitor）区域，由于其材料和结构特性，光线无法穿透，这些组件共同构成了所谓的遮光区域或黑矩阵覆盖区。然后，在确定了这些不透光边界后，剩余的能够让光线通过的部分即为显示电极（Display electrode）所覆盖的绿色区域，这在右侧的分解图中被明确标注为有效透光区域。因此，通过对版图结构的逻辑分析，我们可以确定该像素内不透光的部分主要包括源极线、栅极线、TFT开关元件以及存储电容区域，而开口率的定量计算则遵循“开口率 = (有效透光区域面积 / 全部面积) × 100%”的公式，其中有效透光区域准确对应图中 Display electrode 覆盖的绿色部分。'}"
./images/img_in_chart_box_475_594_1752_1120.jpg,diagram,1.0,图 1-4 蓝-红光分布式反馈激光器,,有机激光可以产生可见光范围内的更多振动波长的光，这也是无机激光器所不具备的，因此有机固体激光器一直是 ofet 的热点应用之一。光微纳刻蚀技术（photo-nil）在制作有机分布式反馈激光器时明显的优势就是不需要干燥的刻蚀处理以及严格的光栅制作过程。yamashita 等人报道了用 photo-nil 制作的多层结构的有机激光器。如图 1-4。他们用不掺杂的 uv 树脂将 b-dfb(蓝光分布式反馈)层覆盖，即在 pmma 基板上沉积 uv 树脂层，防止损坏 dfb 光栅。用同样的方法制作 r-dfb（红光分布式反馈）层。这样就形成了具有两个 dfb 谐振腔活跃层的有机激光器，能够同时发射蓝光和红光 $ ^{[23]} $ 。,['有机激光可以产生可见光范围内的更多振动波长的光，这也是无机激光器所不具备的，因此有机固体激光器一直是 ofet 的热点应用之一。光微纳刻蚀技术（photo-nil）在制作有机分布式反馈激光器时明显的优势就是不需要干燥的刻蚀处理以及严格的光栅制作过程。yamashita 等人报道了用 photo-nil 制作的多层结构的有机激光器。如图 1-4。他们用不掺杂的 uv 树脂将 b-dfb(蓝光分布式反馈)层覆盖，即在 pmma 基板上沉积 uv 树脂层，防止损坏 dfb 光栅。用同样的方法制作 r-dfb（红光分布式反馈）层。这样就形成了具有两个 dfb 谐振腔活跃层的有机激光器，能够同时发射蓝光和红光 $ ^{[23]} $ 。'],"{
  ""diagrams"": [
    {
      ""id"": ""sub_diagram_1"",
      ""domain"": ""Material Layer Structure"",
      ""summary"": ""A cross-sectional view of a multi-layered material structure with labeled layers."",
      ""entities"": [
        {
          ""id"": ""e1"",
          ""label"": ""R-DFB层"",
          ""type"": ""Material Layer"",
          ""location"": ""topmost layer""
        },
        {
          ""id"": ""e2"",
          ""label"": ""UV树脂层"",
          ""type"": ""Material Layer"",
          ""location"": ""second layer from top""
        },
        {
          ""id"": ""e3"",
          ""label"": ""PMMA"",
          ""type"": ""Material Layer"",
          ""location"": ""third layer from top""
        },
        {
          ""id"": ""e4"",
          ""label"": ""UV树脂层"",
          ""type"": ""Material Layer"",
          ""location"": ""fourth layer from top""
        },
        {
          ""id"": ""e5"",
          ""label"": ""B-DFB层"",
          ""type"": ""Material Layer"",
          ""location"": ""fifth layer from top""
        },
        {
          ""id"": ""e6"",
          ""label"": ""硅衬底"",
          ""type"": ""Material Layer"",
          ""location"": ""bottommost layer""
        }
      ],
      ""relations"": [
        {
          ""source"": ""e1"",
          ""target"": ""e2"",
          ""type"": ""stacked_on"",
          ""details"": ""R-DFB层 is stacked on top of the first UV树脂层""
        },
        {
          ""source"": ""e2"",
          ""target"": ""e3"",
          ""type"": ""stacked_on"",
          ""details"": ""UV树脂层 is stacked on top of PMMA""
        },
        {
          ""source"": ""e3"",
          ""target"": ""e4"",
          ""type"": ""stacked_on"",
          ""details"": ""PMMA is stacked on top of the second UV树脂层""
        },
        {
          ""source"": ""e4"",
          ""target"": ""e5"",
          ""type"": ""stacked_on"",
          ""details"": ""UV树脂层 is stacked on top of B-DFB层""
        },
        {
          ""source"": ""e5"",
          ""target"": ""e6"",
          ""type"": ""stacked_on"",
          ""details"": ""B-DFB层 is stacked on top of 硅衬底""
        }
      ]
    }
  ]
}",器件 (Devices)/类型 (Types)/OLED (有机发光二极管),0.9,有机发光二极管显示(OLED)/OLED材料科学/平板显示/有机场效应晶体管电路仿真模型的研究,"The path explicitly identifies the research context as OLED-related, with 'OLED材料科学' (OLED material science) and '平板显示' (flat panel display) indicating the display technology focus.",,,38,['有机分布式反馈激光器'],图片展示了多层结构的有机激光器，包含R - DFB层、UV树脂层、PMMA层、B - DFB层和硅衬底，对应文本中yamashita等人用photo - nil制作的具有两个DFB谐振腔活跃层（B - DFB、R - DFB）、能同时发射蓝光和红光的有机分布式反馈激光器的结构描述。,"{'generated_question': '采用光微纳刻蚀（photo - nil）技术制作的有机分布式反馈激光器是如何实现同时发射蓝光和红光的？', 'generated_answer': '通过用不掺杂的uv树脂在pmma基板上沉积并覆盖b - dfb（蓝光分布式反馈）层（防止损坏dfb光栅），再用同样方法制作r - dfb（红光分布式反馈）层，最终形成具有两个dfb谐振腔活跃层的有机激光器，从而能够同时发射蓝光和红光。', 'qa_reasoning': None}",,在如图所示的蓝-红光双波长有机分布式反馈（DFB）激光器多层结构中，说明UV树脂层在器件集成过程中的具体物理位置及其核心功能。此外，结合该结构层次，简述为何这种设计能够实现蓝光和红光的垂直集成而互不干扰？,根据结构图示和上下文，UV树脂层被精确地沉积在B-DFB（蓝光）层之上以及PMMA层与R-DFB（红光）层之间。其核心功能是作为保护层：即使用不掺杂的UV树脂覆盖下层的DFB光栅，以防止在后续沉积PMMA基板或其他层时对已形成的纳米刻蚀光栅结构造成物理或化学损伤。这种设计通过在垂直方向上利用UV树脂和PMMA作为隔离与保护介质，独立构建了两个具有特定光栅周期的DFB谐振腔活跃层，从而允许器件在同一垂直轴线上独立产生并同时发射蓝光与红光。,,"{'is_qualified': False, 'issues': ['原文信息严重不足：原文仅提供了一个标题“蓝-红光分布式反馈激光器”，完全没有提及UV树脂、PMMA层、B-DFB/R-DFB层的层级结构、物理位置及其核心功能等具体技术细节。回答中的详细内容无法从原文中得到验证。', '指代不明：问题中提到“在如图所示的...”，但输入内容中并未提供任何图示，导致问题背景缺失。', '准确性无法判断：由于原文未提供具体的物理结构描述，无法判断回答中关于“UV树脂层在B-DFB层之上”等位置描述是否符合该特定器件的实际设计。'], 'thought_process': '首先，观察提供的多层结构图示，可以直观地追踪器件从底部的硅衬底向上堆叠的顺序，发现UV树脂层出现在两个关键的界面处：一层紧贴在底部的B-DFB（蓝光）层之上，另一层则夹在中间的PMMA层与顶部的R-DFB（红光）层之间。其次，考虑到有机分布式反馈激光器的制造需要高精度的纳米刻蚀光栅，这种物理位置的选择暗示了其保护意图，即通过覆盖一层不掺杂的UV树脂，可以有效地为下层精细的光栅结构提供物理加固和化学屏障，防止在后续沉积PMMA或旋涂其他功能层时，由于溶剂接触或机械应力对已形成的纳米光栅造成损伤。然后，从器件的集成逻辑来看，这种垂直堆叠结构需要解决不同波长光场之间的独立性问题，通过引入UV树脂和PMMA作为中间的隔离介质，实际上在空间上定义了两个物理分离的谐振腔。因此，由于每一层DFB活跃层都拥有其特定的光栅周期且被有效隔离，这种设计便能够在同一垂直轴线上独立构建出蓝光和红光的受激辐射反馈机制，从而实现双波长激光的垂直集成发射而互不干扰。'}"
./images/img_in_image_box_404_447_1128_933.jpg,diagram,1.0,图 1 基于 mini-led 和量子点膜的直下式背光 lcd 结构示意图,,"常见的背光结构主要有侧入式及直下式两种,而应用mini-led的背光往往属于直下式背光,其与量子点色彩增强膜相结合的具体结构如图1所示。背光模组中的mini-led灯板位于结构的最下方,其上放置光学功能膜片,包括扩散板、量子点膜及棱镜膜等。工作时,mini-led发出的蓝光经过扩散板的匀化及量子点膜的色彩转换后,形成均匀的白光面光源,再经由液晶模组的处理形成可视图像。lcd 使用背光模组为液晶模块供光,通过调节液晶层的光线透过率来控制最终显示画面的明暗。为达到更好的显示效果,背光模组需满足高亮度、高均匀性、广色域、可局部调光等要求。
量子点扩散板属于粒子散射型扩散板,具备散射光线的特性。通常量子点扩散板以pmma及ps等聚合物作为基体,通过熔融挤出工艺制备,量子点均匀地分散其中。与量子点膜相比,量子点扩散板省去了昂贵的阻隔膜,聚合物基体有助于减少量子点团聚现象,进一步提升量子点的稳定性。量子点扩散板背光结构如图9所示,从上至下包括棱镜膜、量子点扩散板、蓝光mini-led阵列等。对比图1与图9可知,量子点扩散板产生亮度均匀白光的基本工作原理与量子点膜类似 $ ^{[78]} $ ,都具有优秀的色彩表现力。量子点扩散板将量子点膜与扩散板合二为一,兼具色转换及散射特性，简化了背光结构。因此，在大中型尺寸电视的制造中，量子点扩散板相较于量子点膜结构更具优势。当前用于扩散板中的量子点多为ii-vi族半导体量子点，近来钙钛矿量子点由于合成简单、宽色域、光谱可调等优点，在显示领域的研究受到追捧 $ ^{[89,91]} $ 。但其稳定性同样是限制它应用的难题之一。目前，已证明通过配体修饰 $ ^{[92-94]} $ 、离子掺杂 $ ^{[95-96]} $ 、包覆 $ ^{[97-100]} $ 等手段可有效改善其稳定性。其中，包覆的方案可以很好地解决稳定性的问题。由于玻璃和聚合物的结构致密，常将钙钛矿量子点嵌入其中使之与环境隔离，提高量子点稳定性，并且由于聚合物具有良好透光性，对量子点光学性能影响较小。2022年，zhou 等人通过乙烯-醋酸乙烯酯(ethylene vinyl acetate, eva)薄膜涂覆策略制备了 $ cspbx_{3} $ 复合膜，改善了量子点的水氧稳定性并具有优良的背光性能 $ ^{[101]} $ 。chen 等人选用具有较好热稳定性的mn基钙钛矿量子点，并将其封装在ps中制成薄膜来提高量子点对环境因素的耐受性 $ ^{[102]} $ 。lin 的课题组通过控制成核/生长过程，在硼硅酸盐玻璃中沉淀了 $ cspbbr_{3} $ 量子点，制备了 $ cspbbr_{3}@glass@pdms $ 薄膜，得益于玻璃与聚合物的双重保护，复合膜经受高温高湿的老化实验后，仍具有优异的背光色彩表现 $ ^{[103-104]} $ 。chen 等人采用原位超声喷涂法制备了 $ cspbbr_{3}@pmma $ 复合膜，该膜具有宽色域、高色准度及稳定的环境存储性能，可应用于lcd背光显示 $ ^{[87]} $ 。另外，yang 等人在 $ cspbbr_{3} $ 钙钛矿量子点玻璃中掺入mgo，制备了高色域的背光转换膜。通过控制mgo的含量，可实现在522~533 nm的窄范围波长可调。mgo的加入增强了钙钛矿量子点的光学特性与稳定性 $ ^{[105]} $ 。总之，针对钙钛矿水氧稳定性弱的问题，已开展了大量研究。在不断的性能优化下，钙钛矿量子点在背光显示中展现出巨大应用前景。与聚合物结合后，钙钛矿量子点在扩散板中的应用值得被进一步探索。","['常见的背光结构主要有侧入式及直下式两种,而应用mini-led的背光往往属于直下式背光,其与量子点色彩增强膜相结合的具体结构如图1所示。背光模组中的mini-led灯板位于结构的最下方,其上放置光学功能膜片,包括扩散板、量子点膜及棱镜膜等。工作时,mini-led发出的蓝光经过扩散板的匀化及量子点膜的色彩转换后,形成均匀的白光面光源,再经由液晶模组的处理形成可视图像。lcd 使用背光模组为液晶模块供光,通过调节液晶层的光线透过率来控制最终显示画面的明暗。为达到更好的显示效果,背光模组需满足高亮度、高均匀性、广色域、可局部调光等要求。', '量子点扩散板属于粒子散射型扩散板,具备散射光线的特性。通常量子点扩散板以pmma及ps等聚合物作为基体,通过熔融挤出工艺制备,量子点均匀地分散其中。与量子点膜相比,量子点扩散板省去了昂贵的阻隔膜,聚合物基体有助于减少量子点团聚现象,进一步提升量子点的稳定性。量子点扩散板背光结构如图9所示,从上至下包括棱镜膜、量子点扩散板、蓝光mini-led阵列等。对比图1与图9可知,量子点扩散板产生亮度均匀白光的基本工作原理与量子点膜类似 $ ^{[78]} $ ,都具有优秀的色彩表现力。量子点扩散板将量子点膜与扩散板合二为一,兼具色转换及散射特性，简化了背光结构。因此，在大中型尺寸电视的制造中，量子点扩散板相较于量子点膜结构更具优势。当前用于扩散板中的量子点多为ii-vi族半导体量子点，近来钙钛矿量子点由于合成简单、宽色域、光谱可调等优点，在显示领域的研究受到追捧 $ ^{[89,91]} $ 。但其稳定性同样是限制它应用的难题之一。目前，已证明通过配体修饰 $ ^{[92-94]} $ 、离子掺杂 $ ^{[95-96]} $ 、包覆 $ ^{[97-100]} $ 等手段可有效改善其稳定性。其中，包覆的方案可以很好地解决稳定性的问题。由于玻璃和聚合物的结构致密，常将钙钛矿量子点嵌入其中使之与环境隔离，提高量子点稳定性，并且由于聚合物具有良好透光性，对量子点光学性能影响较小。2022年，zhou 等人通过乙烯-醋酸乙烯酯(ethylene vinyl acetate, eva)薄膜涂覆策略制备了 $ cspbx_{3} $ 复合膜，改善了量子点的水氧稳定性并具有优良的背光性能 $ ^{[101]} $ 。chen 等人选用具有较好热稳定性的mn基钙钛矿量子点，并将其封装在ps中制成薄膜来提高量子点对环境因素的耐受性 $ ^{[102]} $ 。lin 的课题组通过控制成核/生长过程，在硼硅酸盐玻璃中沉淀了 $ cspbbr_{3} $ 量子点，制备了 $ cspbbr_{3}@glass@pdms $ 薄膜，得益于玻璃与聚合物的双重保护，复合膜经受高温高湿的老化实验后，仍具有优异的背光色彩表现 $ ^{[103-104]} $ 。chen 等人采用原位超声喷涂法制备了 $ cspbbr_{3}@pmma $ 复合膜，该膜具有宽色域、高色准度及稳定的环境存储性能，可应用于lcd背光显示 $ ^{[87]} $ 。另外，yang 等人在 $ cspbbr_{3} $ 钙钛矿量子点玻璃中掺入mgo，制备了高色域的背光转换膜。通过控制mgo的含量，可实现在522~533 nm的窄范围波长可调。mgo的加入增强了钙钛矿量子点的光学特性与稳定性 $ ^{[105]} $ 。总之，针对钙钛矿水氧稳定性弱的问题，已开展了大量研究。在不断的性能优化下，钙钛矿量子点在背光显示中展现出巨大应用前景。与聚合物结合后，钙钛矿量子点在扩散板中的应用值得被进一步探索。']","{
  ""diagrams"": [
    {
      ""id"": ""sub_diagram_1"",
      ""domain"": ""Display Technology"",
      ""summary"": ""Cross-sectional view of a Mini-LED backlight module and LCD module stack, showing light propagation through each layer."",
      ""entities"": [
        {
          ""id"": ""e1"",
          ""label"": ""Mini-LED"",
          ""type"": ""Light Source"",
          ""location"": ""bottom layer""
        },
        {
          ""id"": ""e2"",
          ""label"": ""扩散板"",
          ""type"": ""Diffuser Plate"",
          ""location"": ""layer above Mini-LED""
        },
        {
          ""id"": ""e3"",
          ""label"": ""量子点膜"",
          ""type"": ""Quantum Dot Film"",
          ""location"": ""layer above Diffuser Plate""
        },
        {
          ""id"": ""e4"",
          ""label"": ""棱镜膜"",
          ""type"": ""Prism Film"",
          ""location"": ""layer above Quantum Dot Film""
        },
        {
          ""id"": ""e5"",
          ""label"": ""液晶模组"",
          ""type"": ""LCD Module"",
          ""location"": ""top layer""
        },
        {
          ""id"": ""e6"",
          ""label"": ""背光模组"",
          ""type"": ""Backlight Module"",
          ""location"": ""right side label""
        }
      ],
      ""relations"": [
        {
          ""source"": ""e1"",
          ""target"": ""e2"",
          ""type"": ""light_emits_to"",
          ""details"": ""Mini-LED emits light upward toward the diffuser plate.""
        },
        {
          ""source"": ""e2"",
          ""target"": ""e3"",
          ""type"": ""light_transmits_to"",
          ""details"": ""Diffuser plate transmits light to the quantum dot film.""
        },
        {
          ""source"": ""e3"",
          ""target"": ""e4"",
          ""type"": ""light_transmits_to"",
          ""details"": ""Quantum dot film transmits light to the prism film.""
        },
        {
          ""source"": ""e4"",
          ""target"": ""e5"",
          ""type"": ""light_transmits_to"",
          ""details"": ""Prism film directs light toward the LCD module.""
        },
        {
          ""source"": ""e6"",
          ""target"": ""e1"",
          ""type"": ""contains"",
          ""details"": ""Backlight module contains the Mini-LED layer.""
        },
        {
          ""source"": ""e6"",
          ""target"": ""e2"",
          ""type"": ""contains"",
          ""details"": ""Backlight module contains the diffuser plate.""
        },
        {
          ""source"": ""e6"",
          ""target"": ""e3"",
          ""type"": ""contains"",
          ""details"": ""Backlight module contains the quantum dot film.""
        },
        {
          ""source"": ""e6"",
          ""target"": ""e4"",
          ""type"": ""contains"",
          ""details"": ""Backlight module contains the prism film.""
        },
        {
          ""source"": ""e6"",
          ""target"": ""e5"",
          ""type"": ""contains"",
          ""details"": ""Backlight module contains the LCD module.""
        }
      ]
    }
  ]
}",材料 (Materials)/量子 (Quantum)/量子点膜 (QDEF),0.9,有机发光二极管显示(OLED)/OLED材料科学/平板显示/液晶显示用量子点扩散板的研究进展,"The path explicitly identifies the research focus as quantum dot diffusion plates for LCDs, which aligns directly with QDEF materials in the context of LCD display technology.",,,23,['Mini-LED'],图片展示了应用Mini - LED的直下式背光结构，从下到上依次为Mini - LED（背光光源）、扩散板、量子点膜、棱镜膜及液晶模组，与文本中描述的图1（mini - led背光结合量子点膜的结构）对应，核心光源为Mini - LED。,"{'generated_question': '量子点扩散板相较于量子点膜在直下式背光LCD的结构应用中具有哪些优势？', 'generated_answer': '量子点扩散板相较于量子点膜的优势包括：1. 省去了昂贵的阻隔膜；2. 聚合物基体有助于减少量子点团聚现象，提升量子点的稳定性；3. 将量子点膜与扩散板合二为一，兼具色转换及散射特性，简化了背光结构；4. 在大中型尺寸电视的制造中更具优势。', 'qa_reasoning': None}",,在图 1 所示的基于 Mini-LED 和量子点膜的直下式背光结构中，请结合图示光路变化和文字说明，阐述量子点膜（QD film）在背光模组中的核心作用。此外，若将该结构中的量子点膜与扩散板替换为“量子点扩散板（QD diffuser）”，这种设计在大中型尺寸电视制造中具有哪些主要的技术与结构优势？,1. 量子点膜的核心作用：量子点膜位于扩散板之上、棱镜膜之下，其核心作用是色彩转换。根据图 1 的光路箭头，底层 Mini-LED 发出的是蓝光，经过扩散板匀化后仍为蓝光，但在穿过量子点膜后，光线颜色由蓝变白，转化为高均匀性的白光面光源，为液晶模组提供广色域的基础光。2. 量子点扩散板的优势：相比于图 1 中量子点膜与扩散板分离的结构，量子点扩散板具有以下优势：① 结构简化：它将色转换功能与光散射特性合二为一，减少了组件数量；② 成本降低：省去了量子点膜中昂贵的阻隔膜；③ 稳定性提升：聚合物基体有助于减少量子点团聚，增强稳定性；④ 制造优势：在大中型电视制造中，其工艺集成度更高，更具成本和性能的竞争力。,,"{'is_qualified': False, 'issues': ['原文信息严重不足：原文（Source Text）仅提供了一个标题，没有包含【问题】和【解答】中涉及的蓝光激发、色彩转换原理、阻隔膜（barrier film）、聚合物基体、量子点团聚等核心技术信息，导致回答内容与原文脱节。', '关键图示缺失：【问题】和【解答过程】多次明确引用‘图 1’及其中的‘光路箭头颜色演变’，但输入内容中并未提供该图，导致逻辑链条无法在给定材料中闭环。', '解答过程虽然在技术常识上是准确的，但属于‘凭空产生’的信息。作为基于特定原文的质量检查，这种信息差被视为质量不合格，因为无法从提供的参考材料中核实这些详细推论。'], 'thought_process': '首先，通过观察图 1 的物理层级结构，可以清晰地识别出各组件的排列顺序，量子点膜被精确地安置在扩散板之上与棱镜膜之下，这暗示了它在光路传播中承载着承上启下的转换职能。其次，结合光路箭头的颜色演变进行深度分析，底层 Mini-LED 阵列作为激发源发出的是高能蓝光，这些蓝光在通过扩散板时仅完成了空间分布的匀化，颜色并未改变，但当光线穿过量子点膜后，箭头颜色发生了显著变化，这推导出量子点膜的核心作用是色彩转换，即将蓝光转化为高均匀性的白光，为后续的液晶模组成像提供广色域的优质底色。然后，针对将量子点膜与扩散板整合为“量子点扩散板”的方案，从结构逻辑上推断，这种二合一的设计直接消除了组件间的空隙并减少了膜层叠加，实现了结构的显著简化。在此基础上进一步思考材料特性，传统的量子点膜为了保护量子点不被氧化，必须使用昂贵的阻隔膜，而量子点扩散板将量子点直接包裹在坚固的聚合物基体中，不仅省去了阻隔膜的成本，还利用基体的物理隔离防止了量子点团聚，从而增强了材料的稳定性。最后，考虑到大中型尺寸电视在组装效率和成本控制上的严苛要求，这种集成化组件由于减少了精密贴合的步骤且更易于机械化操作，其工艺集成优势在规模化制造中愈发凸显，因此可以得出量子点扩散板在大中型背光模组中具有结构、成本、稳定性及制造工艺等多维度的技术优势。'}"
./images/img_in_image_box_737_492_1743_1087.jpg,diagram,1.0,图 1.4 有机电致发光器件结构示意图,,在 1987 年，美国的 kodak(柯达)公司的 c.w. tang 在实验中第一次制备出了多层有机薄膜器。这种多层有机薄膜器具有 “三明治” 结构，即：有机层夹在两电极中间。有机电致发光器件结构示意图如图 1.4 所示。该有机电致发光器件的阳极的材料为铟锡氧化物(ito)，阴极材料为具有电离势能较低的金属，其主要的作用是产生电子。而中间有机层可以是一种或多种有机材料。有机电致发光器件经历了多年的发展，从单层器件到结构复杂的器件，有机电致发光器件在性能提升方面取得了巨大的进步。,['在 1987 年，美国的 kodak(柯达)公司的 c.w. tang 在实验中第一次制备出了多层有机薄膜器。这种多层有机薄膜器具有 “三明治” 结构，即：有机层夹在两电极中间。有机电致发光器件结构示意图如图 1.4 所示。该有机电致发光器件的阳极的材料为铟锡氧化物(ito)，阴极材料为具有电离势能较低的金属，其主要的作用是产生电子。而中间有机层可以是一种或多种有机材料。有机电致发光器件经历了多年的发展，从单层器件到结构复杂的器件，有机电致发光器件在性能提升方面取得了巨大的进步。'],"{
  ""diagrams"": [
    {
      ""id"": ""sub_diagram_1"",
      ""domain"": ""Organic Electronics / OLED Structure"",
      ""summary"": ""Cross-sectional view of an organic light-emitting diode (OLED) structure with labeled layers and electrodes."",
      ""entities"": [
        {
          ""id"": ""e1"",
          ""label"": ""Substrate"",
          ""type"": ""Material Layer"",
          ""location"": ""bottom""
        },
        {
          ""id"": ""e2"",
          ""label"": ""Anode"",
          ""type"": ""Electrode"",
          ""location"": ""bottom layer, top surface""
        },
        {
          ""id"": ""e3"",
          ""label"": ""Hole injection layer"",
          ""type"": ""Material Layer"",
          ""location"": ""above anode""
        },
        {
          ""id"": ""e4"",
          ""label"": ""Hole transport layer"",
          ""type"": ""Material Layer"",
          ""location"": ""above hole injection layer""
        },
        {
          ""id"": ""e5"",
          ""label"": ""Emitter layer"",
          ""type"": ""Material Layer"",
          ""location"": ""above hole transport layer""
        },
        {
          ""id"": ""e6"",
          ""label"": ""Electron injection layer"",
          ""type"": ""Material Layer"",
          ""location"": ""above emitter layer""
        },
        {
          ""id"": ""e7"",
          ""label"": ""Cathode"",
          ""type"": ""Electrode"",
          ""location"": ""top layer""
        },
        {
          ""id"": ""e8"",
          ""label"": ""U+"",
          ""type"": ""Voltage Terminal"",
          ""location"": ""left side, connected to anode""
        },
        {
          ""id"": ""e9"",
          ""label"": ""U-"",
          ""type"": ""Voltage Terminal"",
          ""location"": ""left side, connected to cathode""
        }
      ],
      ""relations"": [
        {
          ""source"": ""e1"",
          ""target"": ""e2"",
          ""type"": ""layer_on"",
          ""details"": ""Substrate supports the anode""
        },
        {
          ""source"": ""e2"",
          ""target"": ""e3"",
          ""type"": ""layer_on"",
          ""details"": ""Anode is below the hole injection layer""
        },
        {
          ""source"": ""e3"",
          ""target"": ""e4"",
          ""type"": ""layer_on"",
          ""details"": ""Hole injection layer is below the hole transport layer""
        },
        {
          ""source"": ""e4"",
          ""target"": ""e5"",
          ""type"": ""layer_on"",
          ""details"": ""Hole transport layer is below the emitter layer""
        },
        {
          ""source"": ""e5"",
          ""target"": ""e6"",
          ""type"": ""layer_on"",
          ""details"": ""Emitter layer is below the electron injection layer""
        },
        {
          ""source"": ""e6"",
          ""target"": ""e7"",
          ""type"": ""layer_on"",
          ""details"": ""Electron injection layer is below the cathode""
        },
        {
          ""source"": ""e8"",
          ""target"": ""e2"",
          ""type"": ""electrical_connection"",
          ""details"": ""Positive voltage applied to anode""
        },
        {
          ""source"": ""e9"",
          ""target"": ""e7"",
          ""type"": ""electrical_connection"",
          ""details"": ""Negative voltage applied to cathode""
        }
      ]
    }
  ]
}",材料 (Materials)/有机 (Organic)/OLED发光材料 (Emitters),0.95,有机发光二极管显示(OLED)/OLED材料科学/平板显示/树枝状蓝色发光材料的合成及性能研究,"The path explicitly identifies the research focus as dendritic blue light-emitting materials for OLEDs, and the abstract confirms the synthesis and characterization of such materials.",,,15,['有机电致发光器件'],图片为有机电致发光器件的结构示意图，展示了阳极、阴极、有机层等结构，与文本中对该器件“三明治”结构（有机层夹在两电极中间）的描述对应，文本围绕其制备、结构及发展展开。,"{'generated_question': '有机电致发光器件的阳极材料是什么？', 'generated_answer': '有机电致发光器件的阳极材料为铟锡氧化物（ITO）。', 'qa_reasoning': None}",,在如图所示的有机电致发光器件（OLED）结构示意图中，请详细说明该器件从阳极（Anode）到阴极（Cathode）之间所包含的所有有机功能层的排列顺序，并根据提供的技术资料指出其阳极的具体材料组成及其阴极材料的核心功能要求。,根据示意图及相关文字描述，该有机电致发光器件采用“三明治”结构。从阳极（Anode）到阴极（Cathode）之间的有机功能层排列顺序依次为：空穴注入层（Hole injection layer）、空穴传输层（Hole transport layer）、发光层（Emitter layer）以及电子注入层（Electron injection layer）。在材料特性方面，该器件的阳极材料为铟锡氧化物（ITO）；阴极则要求使用具有较低电离势能的金属，其核心功能是产生电子。,,"{'is_qualified': False, 'issues': ['原文内容缺失：【原文】中仅包含标题“有机电致发光器件结构示意图”，并未提供具体示意图、技术参数或文字描述。而【问题】和【解答】中涉及了大量具体的物理层级（HIL, HTL, EML, EIL）、材料（ITO）及物理特性（低电离势能），这些信息在原文中完全没有体现，属于脱离材料的凭空回答。', '专业性错误（层级缺失）：在标准的有机电致发光器件（OLED）结构中，通常在发光层（EML）和电子注入层（EIL）之间还存在电子传输层（ETL）。【解答】和【标准答案】中均遗漏了该层，但在描述中却声称是“所有有机功能层的排列顺序”，存在信息不全的问题。', '逻辑推导矛盾：【解答过程】中提到“观察给出的...示意图”、“识别图中的电极标注”，但实际上输入中并没有图片，这种描述与实际提供的输入材料不符。'], 'thought_process': '首先，观察给出的有机电致发光器件（OLED）结构示意图，可以清晰地看到器件是由底层基板向上逐层堆叠而成的典型“三明治”结构。其次，通过识别图中的电极标注，发现阳极（Anode）位于底部，阴极（Cathode）位于顶部，顺着电流从阳极流向阴极的逻辑方向，依次读取中间各功能层的标签，可以确认层级顺序为：最靠近阳极的是空穴注入层（Hole injection layer），随后是空穴传输层（Hole transport layer），紧接着是发生辐射复合的发光层（Emitter layer），而最靠近阴极的则是电子注入层（Electron injection layer）。然后，结合显示技术常识与图中阳极的半透明外观特征，推断出其阳极通常采用具有高功函数且高透光率的铟锡氧化物（ITO）材料。最后，分析阴极在器件运行中的物理作用，其作为负极必须能够容易地向有机层发射电子，因此在材料选择上必然要求使用低功函数（即低电离势能）的金属，以此实现产生并高效注入电子的核心功能，至此完整还原了器件的结构顺序与材料特性要求。'}"
./images/img_in_image_box_529_2119_1974_2835.jpg,diagram,0.99,图 2-8 供水系统设计视图,,供水系统主要是将过滤后的超纯水经过高压泵的加压后输送到毛刷刷洗位、研磨清洗位及磨后冲洗位；供气系统主要为风刀提供清洁、充足的气源，以使研磨清洗后的液晶玻璃能够快速风干。图 2-8 所示为供水、供气系统设计视图。,['供水系统主要是将过滤后的超纯水经过高压泵的加压后输送到毛刷刷洗位、研磨清洗位及磨后冲洗位；供气系统主要为风刀提供清洁、充足的气源，以使研磨清洗后的液晶玻璃能够快速风干。图 2-8 所示为供水、供气系统设计视图。'],"{
  ""diagrams"": [
    {
      ""id"": ""sub_diagram_1"",
      ""domain"": ""Piping and Instrumentation Diagram"",
      ""summary"": ""A complex industrial piping system with pumps, valves, and control units."",
      ""entities"": [
        {
          ""id"": ""e1"",
          ""label"": ""泵"",
          ""type"": ""Pump"",
          ""value"": ""Blue motor-driven pump"",
          ""location"": ""center-right""
        },
        {
          ""id"": ""e2"",
          ""label"": ""阀门"",
          ""type"": ""Valve"",
          ""value"": ""Red-handled valve"",
          ""location"": ""top-left""
        },
        {
          ""id"": ""e3"",
          ""label"": ""控制箱"",
          ""type"": ""Control Box"",
          ""value"": ""Gray box with two transparent windows"",
          ""location"": ""left-center""
        },
        {
          ""id"": ""e4"",
          ""label"": ""管道"",
          ""type"": ""Pipe"",
          ""value"": ""White PVC or similar piping"",
          ""location"": ""entire diagram""
        },
        {
          ""id"": ""e5"",
          ""label"": ""仪表"",
          ""type"": ""Instrument"",
          ""value"": ""Gray cylindrical device with display"",
          ""location"": ""right-center""
        },
        {
          ""id"": ""e6"",
          ""label"": ""压力表"",
          ""type"": ""Pressure Gauge"",
          ""value"": ""Blue indicator"",
          ""location"": ""bottom-right""
        }
      ],
      ""relations"": [
        {
          ""source"": ""e1"",
          ""target"": ""e4"",
          ""type"": ""connected_to"",
          ""details"": ""Pump connected to multiple pipes via flanges""
        },
        {
          ""source"": ""e2"",
          ""target"": ""e4"",
          ""type"": ""connected_to"",
          ""details"": ""Valve installed on a pipe branch""
        },
        {
          ""source"": ""e3"",
          ""target"": ""e4"",
          ""type"": ""connected_to"",
          ""details"": ""Control box connected to piping system via conduits""
        },
        {
          ""source"": ""e5"",
          ""target"": ""e4"",
          ""type"": ""connected_to"",
          ""details"": ""Instrument mounted on a pipe with sensor connection""
        },
        {
          ""source"": ""e6"",
          ""target"": ""e4"",
          ""type"": ""connected_to"",
          ""details"": ""Pressure gauge attached to a pipe end""
        }
      ]
    }
  ]
}",器件 (Devices)/形态 (Forms)/平板显示,0.9,有机发光二极管显示(OLED)/OLED材料科学/平板显示/新型全自动偏光片贴附机的研制,"The path explicitly places the research within the 'flat panel display' category, and the title mentions a machine for attaching polarizing films, which is a key process in flat panel display manufacturing.",,,30,['供水系统'],图片展示了包含管道、泵、阀门等设备的系统设计视图，与文本中描述的供水系统（含高压泵、输送管道）和供气系统的设计视图相符，图中可见的泵、管道等设备对应供水系统的加压输送结构（如高压泵、输送超纯水的管道），因此提取该关键词。,"{'generated_question': '在图2-8的供水系统中，经高压泵加压后的超纯水被输送至哪些工位？', 'generated_answer': '经高压泵加压后的超纯水被输送至毛刷刷洗位、研磨清洗位及磨后冲洗位。', 'qa_reasoning': None}",,在液晶玻璃加工的供水系统中，结合图 2-8 的设计视图，请辨识图中青蓝色组件的功能，并结合文字说明分析该系统是如何实现超纯水在不同清洗工位（如毛刷刷洗位、研磨清洗位等）的压力传输与分配的？,图 2-8 中的青蓝色组件为高压泵及其驱动电机组。该组件的核心功能是为过滤后的超纯水（UPW）提供动能和压力。在运作机制上，超纯水首先经过前端过滤，随后进入该高压泵进行加压。加压后的水流进入复杂的白色及灰色管路系统，通过图中可见的多个红色手柄球阀和分支接头，实现流量的受控分配。根据系统设计，这些加压水流最终被定向输送到毛刷刷洗位、研磨清洗位及磨后冲洗位，以满足液晶玻璃表面清洗所需的冲击力和洁净度要求。,,"{'is_qualified': False, 'issues': ['【原文】内容严重缺失：原文仅包含“供水系统设计视图”这一标题，未提供任何关于“图 2-8”、组件颜色、高压泵、电机、球阀或具体工位（毛刷刷洗、研磨等）的文字描述或图像信息。', '信息来源不一致：【回答】中描述了极其详尽的物理特征（散热鳍片、红色手柄、青蓝色组件等）和工艺流程，这些内容在提供的【原文】中完全没有体现，无法判断其准确性，且与原文存在严重的信息断层。', '问题不可校验：【问题】要求结合“图 2-8”和“文字说明”分析，但在输入资料中未包含该图示和对应的文字背景，导致该 QA 对作为质量检查对象是不完整的。'], 'thought_process': '首先，观察图 2-8 中设备的物理形态与装配关系，位于系统核心区域的青蓝色组件具有明显的工业动力特征，其带有散热鳍片的圆柱形结构是典型的电机标志，而与之相连的圆弧形前端则是典型的流体机械结构，由此可以判定该组件为高压泵及其驱动电机组。其次，结合液晶玻璃加工对超纯水（UPW）使用环境的要求，系统必须提供足够的物理压力以实现有效的表面冲刷，因此该组件的核心功能被确定为给过滤后的超纯水提供动能与压力，使其具备清洗所需的冲击力。然后，进一步追踪管路走向可以发现，超纯水在前端滤芯完成杂质去除后进入该泵组加压，随后流向由白色和灰色材料构成的复杂管路网，此时图中密布的红色手柄球阀和分支接头起到了关键的调控作用，能够根据不同工位的需求对高压水流进行开关控制和流量分配。因此，基于这一流体路径的推导，可以得出该系统通过高压泵的机械加压，配合球阀组的逻辑分配，最终将满足压力要求的超纯水定向传输至毛刷刷洗位、研磨清洗位及磨后冲洗位，从而在工艺流程上实现了对液晶玻璃表面洁净度的严苛保障。'}"
./images/img_in_image_box_1078_1745_1770_2030.jpg,diagram,0.98,fig.4.3 schematic diagrams of mis structure (a) and mim structure (b) with pmma as gate dielectric,(b),最后用带有圆孔的掩膜板放在 pmma 薄膜上，用热蒸发台淀积铝电极。这样就完成了 mis 和 mim 两种结构器件的制备，其结构图如图 4.3(a) 和 (b)：此外还制备了没有金属电极的 pmma/ito 玻璃结构，用来研究其光学透射特性。,['最后用带有圆孔的掩膜板放在 pmma 薄膜上，用热蒸发台淀积铝电极。这样就完成了 mis 和 mim 两种结构器件的制备，其结构图如图 4.3(a) 和 (b)：此外还制备了没有金属电极的 pmma/ito 玻璃结构，用来研究其光学透射特性。'],"{
  ""diagrams"": [
    {
      ""id"": ""sub_diagram_1"",
      ""domain"": ""Material Layer Structure"",
      ""summary"": ""A cross-sectional view of a multi-layer material stack, likely for an electronic or optical device, showing layers of Glass, ITO, PMMA, and Al."",
      ""entities"": [
        {
          ""id"": ""e1"",
          ""label"": ""Glass"",
          ""type"": ""Material Layer"",
          ""location"": ""bottom layer""
        },
        {
          ""id"": ""e2"",
          ""label"": ""ITO"",
          ""type"": ""Material Layer"",
          ""location"": ""middle layer, above Glass""
        },
        {
          ""id"": ""e3"",
          ""label"": ""PMMA"",
          ""type"": ""Material Layer"",
          ""location"": ""above ITO""
        },
        {
          ""id"": ""e4"",
          ""label"": ""Al"",
          ""type"": ""Material Layer"",
          ""location"": ""top layer, on left side""
        },
        {
          ""id"": ""e5"",
          ""label"": ""Al"",
          ""type"": ""Material Layer"",
          ""location"": ""top layer, on right side""
        }
      ],
      ""relations"": [
        {
          ""source"": ""e1"",
          ""target"": ""e2"",
          ""type"": ""stacked_on"",
          ""details"": ""Glass is the base layer, directly under ITO.""
        },
        {
          ""source"": ""e2"",
          ""target"": ""e3"",
          ""type"": ""stacked_on"",
          ""details"": ""ITO is directly under PMMA.""
        },
        {
          ""source"": ""e3"",
          ""target"": ""e4"",
          ""type"": ""stacked_on"",
          ""details"": ""PMMA is directly under the left Al layer.""
        },
        {
          ""source"": ""e3"",
          ""target"": ""e5"",
          ""type"": ""stacked_on"",
          ""details"": ""PMMA is directly under the right Al layer.""
        }
      ]
    }
  ]
}",材料 (Materials)/有机 (Organic)/OLED材料科学,0.95,有机发光二极管显示(OLED)/OLED材料科学/平板显示/旋涂法制备的PMMA薄膜的电学特性和光学特性的研究,"The path explicitly places the research within OLED material science, and the abstract focuses on PMMA as a dielectric material for OTFTs relevant to organic display technologies.",,,5,['MIS'],图片展示了多层器件结构，包含Glass（玻璃）、ITO、PMMA、Al（铝）电极等层，对应文本中制备的MIS/MIM结构器件（金属-绝缘层-功能层/金属结构），其中Al为电极、PMMA为绝缘层、ITO为功能层，与文本中器件制备的结构描述一致。,"{'generated_question': 'MIS结构（图4.3(a)）中的绝缘层（I层）采用的材料是什么？', 'generated_answer': 'MIS结构的绝缘层（I层）采用的材料是PMMA（聚甲基丙烯酸甲酯）。', 'qa_reasoning': None}",,根据图 4.3 的示意图及相关文字描述，请确定制备 MIS 和 MIM 结构所涉及的四种主要材料，并详细说明包含“栅绝缘层（gate dielectric）”的器件结构的垂直堆叠顺序。此外，指出该实验中顶部金属电极的具体淀积工艺及其所使用的辅助工具。,"1. 主要材料：铝 (Al)、聚甲基丙烯酸甲酯 (PMMA)、氧化铟锡 (ITO) 和玻璃 (Glass)。
2. 垂直堆叠顺序：包含栅绝缘层的结构从下至上依次为：玻璃衬底 / ITO 层 / PMMA 栅绝缘层 / 铝 (Al) 电极。
3. 淀积工艺：顶部铝电极是通过热蒸发（thermal evaporation）工艺淀积的。所使用的辅助工具是带有圆孔的掩膜板（mask）。",,"{'is_qualified': False, 'issues': ['原文支撑不足：提供的【原文】内容仅为一行简单的图注，完全没有提及玻璃衬底（Glass）、氧化铟锡（ITO）、金属铝（Al）、热蒸发工艺（thermal evaporation）以及掩膜板（mask）等核心信息。回答中的大量细节在原文中找不到依据。', '关键材料缺失（不符合 MIS 定义）：题目要求确定制备 MIS（金属-绝缘体-半导体）和 MIM 结构所需的材料。然而，回答中列出的材料（铝、PMMA、ITO、玻璃）仅能构成 MIM 结构或 MIS 的电极部分，完全缺失了 MIS 结构中至关重要的‘半导体（Semiconductor）’材料。', '准确性问题：由于缺少半导体材料，回答中所描述的垂直堆叠顺序‘玻璃/ITO/PMMA/铝’实际上是一个 MIM（金属-绝缘体-金属）结构，并没有准确反映出 MIS 结构的完整层级。', '逻辑冲突：解答过程声称‘通过观察示意图中的标注信息’，但【原文】中并未提供图 4.3 的示意图，导致判定过程缺乏事实基础。'], 'thought_process': '首先，通过观察示意图中的标注信息并结合实验背景，可以清晰地识别出制备 MIS 和 MIM 结构所需的四种关键材料，即作为支撑底座的玻璃（Glass）、作为透明导电层的氧化铟锡（ITO）、作为高分子栅绝缘层的聚甲基丙烯酸甲酯（PMMA）以及作为顶部电极的金属铝（Al）。其次，在明确了材料组成的基础上，通过分析器件的截面层级，可以推导出包含栅绝缘层的具体垂直堆叠顺序：最底层是玻璃衬底，其上覆盖着 ITO 层，接着是作为核心功能层的 PMMA 栅绝缘层，而最顶层则是金属铝电极。然后，考虑到实验室中金属薄膜的制备规范，顶部的铝电极需要通过物理气相沉积的方式固定在绝缘层上，结合工艺常识可以确定其采用了热蒸发（thermal evaporation）工艺进行淀积。最后，为了在淀积过程中形成图示中特定形状的电极，必须使用带有圆孔的掩膜板（mask）进行遮挡辅助。因此，通过上述逻辑还原，可以确定该实验的主要材料为铝、PMMA、ITO 和玻璃，其垂直堆叠顺序为玻璃衬底 / ITO 层 / PMMA 栅绝缘层 / 铝电极，且顶部电极是利用热蒸发工艺配合圆孔掩膜板制备而成的。'}"
./images/img_in_image_box_732_382_1691_1061.jpg,diagram,0.98,图 2.2 磁控溅射设备图,,本课题使用的溅射镀膜设备是国产 msib-6000 型超高真空磁控溅射/离子束溅射一体机，仪器如图 2.2 所示。该磁控溅射仪具有 3 个腔室，从图中标注可以看出，仪器从左到右分别为进样室、磁控溅射室和离子束溅射室，其组成主要分为溅射系统、抽气系统、供气系统、测量和控制系统以及冷却系统。,['本课题使用的溅射镀膜设备是国产 msib-6000 型超高真空磁控溅射/离子束溅射一体机，仪器如图 2.2 所示。该磁控溅射仪具有 3 个腔室，从图中标注可以看出，仪器从左到右分别为进样室、磁控溅射室和离子束溅射室，其组成主要分为溅射系统、抽气系统、供气系统、测量和控制系统以及冷却系统。'],"{
  ""diagrams"": [
    {
      ""id"": ""sub_diagram_1"",
      ""domain"": ""Scientific Instrumentation"",
      ""summary"": ""A laboratory setup for ion beam sputtering, including sample loading, magnetron sputtering, and ion beam sputtering chambers, with associated gas cylinders and control units."",
      ""entities"": [
        {
          ""id"": ""e1"",
          ""label"": ""进样室"",
          ""type"": ""Chamber"",
          ""text"": ""进样室"",
          ""location"": ""left side of the machine""
        },
        {
          ""id"": ""e2"",
          ""label"": ""磁控溅射室"",
          ""type"": ""Chamber"",
          ""text"": ""磁控溅射室"",
          ""location"": ""center of the machine""
        },
        {
          ""id"": ""e3"",
          ""label"": ""离子束溅射室"",
          ""type"": ""Chamber"",
          ""text"": ""离子束溅射室"",
          ""location"": ""right side of the machine""
        },
        {
          ""id"": ""e4"",
          ""label"": ""Gas Cylinders"",
          ""type"": ""Equipment"",
          ""text"": ""Three gas cylinders (black, blue, gray) with gauges"",
          ""location"": ""left side of the machine, behind the sample loading arm""
        },
        {
          ""id"": ""e5"",
          ""label"": ""Control Units"",
          ""type"": ""Equipment"",
          ""text"": ""Black control panels with displays and knobs"",
          ""location"": ""front of the machine""
        },
        {
          ""id"": ""e6"",
          ""label"": ""Cabinet"",
          ""type"": ""Equipment"",
          ""text"": ""Large gray cabinet with control interfaces"",
          ""location"": ""right side of the machine""
        },
        {
          ""id"": ""e7"",
          ""label"": ""Sample Loading Arm"",
          ""type"": ""Mechanism"",
          ""text"": ""Metal arm extending from the left side"",
          ""location"": ""left side of the machine""
        }
      ],
      ""relations"": [
        {
          ""source"": ""e1"",
          ""target"": ""e2"",
          ""type"": ""adjacent_to"",
          ""details"": ""The sample loading chamber is positioned to the left of the magnetron sputtering chamber.""
        },
        {
          ""source"": ""e2"",
          ""target"": ""e3"",
          ""type"": ""adjacent_to"",
          ""details"": ""The magnetron sputtering chamber is positioned to the left of the ion beam sputtering chamber.""
        },
        {
          ""source"": ""e4"",
          ""target"": ""e7"",
          ""type"": ""supplies_to"",
          ""details"": ""Gas cylinders are connected to the sample loading arm for sample preparation.""
        },
        {
          ""source"": ""e5"",
          ""target"": ""e2"",
          ""type"": ""controls"",
          ""details"": ""Control units manage the magnetron sputtering chamber.""
        },
        {
          ""source"": ""e6"",
          ""target"": ""e3"",
          ""type"": ""controls"",
          ""details"": ""The cabinet controls the ion beam sputtering chamber.""
        }
      ]
    }
  ]
}",器件 (Devices)/类型 (Types)/OLED (有机发光二极管),0.95,有机发光二极管显示(OLED)/OLED材料科学/平板显示/林德发展再创新高，为中国三大8．5代液晶面板显示器制造商提供全面气体解决方案,"The path explicitly includes 'OLED' and 'OLED材料科学', and the abstract focuses on ITO films for transparent conductive applications in OLED-related devices, confirming the OLED context despite the mention of silicon substrates.",,,35,['磁控溅射/离子束溅射一体机'],图片展示了国产msib-6000型超高真空磁控溅射/离子束溅射一体机的实物结构，标注有进样室、磁控溅射室、离子束溅射室，与文本中描述的设备（3个腔室、多系统组成）的结构特征完全对应，直观呈现了该溅射镀膜设备的腔室布局。,"{'generated_question': '本课题使用的msib-6000型磁控溅射/离子束溅射一体机有几个腔室，各腔室的名称及排列顺序是怎样的？', 'generated_answer': '该磁控溅射/离子束溅射一体机有3个腔室，从左到右的排列顺序及腔室名称依次为进样室、磁控溅射室、离子束溅射室。', 'qa_reasoning': None}",,根据提供的msib-6000型超高真空镀膜设备结构图，请详细说明该设备三个主要真空腔室的排列顺序及其各自的功能定位，并列举出维持该一体机正常运行的五个核心组成系统。,该msib-6000型设备共有三个主要腔室，从左至右的排列顺序依次为：进样室、磁控溅射室和离子束溅射室。在功能定位上，进样室用于样品的导入与预抽真空，磁控溅射室和离子束溅射室则分别承担磁控溅射和离子束溅射两种不同的薄膜沉积工艺。该一体机的正常运行依赖于以下五个核心系统：溅射系统、抽气系统（用于维持真空度）、供气系统（由图左侧气瓶组可见）、测量和控制系统（由图右侧及下方的控制柜体现）以及冷却系统。,,"{'is_qualified': False, 'issues': ['【原文】内容极度匮乏，仅包含“磁控溅射设备图”五个字，无法支撑【问题】和【回答】中提到的具体设备型号（msib-6000）、三个腔室的特定排列顺序（进样室、磁控溅射室、离子束溅射室）以及五个核心组成系统等详细信息。', '【回答】中的信息属于在没有原文事实依据的情况下凭空产生，不符合基于给定文本进行问答的质量要求。', '【问题】中引用的“msib-6000型”等具体细节在【原文】中完全没有体现，导致问题与原文脱节。'], 'thought_process': '首先，通过观察msib-6000型超高真空镀膜设备的实物图，可以根据标注的箭头位置直观地辨识出三个核心真空腔室。从图片左侧起始向右顺序观察，其物理排列顺序清晰地呈现为进样室、磁控溅射室，以及最右端的离子束溅射室。其次，基于真空薄膜沉积的通用工艺流程，可以推导出各腔室的功能定位：进样室位于最前端，主要作用是在不破坏主工艺室真空环境的前提下进行样品的导入，并完成初步的预抽真空工作，而随后的磁控溅射室和离子束溅射室则分别作为核心工艺区，承担磁控溅射和离子束溅射这两种不同的薄膜沉积任务。然后，为了确保这一精密一体化设备能够正常且稳定地运行，需要从其外部配套硬件反推其支撑系统：通过图中左侧明显可见的气瓶组，可以确认其具备供气系统；利用位于设备下方及右侧的大型控制柜和显示面板，可以判定其拥有完备的测量和控制系统；再结合真空镀膜的物理需求，必须存在维持高真空环境的抽气系统以及执行镀膜动作的溅射系统；最后考虑到溅射过程中靶材产生的高热量，冷却系统作为保障设备安全和工艺稳定的必要条件也必不可少。因此，综合空间排布、工艺原理和外部辅助设施的视觉线索，可以得出该设备不仅具备特定的腔室顺序与功能划分，更构建了一个由溅射、抽气、供气、测控及冷却五个核心子系统协同工作的完整体系。'}"
./images/img_in_image_box_617_229_1376_911.jpg,diagram,0.99,图5−1 器件结构与有机材料分子结构图,,"利用旋转涂敷和真空蒸发的技术制备了绿光foled和普通oled，器件结构分别为pet/ito/pvk:tpd/alq_{3}/ba/al（器件一）和玻璃/ito/pvk:tpd/alq_{3}/ba/al（器件二），光从附有ito导电膜的基底一侧输出，其中pvk:tpd作为空穴传输层，alq_{3}层作为发光层，金属al作为阴极。器件的结构及所用有机材料的分子结构式如图5-1所示。
图 5−2 是在直流电压驱动下器件的电致发光 el 谱。当电流密度增加时，器件的 el 谱强度也相应增大，但其最大发射波长  $ \lambda_{max} $  基本保持不变，约在 540nm 处，与  $ alq_{3} $  的特征发光峰基本相似，证明该器件的发光来自于  $ alq_{3} $  层。
当外加直流电压为 7v 时，foled 的电流密度为  $ 0.001a/cm^{2} $ ，此时已能明显地观察到发光现象；继续增加电压至 20v，器件稳定的发出明亮而稳定的绿光。从图 5-3 可以看出，foled 的开启电压约为 7v 左右。比普通 oled 的开启电压 (6v 左右) 略有增高。随着工作电压的升高，foled 的发光也越来越强，工作电压在 20v 时，亮度为  $ 1000cd/m^{2} $ 。普通 oled 的工作电压为 20v 时，亮度为  $ 1200cd/m^{2} $ 。
图 5−4 是器件的量子效率—电流密度特性曲线。从图可以看出，它们的量子效率—电流密度特性曲线的基本趋势相似，只是 foled 的量子效率略小于普通 oled 的量子效率。随着电流密度的增加，量子效率除初始阶段在很短时间内陡升到一定值后，便呈缓慢上升的趋势，甚至呈直线状态。说明对应于某一电流密度存在量子效率最大值，并且在此电流密度下电子和空穴复合成激子并转换为光子的几率也相应达到最大。从图可以看出，foled 在电流密度为  $ 0.20a/cm^{2} $  时，量子效率值达最大为 0.27%；普通 oled 在电流密度为  $ 0.20a/cm^{2} $  时，量子效率值达最大为 0.29%。同时可以看到，当电流密度从  $ 0.05a/cm^{2} $  增加到  $ 0.20a/cm^{2} $  时，量子效率值实际变化均很小，说明在这一电流密度变化区域内已基本达到稳定发光状态。","['利用旋转涂敷和真空蒸发的技术制备了绿光foled和普通oled，器件结构分别为pet/ito/pvk:tpd/alq_{3}/ba/al（器件一）和玻璃/ito/pvk:tpd/alq_{3}/ba/al（器件二），光从附有ito导电膜的基底一侧输出，其中pvk:tpd作为空穴传输层，alq_{3}层作为发光层，金属al作为阴极。器件的结构及所用有机材料的分子结构式如图5-1所示。', '图 5−2 是在直流电压驱动下器件的电致发光 el 谱。当电流密度增加时，器件的 el 谱强度也相应增大，但其最大发射波长  $ \\lambda_{max} $  基本保持不变，约在 540nm 处，与  $ alq_{3} $  的特征发光峰基本相似，证明该器件的发光来自于  $ alq_{3} $  层。', '当外加直流电压为 7v 时，foled 的电流密度为  $ 0.001a/cm^{2} $ ，此时已能明显地观察到发光现象；继续增加电压至 20v，器件稳定的发出明亮而稳定的绿光。从图 5-3 可以看出，foled 的开启电压约为 7v 左右。比普通 oled 的开启电压 (6v 左右) 略有增高。随着工作电压的升高，foled 的发光也越来越强，工作电压在 20v 时，亮度为  $ 1000cd/m^{2} $ 。普通 oled 的工作电压为 20v 时，亮度为  $ 1200cd/m^{2} $ 。', '图 5−4 是器件的量子效率—电流密度特性曲线。从图可以看出，它们的量子效率—电流密度特性曲线的基本趋势相似，只是 foled 的量子效率略小于普通 oled 的量子效率。随着电流密度的增加，量子效率除初始阶段在很短时间内陡升到一定值后，便呈缓慢上升的趋势，甚至呈直线状态。说明对应于某一电流密度存在量子效率最大值，并且在此电流密度下电子和空穴复合成激子并转换为光子的几率也相应达到最大。从图可以看出，foled 在电流密度为  $ 0.20a/cm^{2} $  时，量子效率值达最大为 0.27%；普通 oled 在电流密度为  $ 0.20a/cm^{2} $  时，量子效率值达最大为 0.29%。同时可以看到，当电流密度从  $ 0.05a/cm^{2} $  增加到  $ 0.20a/cm^{2} $  时，量子效率值实际变化均很小，说明在这一电流密度变化区域内已基本达到稳定发光状态。']","{
  ""diagrams"": [
    {
      ""id"": ""sub_diagram_1"",
      ""domain"": ""Organic Chemistry / Device Physics"",
      ""summary"": ""Cross-sectional diagram of an organic light-emitting diode (OLED) structure with layered components and an external power supply."",
      ""entities"": [
        {
          ""id"": ""e1"",
          ""label"": ""Ba/Al cathode"",
          ""type"": ""Electrode"",
          ""location"": ""top layer""
        },
        {
          ""id"": ""e2"",
          ""label"": ""Alq3"",
          ""type"": ""Organic Layer"",
          ""location"": ""second layer from top""
        },
        {
          ""id"": ""e3"",
          ""label"": ""PVK:TPD"",
          ""type"": ""Organic Layer"",
          ""location"": ""third layer from top""
        },
        {
          ""id"": ""e4"",
          ""label"": ""ITO anode"",
          ""type"": ""Electrode"",
          ""location"": ""fourth layer from top""
        },
        {
          ""id"": ""e5"",
          ""label"": ""substrate (PET or GLASS)"",
          ""type"": ""Substrate"",
          ""location"": ""bottom layer""
        },
        {
          ""id"": ""e6"",
          ""label"": ""Battery Symbol"",
          ""type"": ""Power Source"",
          ""location"": ""right side""
        }
      ],
      ""relations"": [
        {
          ""source"": ""e1"",
          ""target"": ""e2"",
          ""type"": ""stacked_on"",
          ""details"": ""Ba/Al cathode is stacked on top of Alq3 layer.""
        },
        {
          ""source"": ""e2"",
          ""target"": ""e3"",
          ""type"": ""stacked_on"",
          ""details"": ""Alq3 layer is stacked on top of PVK:TPD layer.""
        },
        {
          ""source"": ""e3"",
          ""target"": ""e4"",
          ""type"": ""stacked_on"",
          ""details"": ""PVK:TPD layer is stacked on top of ITO anode.""
        },
        {
          ""source"": ""e4"",
          ""target"": ""e5"",
          ""type"": ""stacked_on"",
          ""details"": ""ITO anode is stacked on top of substrate.""
        },
        {
          ""source"": ""e6"",
          ""target"": ""e1"",
          ""type"": ""power_connection"",
          ""details"": ""Battery connects to the cathode.""
        },
        {
          ""source"": ""e6"",
          ""target"": ""e4"",
          ""type"": ""power_connection"",
          ""details"": ""Battery connects to the anode.""
        }
      ]
    }
  ]
}",器件 (Devices)/类型 (Types)/OLED (有机发光二极管),1.0,有机发光二极管显示(OLED)/OLED材料科学/平板显示/柔性衬底有机电致发光器件性能研究,"The path explicitly identifies the research focus as OLED-related, specifically on flexible substrate organic electroluminescent devices, which directly corresponds to the OLED category.",,,33,['器件结构'],图片展示了绿光FOLED和普通OLED的层状器件结构，从下到上依次为基底（PET或玻璃）、ITO阳极、PVK:TPD空穴传输层、Alq₃发光层、Ba/Al阴极，与文本中描述的器件结构（PET/ITO/PVK:TPD/Alq₃/Ba/Al或玻璃/ITO/PVK:TPD/Alq₃/Ba/Al）完全对应，清晰呈现了各功能层（阳极、空穴传输层、发光层、阴极）及基底的组成。,"{'generated_question': 'FOLED（器件一）和普通OLED（器件二）的基底材料分别是什么？两者的基底材料有何不同？', 'generated_answer': 'FOLED（器件一）的基底材料为PET（聚对苯二甲酸乙二酯），普通OLED（器件二）的基底材料为玻璃。两者的基底材料不同，FOLED采用柔性的PET作为基底，普通OLED采用刚性的玻璃作为基底。', 'qa_reasoning': None}",,在采用 PET 和玻璃作为基底的绿光 OLED 器件（分别为 FOLED 和普通 OLED）对比实验中，请根据实验数据说明两者的开启电压差异，并指出两者达到最大量子效率时的电流密度及其对应的具体效率值。,根据实验数据，柔性器件（FOLED，PET基底）的开启电压约为 7V，略高于普通 OLED（玻璃基底）的 6V 开启电压。在量子效率表现上，两种器件达到最大量子效率时的电流密度均为 0.20 A/cm²。其中，FOLED 在该电流密度下的最大量子效率值为 0.27%，而普通 OLED 的最大量子效率值稍高，为 0.29%。,,"{'is_qualified': False, 'issues': ['原文信息严重缺失：提供的【原文】仅包含一行标题（“−1 器件结构与有机材料分子结构图”），完全没有提及回答中所涉及的开启电压（7V、6V）、电流密度（0.20 A/cm²）以及最大量子效率（0.27%、0.29%）等具体实验数据。', '回答与原文不符：由于原文中不存在任何具体的数值和实验分析，【解答过程】和【回答】中的数据属于凭空产生（或源于外部知识），不符合基于给定原文进行问答的质量要求。'], 'thought_process': '首先，通过对采用 PET 基底的柔性器件（FOLED）与玻璃基底的普通器件进行电学特性对比，可以观察到在电压驱动下两者电流起始增长的临界点存在差异，这反映了不同基底对载流子注入效率的影响，从而确定 FOLED 的开启电压约为 7V，略高于普通 OLED 的 6V。其次，在进一步分析器件的光电转化效率时，需要关注量子效率随电流密度变化的动态曲线，从实验数据中寻找效率曲线的峰值坐标，发现两种器件在达到性能顶峰时表现出了高度的同步性，其最大量子效率所对应的电流密度均为 0.20 A/cm²。然后，通过对该特定电流密度下的具体效率数值进行横向比对，可以发现由于玻璃基底在平整度或出光耦合效率上的微弱优势，其效率表现略优于柔性基底。因此，综合以上推导，可以得出最终结论：FOLED 的开启电压为 7V 且最大量子效率为 0.27%，而普通 OLED 的开启电压为 6V 且最大量子效率为 0.29%，两者的峰值电流密度一致。'}"
./images/img_in_image_box_120_750_953_1548.jpg,diagram,1.0,图 3 试样制备模拟图,,而形成螺距梯度是获得宽带反射式胆甾相液晶偏振片的有效手段。如何有效地将所获得的胆甾相液晶的螺距梯度固定下来则是获得具有理想反射波长和反射带宽反射式胆甾相偏振片的又一关键所在。本文通过具有不同反射波长的胆甾相环硅氧烷液晶层之间的分子扩散建立液晶基元的浓度梯度，取向后获得螺距梯度分布；通过玻璃化转变温度以下分子链段运动的迅速“冻结”固定所获得的螺距梯度分布，从而获宽带反射固体膜 $$ 7-9 $$ 。为进一步提高反射膜的热稳定性，本文通过玻璃化转变温度以下内含可光聚合单体聚合形成的网络结构进一步稳定液晶基元的分子排列结构，图2为聚合物网络结构的扫描电子显微镜照片。上述工艺的模拟图如图3所示。,['而形成螺距梯度是获得宽带反射式胆甾相液晶偏振片的有效手段。如何有效地将所获得的胆甾相液晶的螺距梯度固定下来则是获得具有理想反射波长和反射带宽反射式胆甾相偏振片的又一关键所在。本文通过具有不同反射波长的胆甾相环硅氧烷液晶层之间的分子扩散建立液晶基元的浓度梯度，取向后获得螺距梯度分布；通过玻璃化转变温度以下分子链段运动的迅速“冻结”固定所获得的螺距梯度分布，从而获宽带反射固体膜 $$ 7-9 $$ 。为进一步提高反射膜的热稳定性，本文通过玻璃化转变温度以下内含可光聚合单体聚合形成的网络结构进一步稳定液晶基元的分子排列结构，图2为聚合物网络结构的扫描电子显微镜照片。上述工艺的模拟图如图3所示。'],"{
  ""diagrams"": [
    {
      ""id"": ""sub_diagram_1"",
      ""domain"": ""Material Science / Crystallography"",
      ""summary"": ""Illustration of a multi-layered material structure undergoing cooling, rolling, and irradiation processes, showing changes in microstructure."",
      ""entities"": [
        {
          ""id"": ""e1"",
          ""label"": ""1st layer"",
          ""type"": ""Material Layer"",
          ""location"": ""top layer""
        },
        {
          ""id"": ""e2"",
          ""label"": ""2nd layer"",
          ""type"": ""Material Layer"",
          ""location"": ""middle layer""
        },
        {
          ""id"": ""e3"",
          ""label"": ""3rd layer"",
          ""type"": ""Material Layer"",
          ""location"": ""bottom layer""
        },
        {
          ""id"": ""e4"",
          ""label"": ""Cooling Rolling"",
          ""type"": ""Process"",
          ""location"": ""left side of bottom structure""
        },
        {
          ""id"": ""e5"",
          ""label"": ""Irradiation"",
          ""type"": ""Process"",
          ""location"": ""right side of bottom structure""
        },
        {
          ""id"": ""e6"",
          ""label"": ""Initial Microstructure"",
          ""type"": ""Material State"",
          ""location"": ""left bottom""
        },
        {
          ""id"": ""e7"",
          ""label"": ""Final Microstructure"",
          ""type"": ""Material State"",
          ""location"": ""right bottom""
        }
      ],
      ""relations"": [
        {
          ""source"": ""e1"",
          ""target"": ""e2"",
          ""type"": ""sequential_layer"",
          ""details"": ""1st layer above 2nd layer""
        },
        {
          ""source"": ""e2"",
          ""target"": ""e3"",
          ""type"": ""sequential_layer"",
          ""details"": ""2nd layer above 3rd layer""
        },
        {
          ""source"": ""e4"",
          ""target"": ""e6"",
          ""type"": ""applies_to"",
          ""details"": ""Cooling Rolling applied to Initial Microstructure""
        },
        {
          ""source"": ""e5"",
          ""target"": ""e7"",
          ""type"": ""applies_to"",
          ""details"": ""Irradiation applied to Final Microstructure""
        },
        {
          ""source"": ""e6"",
          ""target"": ""e7"",
          ""type"": ""transforms_via"",
          ""details"": ""Initial Microstructure transforms to Final Microstructure via Cooling Rolling and Irradiation""
        }
      ]
    }
  ]
}",材料 (Materials)/光膜 (Films)/偏光片 (Polarizer),0.9,有机发光二极管显示(OLED)/OLED材料科学/平板显示/性能稳定的反射式胆甾相宽带偏振片的研制,"The path explicitly identifies the research focus as a reflective cholesteric broadband polarizer for flat panel displays, which falls under polarizer materials.",,,8,['聚合物网络结构'],图片为工艺模拟图，展示了胆甾相液晶层经冷却固定螺距梯度、辐照（Irradiation）聚合后形成聚合物网络结构的过程（右侧结构呈现网络状），与文本中“聚合物网络结构”的描述及光聚合形成网络的工艺对应，视觉上右侧的网络状结构直观体现了该关键词的核心特征。,"{'generated_question': '图3所示工艺模拟图中，内含可光聚合单体聚合形成的聚合物网络结构的主要作用是什么？', 'generated_answer': '该聚合物网络结构的主要作用是进一步稳定液晶基元的分子排列结构，从而提高反射膜的热稳定性。', 'qa_reasoning': None}",,在制备具有宽带反射特性的胆甾相液晶（CLC）固体膜过程中，根据图3所示的工艺流程，请详细说明如何实现螺距梯度的固定以及如何进一步提升该薄膜的热稳定性，并指出相应的物理或化学变化机制。,"螺距梯度的固定与热稳定性的提升通过以下两个阶段实现：
1. 螺距梯度的固定：通过“Cooling Rolling”过程，将多层扩散后形成的具有螺距梯度的液晶体系迅速冷却至其玻璃化转变温度（Tg）以下。在此温度下，液晶基元的分子链段运动被“冻结”，从而将由分子浓度梯度形成的螺距分布固定下来，获得宽带反射固体膜。
2. 热稳定性的进一步提升：在固定好的结构中，通过“Irradiation”（辐照）诱导膜内部的可光聚合单体发生聚合反应，形成原位聚合物网络结构（如图3右下角所示的网状结构）。该网络结构能够锚定液晶基元的分子排列，从而在高温环境下维持螺距梯度的稳定性，显著提高反射膜的热可靠性。",,"{'is_qualified': False, 'issues': ['原文内容支撑不足：提供的【原文】仅为标题“试样制备模拟图”，并未包含问题和解答中涉及的核心工艺细节（如“Cooling Rolling”、“Irradiation”、“多层扩散”）以及科学原理（如“玻璃化转变温度 Tg”、“聚合物网络结构”）。', '逻辑依据缺失：解答中提到的“观察工艺流程图可以发现”、“如图3右下角所示”等描述，在给出的原文文字中均无体现，导致问题和答案脱离了背景材料，无法验证其准确性与真实性。', '虽然解答过程在科学逻辑上是自洽的，且与标准答案一致，但作为基于特定原文的问答任务，其内容属于“无中生有”，不符合质量检查中对信息来源一致性的要求。'], 'thought_process': '首先，要实现具有宽带反射特性的胆甾相液晶薄膜，核心在于如何在膜厚方向上构建并稳定一个连续变化的螺距梯度。观察工艺流程图可以发现，初始的多层体系在扩散作用下会形成螺距梯度的分布，此时为了防止分子进一步无序扩散，必须引入“Cooling Rolling”过程。从物理机制上看，这一步是通过迅速降温使液晶体系跨越其玻璃化转变温度（Tg），利用玻璃态下分子链段运动被“冻结”的特性，将由分子浓度梯度形成的螺距分布物理性地固定在固体膜中。其次，考虑到单纯的物理冻结在高温环境下可能因分子热运动剧烈而导致结构失效，因此需要进一步引入化学交联来提升系统的稳固性。然后，通过流程图中的“Irradiation”步骤，利用光辐照诱导薄膜内部的可光聚合单体发生原位聚合反应，这种化学变化会在薄膜内部构建出如图像右下角所示的交联聚合物网络结构。这一网络结构能够起到物理锚定的作用，牢牢限制液晶基元的排列方式，从而确保螺距梯度在高温挑战下依然能够保持稳定。因此，通过先物理降温固定、再光聚合增强的双重机制，最终成功实现了螺距梯度的有效固定以及薄膜热稳定性的显著提升。'}"
./images/img_in_image_box_1559_594_1983_1085.jpg,diagram,0.99,,(c) 缺陷在底面,常见的液晶显示屏组件表面缺陷光学自动检测方法包括：采用平行光作为光源，光源照射到由气浮板承载的被测玻璃基板的表面，利用 ccd 摄像机作为接收器沿着扫描路径对被测玻璃基板进行扫描，实现被测基板不同位置的反射成像，如图 1.1 所示。在 1.1(a) 中，像机 1 和像机 2 表示像机在玻璃运动过程中两个扫描时间点的相对位置。通过观察成像结果，若缺陷在玻璃上表面，缺陷及其阴影各自成像的间距较大，随着缺陷位置向玻璃下表面移动，缺陷及其阴影各自成像的间距越来越小，如图 1.1(b)；直到缺陷出现在玻璃的下表面，两个图像完全重合如图 1.1(c)。可以根据缺陷及其阴影成像间距的大小，判断缺陷在玻璃基板中出现的位置 $ ^{[6]} $ 。,['常见的液晶显示屏组件表面缺陷光学自动检测方法包括：采用平行光作为光源，光源照射到由气浮板承载的被测玻璃基板的表面，利用 ccd 摄像机作为接收器沿着扫描路径对被测玻璃基板进行扫描，实现被测基板不同位置的反射成像，如图 1.1 所示。在 1.1(a) 中，像机 1 和像机 2 表示像机在玻璃运动过程中两个扫描时间点的相对位置。通过观察成像结果，若缺陷在玻璃上表面，缺陷及其阴影各自成像的间距较大，随着缺陷位置向玻璃下表面移动，缺陷及其阴影各自成像的间距越来越小，如图 1.1(b)；直到缺陷出现在玻璃的下表面，两个图像完全重合如图 1.1(c)。可以根据缺陷及其阴影成像间距的大小，判断缺陷在玻璃基板中出现的位置 $ ^{[6]} $ 。'],"{
  ""diagrams"": [
    {
      ""id"": ""sub_diagram_1"",
      ""domain"": ""Optical System"",
      ""summary"": ""A diagram illustrating light rays passing through a glass plate and being captured by a camera, showing the resulting image."",
      ""entities"": [
        {""id"": ""e1"", ""label"": ""玻璃"", ""type"": ""Glass Plate"", ""location"": ""center""},
        {""id"": ""e2"", ""label"": ""像机"", ""type"": ""Camera"", ""location"": ""top-right""},
        {""id"": ""e3"", ""label"": ""成像结果"", ""type"": ""Image Result"", ""location"": ""bottom""},
        {""id"": ""e4"", ""label"": ""光线"", ""type"": ""Light Rays"", ""location"": ""left and center""},
        {""id"": ""e5"", ""label"": ""1"", ""type"": ""Label"", ""location"": ""top-right of camera""},
        {""id"": ""e6"", ""label"": ""2"", ""type"": ""Label"", ""location"": ""top-right of camera""}
      ],
      ""relations"": [
        {""source"": ""e4"", ""target"": ""e1"", ""type"": ""passes_through"", ""details"": ""light rays pass through the glass plate""},
        {""source"": ""e1"", ""target"": ""e2"", ""type"": ""optical_path"", ""details"": ""light rays refract and converge to the camera""},
        {""source"": ""e2"", ""target"": ""e3"", ""type"": ""captures"", ""details"": ""camera captures the image""},
        {""source"": ""e5"", ""target"": ""e2"", ""type"": ""part_of"", ""details"": ""label 1 is part of the camera""},
        {""source"": ""e6"", ""target"": ""e2"", ""type"": ""part_of"", ""details"": ""label 2 is part of the camera""}
      ]
    }
  ]
}",器件 (Devices)/类型 (Types)/OLED (有机发光二极管),0.9,有机发光二极管显示(OLED)/OLED材料科学/平板显示/气浮支承间隔处玻璃基板变形,The path explicitly identifies the research context as OLED display technology within the broader category of flat panel displays.,,,13,['玻璃基板'],图片展示了平行光照射玻璃基板、像机扫描玻璃基板上的缺陷并成像的过程，与文本中描述的液晶显示屏组件表面缺陷光学自动检测方法中对玻璃基板的检测过程（利用像机扫描玻璃基板、通过成像判断缺陷位置）对应，因此提取关键词‘玻璃基板’。,"{'generated_question': '如何根据成像结果判断缺陷在玻璃基板中的位置？', 'generated_answer': '通过观察缺陷及其阴影的成像间距来判断：若缺陷在玻璃上表面，缺陷与其阴影的成像间距较大；随着缺陷位置向玻璃下表面移动，二者成像间距逐渐减小；当缺陷位于玻璃下表面时，缺陷与其阴影的成像完全重合。因此，可依据缺陷及其阴影成像间距的大小来推断缺陷在玻璃基板中的位置。', 'qa_reasoning': None}",,在利用平行光和CCD摄像机对液晶显示屏玻璃基板进行表面缺陷检测时，成像结果中“缺陷图像”与“阴影图像”的相对间距具有重要的物理意义。请根据光学成像原理和提供的图示，分析缺陷在玻璃基板内部的垂直位置（从上表面向下表面移动）如何影响这两个成像成分的间距，并说明当两者完全重合时，缺陷处于玻璃的什么位置？,根据光学自动检测原理，成像结果中缺陷与其阴影的间距大小取决于缺陷在玻璃基板中的深度。当缺陷位于玻璃的上表面时，缺陷图像与其阴影成像的间距最大。随着缺陷位置从上表面逐渐向玻璃下表面移动，成像结果中两者之间的间距会不断减小。当观察到两个图像完全重合（如图1.1(c)所示原理）时，可以判定该缺陷位于玻璃基板的下表面。,,"{'is_qualified': True, 'issues': [], 'thought_process': '首先，我们需要从光学成像的基本原理出发，明确“缺陷图像”与“阴影图像”的来源：在平行光斜射的情况下，缺陷本身会被相机直接捕捉形成缺陷像，而由于缺陷遮挡了光路，会在玻璃基板的底部或背景上留下投影，形成阴影像。其次，分析两者的空间位置关系，光线以特定角度入射，缺陷在玻璃中的垂直高度直接决定了光线被遮挡后在底面投影的水平位移量。当缺陷位于玻璃的上表面时，由于它距离底部的投影面最远，光路产生的水平偏移量达到最大，因此在相机的二维成像结果中，缺陷与阴影之间的相对间距也最为明显。然后，随着缺陷的垂直位置从上表面逐渐向下表面移动，缺陷实体与投影面之间的距离不断缩短，这导致光线投影形成的水平位移逐渐减小，反映在成像结果中就是缺陷与其阴影的间距不断减小。因此，通过这种几何投影关系的演变可以得出结论：成像间距的大小本质上反映了缺陷的深度，当观察到缺陷图像与其阴影完全重合时，意味着缺陷已经移动到了投影面上，即该缺陷位于玻璃基板的下表面。'}"
